n_days,start,end,total_return,cagr,ann_return_arithmetic,ann_vol,sharpe,sortino,max_drawdown,calmar,avg_monthly_turnover,ann_turnover,tracking_error,beta_to_benchmark,estimator,lookback,cap,short_mode,spec,cost_bps,optimizer_failures
3622,2012-01-03,2026-05-29,4.122132718427884,0.1203659826263559,0.12354629669625683,0.1402002525588886,0.8812130822971481,1.0765332686218532,-0.32887986001807523,0.3659876972087637,0.18485427382609043,2.224988106494268,0.07296822784343199,0.7604334259485156,sample,126,0.2,long_only,sample_lb126_cap20_long_only,0,0
3622,2012-01-03,2026-05-29,4.18042557288819,0.12124842805694147,0.12429278113034313,0.1398988102715519,0.8884477351099946,1.080381093191265,-0.3369876849037986,0.35980076865881555,0.23254396168612249,2.7990023615870223,0.07632374617240867,0.7497959247538589,sample,126,0.2,limited_short,sample_lb126_cap20_limited_short,0,0
3622,2012-01-03,2026-05-29,3.2218278791245742,0.10539904914162457,0.10924130184795525,0.1341108986718539,0.8145594648146364,1.0112663231880572,-0.3057532842114159,0.34471927068081937,0.20597571813993423,2.479215187197287,0.0875243552223855,0.6876276652916444,sample,126,0.35,long_only,sample_lb126_cap35_long_only,0,0
3622,2012-01-03,2026-05-29,3.422026535237592,0.10896793537396388,0.11236725400716406,0.13336145245818537,0.8425767111556925,1.0473378466723093,-0.3099609189586372,0.35155378858747394,0.3207082974249309,3.860187447415043,0.09066264543894115,0.6738233128619988,sample,126,0.35,limited_short,sample_lb126_cap35_limited_short,0,2
3622,2012-01-03,2026-05-29,2.9024381832185098,0.0993654858255173,0.10354271110564663,0.13244453748778104,0.7817816655156441,0.9713574432401202,-0.29647949548150754,0.33515129153919876,0.2310016035060202,2.780437853795819,0.09285177043752495,0.6620941994124033,sample,126,0.5,long_only,sample_lb126_cap50_long_only,0,0
3622,2012-01-03,2026-05-29,3.634315838983648,0.11259173801421762,0.1158973656470164,0.1353580912695488,0.8562278365481765,1.0624087920236402,-0.2949924465064382,0.3816766813782139,0.41214860698134265,4.960803608492163,0.09356618297063377,0.67385276119365,sample,126,0.5,limited_short,sample_lb126_cap50_limited_short,0,11
3622,2012-01-03,2026-05-29,4.291810759843412,0.12290919906592013,0.12588675528197005,0.14066733660009134,0.894925277783985,1.0831655608928146,-0.34134872920032777,0.36006930318404157,0.11347207202252446,1.365800235199883,0.07387655877938483,0.7603935408129012,sample,252,0.2,long_only,sample_lb252_cap20_long_only,0,0
3622,2012-01-03,2026-05-29,4.054562694524878,0.11933132879350294,0.12261754967353214,0.14012053316101328,0.8750862340256131,1.0574613149127163,-0.3449098355932746,0.34597832963575187,0.14420466325199063,1.7357113470827674,0.07727959092025044,0.7482561524312279,sample,252,0.2,limited_short,sample_lb252_cap20_limited_short,0,0
3622,2012-01-03,2026-05-29,3.627161279357952,0.11247214733983091,0.1158004691433853,0.13540329603497395,0.8552263684443449,1.0524902311498956,-0.325548170364534,0.3454854229833015,0.11555498878726408,1.3908711460987202,0.0882741174867103,0.6915620811828856,sample,252,0.35,long_only,sample_lb252_cap35_long_only,0,0
3622,2012-01-03,2026-05-29,3.98437819923938,0.11824292542640702,0.12098117231637198,0.13543632781219966,0.8932697325058042,1.0993216461696058,-0.3262436662756327,0.36243745902029983,0.23532604438443339,2.8324887440595687,0.0904736224191725,0.6845802963740002,sample,252,0.35,limited_short,sample_lb252_cap35_limited_short,0,4
3622,2012-01-03,2026-05-29,3.077017713461883,0.10271803299699545,0.106907124238377,0.13479692889975553,0.7930976255243964,0.974846135302045,-0.33050266082845803,0.3107933616616465,0.12853710462783144,1.54712965581307,0.09400672024807971,0.6695963174311368,sample,252,0.5,long_only,sample_lb252_cap50_long_only,0,0
3622,2012-01-03,2026-05-29,3.3361196709301035,0.1074552997416025,0.11208985149198776,0.14127230692333242,0.7934311680265702,0.9793314879613487,-0.3294256698472513,0.3261898193647981,0.32503662261346583,3.9122850909598714,0.09359868910784659,0.7034721829546082,sample,252,0.5,limited_short,sample_lb252_cap50_limited_short,0,20
3622,2012-01-03,2026-05-29,4.17003026352636,0.12109174152112745,0.1245995243183265,0.14300141599128832,0.8713167170730473,1.043746977817988,-0.3581128645581546,0.3381384851128774,0.06697805323548106,0.8061775838912293,0.07219636516913906,0.7768850914809751,sample,504,0.2,long_only,sample_lb504_cap20_long_only,0,0
3622,2012-01-03,2026-05-29,3.8274058694354727,0.1157560898528136,0.11980252274882564,0.14282113589682058,0.8388290850408553,1.005720791113354,-0.3587012793096317,0.32270888488494265,0.09094500310098833,1.0946544326865508,0.07547062916304613,0.7671626634619008,sample,504,0.2,limited_short,sample_lb504_cap20_limited_short,0,0
3622,2012-01-03,2026-05-29,3.320949705511251,0.10718529618393324,0.11147160772932323,0.1385060526076703,0.8048139819930878,0.9750222524138614,-0.35635522905857064,0.3007821618532115,0.06835790512323438,0.8227860938024643,0.08624358013250535,0.7134452462891243,sample,504,0.35,long_only,sample_lb504_cap35_long_only,0,0
3622,2012-01-03,2026-05-29,3.492893662914951,0.1101953119213126,0.11421471711189246,0.1386983626907991,0.8234755976644934,1.0019861327553732,-0.3567863744156653,0.30885515766062366,0.19776254917568367,2.3803578392775,0.08873151424430095,0.7065033107396661,sample,504,0.35,limited_short,sample_lb504_cap35_limited_short,0,5
3622,2012-01-03,2026-05-29,2.846689502963585,0.09826547720091572,0.10321147158003607,0.1373089706285257,0.7516731871748085,0.9118922330391871,-0.357378769210681,0.2749617091634968,0.06997642258209344,0.8422672884839716,0.09399138121371196,0.682069885163835,sample,504,0.5,long_only,sample_lb504_cap50_long_only,0,0
3622,2012-01-03,2026-05-29,3.6878491914568086,0.1134811518495642,0.1174987503855964,0.1410453508869542,0.8330565286038386,1.017435737469338,-0.35831857977334947,0.3167046261495719,0.29684355661930856,3.5729408322405787,0.09334770754368724,0.7031604715001915,sample,504,0.5,limited_short,sample_lb504_cap50_limited_short,0,23
3622,2012-01-03,2026-05-29,4.1496517558091295,0.12078372770025858,0.12392180915811697,0.14022190427134512,0.8837550010611349,1.0785389271043988,-0.3291188401624924,0.3669912291882935,0.17739981787475997,2.135262965231374,0.07249491988443962,0.7617948647600534,ledoit_wolf,126,0.2,long_only,ledoit_wolf_lb126_cap20_long_only,0,0
3622,2012-01-03,2026-05-29,4.16930403699061,0.1210807842941446,0.1241241546943924,0.13976438655804727,0.8880957284697192,1.0809770774753267,-0.3365062191652598,0.3598173745332215,0.22016851925511582,2.6500460423649996,0.07571661118973104,0.7507902057556304,ledoit_wolf,126,0.2,limited_short,ledoit_wolf_lb126_cap20_limited_short,0,0
3622,2012-01-03,2026-05-29,3.2995037916242893,0.10680208112109746,0.11054186724948806,0.1343216466301091,0.8229639080727988,1.0153500838197154,-0.3125211159165745,0.3417435676557855,0.20033264009175736,2.4112925945445203,0.08604621726705665,0.6933178477405696,ledoit_wolf,126,0.35,long_only,ledoit_wolf_lb126_cap35_long_only,0,0
3622,2012-01-03,2026-05-29,3.5297269864752154,0.11082614645550226,0.11404914263160774,0.13340125226306387,0.8549330736918852,1.0575673350516672,-0.3130790905626435,0.35398769766557514,0.29101547235540803,3.502791422641184,0.08952261000705333,0.6777490481925738,ledoit_wolf,126,0.35,limited_short,ledoit_wolf_lb126_cap35_limited_short,0,2
3622,2012-01-03,2026-05-29,3.0204386471588878,0.10164639110637386,0.10575069163426988,0.1334190392028025,0.7926206954130769,0.9744976684517049,-0.31300829711389344,0.32474024504656523,0.2246332549661227,2.703785583518245,0.08990871355387925,0.6765763657155318,ledoit_wolf,126,0.5,long_only,ledoit_wolf_lb126_cap50_long_only,0,0
3622,2012-01-03,2026-05-29,3.287543463827924,0.10658758991915995,0.1104576227496324,0.13515307772956348,0.817277894112439,1.0088363566056957,-0.3128040161652803,0.3407487896921403,0.35102664026762764,4.2251124818077015,0.09204866960395057,0.6779634832475774,ledoit_wolf,126,0.5,limited_short,ledoit_wolf_lb126_cap50_limited_short,0,5
3622,2012-01-03,2026-05-29,4.241098894233604,0.12215715057594179,0.12524246048080057,0.14085027871585504,0.8891885882132973,1.0748492723788814,-0.34326940909239856,0.35586378319852113,0.11186547416521857,1.3464625101344199,0.0734338443846936,0.7625145125237868,ledoit_wolf,252,0.2,long_only,ledoit_wolf_lb252_cap20_long_only,0,0
3622,2012-01-03,2026-05-29,4.012405222401888,0.1186792611725287,0.12204081231536393,0.1401604289803479,0.8707223087371934,1.0516202319199093,-0.3462343568894197,0.34277147490141324,0.14060053784125687,1.6923304935746644,0.07672806936821913,0.7500028348069356,ledoit_wolf,252,0.2,limited_short,ledoit_wolf_lb252_cap20_limited_short,0,0
3622,2012-01-03,2026-05-29,3.684260907241957,0.11342183161415664,0.1166833850063047,0.135602371614683,0.8604818899323016,1.054679105711683,-0.33076472007752944,0.3429078880830192,0.11467536316528225,1.3802835815995704,0.08736959832867912,0.6954294675943867,ledoit_wolf,252,0.35,long_only,ledoit_wolf_lb252_cap35_long_only,0,0
3622,2012-01-03,2026-05-29,3.610618776187634,0.11219497416149005,0.11550194077882167,0.13501915483596086,0.8554485540895935,1.0477364829428737,-0.3327481208314269,0.3371768828660914,0.1734811141983336,2.0880957080592353,0.09077951052790195,0.6815225323095759,ledoit_wolf,252,0.35,limited_short,ledoit_wolf_lb252_cap35_limited_short,0,0
3622,2012-01-03,2026-05-29,3.2121818063832173,0.1052231420914782,0.10915492631555972,0.1346156643219185,0.8108634820872538,0.9940938487321775,-0.3315525207661557,0.31736492863431487,0.12668438639640994,1.524829516658721,0.09212364596535845,0.6750780601494483,ledoit_wolf,252,0.5,long_only,ledoit_wolf_lb252_cap50_long_only,0,0
3622,2012-01-03,2026-05-29,3.9010758254751403,0.11693243249582475,0.12007219897934651,0.13739214191991714,0.8739378926731777,1.0802605834861014,-0.3340768299098582,0.35001658908034977,0.33911131701164604,4.081694361247853,0.0943689051215172,0.6811928555788866,ledoit_wolf,252,0.5,limited_short,ledoit_wolf_lb252_cap50_limited_short,0,11
3622,2012-01-03,2026-05-29,4.136221505593954,0.12058011369965582,0.12413263793739092,0.1429268959719847,0.868504399351976,1.03996143379947,-0.358252661849468,0.33657841668828026,0.06504765671822015,0.782942474402961,0.07203060691495622,0.776932327718625,ledoit_wolf,504,0.2,long_only,ledoit_wolf_lb504_cap20_long_only,0,0
3622,2012-01-03,2026-05-29,3.81696440939462,0.11558801367318616,0.11965617996690871,0.14285201627753313,0.8376233187667473,1.0045749578087613,-0.35930321128150333,0.32170047481881925,0.08859947503498336,1.0664226155784469,0.07528327098199727,0.7678362309895969,ledoit_wolf,504,0.2,limited_short,ledoit_wolf_lb504_cap20_limited_short,0,0
3622,2012-01-03,2026-05-29,3.324579147313247,0.10724997519676371,0.11152975540264592,0.13850124160492697,0.8052617731816668,0.9747411273512246,-0.3572210789815419,0.3002341729176219,0.06696920237658663,0.8060710510242051,0.08604583223605838,0.7140401393328084,ledoit_wolf,504,0.35,long_only,ledoit_wolf_lb504_cap35_long_only,0,0
3622,2012-01-03,2026-05-29,3.0791003515960433,0.10275721481695066,0.1074648080144219,0.13851075377333422,0.7758589502031198,0.9425701448032109,-0.3577180866633427,0.28725753225236833,0.16945815817103393,2.0396736233087784,0.08821838517913509,0.7072082166340645,ledoit_wolf,504,0.35,limited_short,ledoit_wolf_lb504_cap35_limited_short,0,3
3622,2012-01-03,2026-05-29,2.8801325196512355,0.09892712589321362,0.10382182049107458,0.13735903263737637,0.7558426883011109,0.9158075561300844,-0.3578354317148026,0.27645983914767625,0.07025239397475609,0.8455890026845573,0.09281573274968988,0.6863106328883052,ledoit_wolf,504,0.5,long_only,ledoit_wolf_lb504_cap50_long_only,0,0
3622,2012-01-03,2026-05-29,3.2021275380601963,0.10503939174808341,0.10960522711311338,0.139045823735279,0.7882669480371033,0.9603521015089824,-0.359016137730628,0.2925756831212281,0.3211505495186599,3.865510589954582,0.09328174048177808,0.6932070860607588,ledoit_wolf,504,0.5,limited_short,ledoit_wolf_lb504_cap50_limited_short,0,16
3622,2012-01-03,2026-05-29,4.123952305324463,0.1203936687542213,0.12464749846871744,0.14764177752050475,0.8442562841090571,1.0207427194583003,-0.35119730106412017,0.3428092083550503,0.06045177165579584,0.7276243614318264,0.05648920022177609,0.838123544336404,diagonal,126,0.2,long_only,diagonal_lb126_cap20_long_only,0,0
3622,2012-01-03,2026-05-29,4.123952305324466,0.12039366875422153,0.12464749846871744,0.14764177752050475,0.8442562841090571,1.0207427194583,-0.35119730106412017,0.34280920835505097,0.06045177165579585,0.7276243614318266,0.05648920022177608,0.8381235443364045,diagonal,126,0.2,limited_short,diagonal_lb126_cap20_limited_short,0,0
3622,2012-01-03,2026-05-29,4.079028993904665,0.11970744273589573,0.12401539264052766,0.14751203162102977,0.8407137457040328,1.0163329941732557,-0.3511973010641205,0.34085524681762835,0.06307656680279583,0.7592175611084171,0.056711507656490925,0.8369703565222177,diagonal,126,0.35,long_only,diagonal_lb126_cap35_long_only,0,0
3622,2012-01-03,2026-05-29,4.079028993904665,0.11970744273589573,0.12401539264052763,0.14751203162102977,0.8407137457040326,1.0163329941732553,-0.3511973010641205,0.34085524681762835,0.06307656680279586,0.7592175611084174,0.056711507656490925,0.8369703565222177,diagonal,126,0.35,limited_short,diagonal_lb126_cap35_limited_short,0,0
3622,2012-01-03,2026-05-29,4.079028993904665,0.11970744273589573,0.12401539264052766,0.14751203162102977,0.8407137457040328,1.0163329941732557,-0.3511973010641205,0.34085524681762835,0.06307656680279583,0.7592175611084171,0.056711507656490925,0.8369703565222177,diagonal,126,0.5,long_only,diagonal_lb126_cap50_long_only,0,0
3622,2012-01-03,2026-05-29,4.079028993904665,0.11970744273589573,0.12401539264052763,0.14751203162102977,0.8407137457040326,1.0163329941732553,-0.3511973010641205,0.34085524681762835,0.06307656680279586,0.7592175611084174,0.056711507656490925,0.8369703565222177,diagonal,126,0.5,limited_short,diagonal_lb126_cap50_limited_short,0,0
3622,2012-01-03,2026-05-29,4.218433710679616,0.12181883815786243,0.12598233699181816,0.14805475496345377,0.8509171962961675,1.0257228170012278,-0.35542992519002437,0.3427365832877863,0.0369091851231541,0.44425533810851087,0.05657136684148507,0.8401737974481113,diagonal,252,0.2,long_only,diagonal_lb252_cap20_long_only,0,0
3622,2012-01-03,2026-05-29,4.218433710679611,0.12181883815786243,0.12598233699181818,0.14805475496345377,0.8509171962961677,1.025722817001228,-0.35542992519002437,0.3427365832877863,0.03690918512315406,0.44425533810851037,0.05657136684148507,0.8401737974481113,diagonal,252,0.2,limited_short,diagonal_lb252_cap20_limited_short,0,0
3622,2012-01-03,2026-05-29,4.200985517274372,0.12155746464125738,0.12574093739947584,0.14799884696058274,0.8496075475031577,1.024083584483077,-0.35542992519002437,0.34200121043907267,0.037722997801361006,0.454050748798491,0.056664498921894596,0.8396813846956847,diagonal,252,0.35,long_only,diagonal_lb252_cap35_long_only,0,0
3622,2012-01-03,2026-05-29,4.200985517274382,0.12155746464125738,0.12574093739947584,0.14799884696058274,0.8496075475031577,1.024083584483077,-0.35542992519002437,0.34200121043907267,0.037722997801361,0.45405074879849094,0.05666449892189459,0.8396813846956847,diagonal,252,0.35,limited_short,diagonal_lb252_cap35_limited_short,0,0
3622,2012-01-03,2026-05-29,4.200985517274372,0.12155746464125738,0.12574093739947584,0.14799884696058274,0.8496075475031577,1.024083584483077,-0.35542992519002437,0.34200121043907267,0.037722997801361006,0.454050748798491,0.056664498921894596,0.8396813846956847,diagonal,252,0.5,long_only,diagonal_lb252_cap50_long_only,0,0
3622,2012-01-03,2026-05-29,4.200985517274382,0.12155746464125738,0.12574093739947584,0.14799884696058274,0.8496075475031577,1.024083584483077,-0.35542992519002437,0.34200121043907267,0.037722997801361,0.45405074879849094,0.05666449892189459,0.8396813846956847,diagonal,252,0.5,limited_short,diagonal_lb252_cap50_limited_short,0,0
3622,2012-01-03,2026-05-29,4.153549076591799,0.12084272190429113,0.125245200365499,0.14894424445351534,0.8408864728209576,1.0136584989319826,-0.35983066105187733,0.335832198265253,0.02700011208704421,0.32498533587707873,0.05558411303795973,0.8469864609455376,diagonal,504,0.2,long_only,diagonal_lb504_cap20_long_only,0,0
3622,2012-01-03,2026-05-29,4.153549076591802,0.12084272190429113,0.12524520036549897,0.14894424445351534,0.8408864728209574,1.0136584989319823,-0.35983066105187733,0.335832198265253,0.027000112087044142,0.32498533587707795,0.05558411303795973,0.8469864609455378,diagonal,504,0.2,limited_short,diagonal_lb504_cap20_limited_short,0,0
3622,2012-01-03,2026-05-29,4.156310229506917,0.12088449268472101,0.12527531498336208,0.14889598795683534,0.8413612529283137,1.0142054653020334,-0.359830661051877,0.3359482828154353,0.027323228500722118,0.32887450848080657,0.055671720510956514,0.8465481653761425,diagonal,504,0.35,long_only,diagonal_lb504_cap35_long_only,0,0
3622,2012-01-03,2026-05-29,4.156310229506919,0.12088449268472123,0.12527531498336206,0.14889598795683537,0.8413612529283132,1.0142054653020331,-0.35983066105187733,0.3359482828154356,0.02732322850072213,0.32887450848080674,0.055671720510956514,0.8465481653761425,diagonal,504,0.35,limited_short,diagonal_lb504_cap35_limited_short,0,0
3622,2012-01-03,2026-05-29,4.156310229506917,0.12088449268472101,0.12527531498336208,0.14889598795683534,0.8413612529283137,1.0142054653020334,-0.359830661051877,0.3359482828154353,0.027323228500722118,0.32887450848080657,0.055671720510956514,0.8465481653761425,diagonal,504,0.5,long_only,diagonal_lb504_cap50_long_only,0,0
3622,2012-01-03,2026-05-29,4.156310229506919,0.12088449268472123,0.12527531498336206,0.14889598795683537,0.8413612529283132,1.0142054653020331,-0.35983066105187733,0.3359482828154356,0.02732322850072213,0.32887450848080674,0.055671720510956514,0.8465481653761425,diagonal,504,0.5,limited_short,diagonal_lb504_cap50_limited_short,0,0
3622,2012-01-03,2026-05-29,4.1139281751037275,0.12024103171432965,0.12337230127858922,0.13976212521793607,0.8827305758710409,1.0766133863141836,-0.329094285426759,0.36536955224976,0.20868144936901553,2.5117825694896743,0.07305190162937517,0.7579824661945515,ewma_63,126,0.2,long_only,ewma_63_lb126_cap20_long_only,0,0
3622,2012-01-03,2026-05-29,4.278238092540747,0.12270857807131264,0.12547908344063677,0.13908450774607378,0.9021787219445289,1.0983595268078588,-0.33149187026245575,0.3701707012427159,0.25973971931093265,3.126342574014197,0.07635766744833972,0.7455736024873264,ewma_63,126,0.2,limited_short,ewma_63_lb126_cap20_limited_short,0,0
3622,2012-01-03,2026-05-29,3.206783287386469,0.10512453034064495,0.10889309857302747,0.13336300643393498,0.8165165249702935,1.0138514023153178,-0.3041070086183525,0.34568269510872696,0.23045255275969206,2.773829235259949,0.08703546639501729,0.6855433379474044,ewma_63,126,0.35,long_only,ewma_63_lb126_cap35_long_only,0,0
3622,2012-01-03,2026-05-29,3.4327967663826024,0.10915564354198937,0.11258023689340804,0.13371180323553777,0.8419618475647527,1.0498138975696454,-0.2953139964138751,0.36962570303986025,0.377625327500861,4.545266089930297,0.08959785485383735,0.6790115205975874,ewma_63,126,0.35,limited_short,ewma_63_lb126_cap35_limited_short,0,6
3622,2012-01-03,2026-05-29,2.827162483610567,0.09787666846656173,0.10209241873050642,0.13172598835765995,0.7750362703926501,0.9633292140840224,-0.29356386301705517,0.33340843610875703,0.26052686542606285,3.135817014112268,0.09261700589968465,0.6594360671427628,ewma_63,126,0.5,long_only,ewma_63_lb126_cap50_long_only,0,0
3622,2012-01-03,2026-05-29,3.7214542827529318,0.11403465784734812,0.11727250154784426,0.13595852718725795,0.86256084097118,1.0772935098389682,-0.28457507577578633,0.40071906345443553,0.4476204233639923,5.387758138314911,0.09260892443456854,0.6800516280310824,ewma_63,126,0.5,limited_short,ewma_63_lb126_cap50_limited_short,0,11
3622,2012-01-03,2026-05-29,4.2842634233096675,0.1227976991683788,0.12563430412597082,0.13961318066909228,0.8998742348241899,1.095679532471205,-0.3303285892585718,0.37174408501547007,0.1605969206569198,1.9330158346104571,0.0735868064065954,0.7558009586371295,ewma_63,252,0.2,long_only,ewma_63_lb252_cap20_long_only,0,0
3622,2012-01-03,2026-05-29,4.266819904266119,0.12253943087218144,0.12530460991292297,0.13890449737847135,0.9020918132802215,1.0957148632994864,-0.3330743525500053,0.3679041329181426,0.2117540155786485,2.5487653404656987,0.07715795238433511,0.7424317531427901,ewma_63,252,0.2,limited_short,ewma_63_lb252_cap20_limited_short,0,0
3622,2012-01-03,2026-05-29,3.4618300031327225,0.10965954136894052,0.11303318059129652,0.13370401766369747,0.8453985345123001,1.0508880228291837,-0.30677584001344893,0.35745820584871707,0.1748096644139827,2.1040867282694617,0.08785881056881706,0.6845815903365287,ewma_63,252,0.35,long_only,ewma_63_lb252_cap35_long_only,0,0
3622,2012-01-03,2026-05-29,3.71856674481701,0.11398724169599839,0.11699691254620635,0.13419914422033197,0.8718156380648562,1.079187936182996,-0.30179631916823246,0.37769593085215086,0.29873402837609536,3.5956953895870387,0.09103949390910154,0.6766519168910069,ewma_63,252,0.35,limited_short,ewma_63_lb252_cap35_limited_short,0,3
3622,2012-01-03,2026-05-29,2.9310499940841215,0.09992437621574601,0.10404020112871448,0.13236132653595184,0.7860317197746972,0.9745084344670104,-0.3021225410108799,0.33074121474487267,0.19899399278041285,2.3951800412078628,0.09341042919819886,0.6598028873426793,ewma_63,252,0.5,long_only,ewma_63_lb252_cap50_long_only,0,0
3622,2012-01-03,2026-05-29,3.458184225626785,0.10959643341054237,0.1127815570759401,0.13223752726911367,0.8528710374810688,1.0650513832630344,-0.2956983314739925,0.3706359547726487,0.4120124677091002,4.95916497577193,0.09513927208223256,0.6532841244375152,ewma_63,252,0.5,limited_short,ewma_63_lb252_cap50_limited_short,0,10
3622,2012-01-03,2026-05-29,4.207524174695437,0.121655509018606,0.12461426386295532,0.1395970381731655,0.8926712593169454,1.0860140126122937,-0.33046410595382236,0.3681353188645717,0.14902077827623134,1.7936802456462124,0.07337807982316104,0.7562764838315433,ewma_63,504,0.2,long_only,ewma_63_lb504_cap20_long_only,0,0
3622,2012-01-03,2026-05-29,4.126061728931091,0.12042575347785989,0.12343901230199594,0.1390437824048946,0.8877708169829727,1.0780732888884543,-0.3333697187501721,0.3612378290666141,0.20092338903384693,2.41840311107664,0.07710386573867466,0.7432868725126653,ewma_63,504,0.2,limited_short,ewma_63_lb504_cap20_limited_short,0,0
3622,2012-01-03,2026-05-29,3.481901978727742,0.11000612793849984,0.11336409144861202,0.13384381704287013,0.8469878844855534,1.0516296961137264,-0.30791357596485847,0.35726300015772805,0.15811051301618936,1.9030883283969606,0.08787616221437698,0.6852058588709143,ewma_63,504,0.35,long_only,ewma_63_lb504_cap35_long_only,0,0
3622,2012-01-03,2026-05-29,3.5171789498633474,0.11061177732024996,0.11375100038270168,0.13264919398181385,0.8575325410442894,1.0674247036202222,-0.30304649634838154,0.36499936033938146,0.25976999818515506,3.1267070239867527,0.0910261208534309,0.6691802816784929,ewma_63,504,0.35,limited_short,ewma_63_lb504_cap35_limited_short,0,2
3622,2012-01-03,2026-05-29,2.9440225284931043,0.10017652992142945,0.10428629471531227,0.1324905800834537,0.787122334656728,0.9750912455985193,-0.30334026005238224,0.33024475519382257,0.1795632784857524,2.1613033376214417,0.09347122342275052,0.6602185073382931,ewma_63,504,0.5,long_only,ewma_63_lb504_cap50_long_only,0,0
3622,2012-01-03,2026-05-29,3.1359827444335995,0.10382024127834444,0.1075650762996507,0.1322808946873989,0.8131565526060611,1.0142297086326197,-0.29838372355755616,0.3479420393328466,0.35614372332642524,4.286703965250921,0.09614454283061351,0.6499982927553832,ewma_63,504,0.5,limited_short,ewma_63_lb504_cap50_limited_short,0,7
3622,2012-01-03,2026-05-29,3.9608533704772837,0.11787491581741016,0.12132130858976257,0.14021297176108566,0.8652645120202337,1.0571176885909443,-0.32905386482946797,0.3582237694685604,0.18485427382609043,2.224988106494268,0.0729855650304525,0.760452255628219,sample,126,0.2,long_only,sample_lb126_cap20_long_only,10,0
3622,2012-01-03,2026-05-29,3.976059677560717,0.1181129800481795,0.1214937787687561,0.13991571793255617,0.8683354562588884,1.0560766400474477,-0.33723597787092663,0.3502383725303056,0.23254396168612249,2.7990023615870223,0.07635062306937165,0.7498073292903532,sample,126,0.2,limited_short,sample_lb126_cap20_limited_short,10,0
3622,2012-01-03,2026-05-29,3.074056874784783,0.10266229703664731,0.106762086660758,0.13411391072967357,0.7960552792763815,0.9882114292181975,-0.3062637522808682,0.335208774372025,0.20597571813993423,2.479215187197287,0.08753874802811816,0.6875965599127135,sample,126,0.35,long_only,sample_lb126_cap35_long_only,10,0
3622,2012-01-03,2026-05-29,3.1834014579392305,0.10469606352211391,0.10850706655974902,0.1333662217093722,0.8136023137568107,1.0111193600085533,-0.310541880664021,0.3371399158730086,0.3207082974249309,3.860187447415043,0.09070307104667157,0.6737131967985315,sample,126,0.35,limited_short,sample_lb126_cap35_limited_short,10,2
3622,2012-01-03,2026-05-29,2.749694685328262,0.09631577241353573,0.10076227325185082,0.13243125723977106,0.7608647335380762,0.9452067811719326,-0.2972368079046488,0.32403716448345476,0.2310016035060202,2.780437853795819,0.09286536033927907,0.6619844146973478,sample,126,0.5,long_only,sample_lb126_cap50_long_only,10,0
3622,2012-01-03,2026-05-29,3.3153633744877835,0.10708564528869369,0.11093656203852423,0.1353723682685988,0.8194919203777958,1.0162677726081895,-0.29579602831998,0.3620252979625975,0.41214860698134265,4.960803608492163,0.09360646702839072,0.6737859825196834,sample,126,0.5,limited_short,sample_lb126_cap50_limited_short,10,11
3622,2012-01-03,2026-05-29,4.188742962719675,0.12137358397545017,0.12452095504677016,0.1406900434457512,0.8850729731616319,1.0711718285749243,-0.34142102313052924,0.3554953437329711,0.11347207202252446,1.365800235199883,0.07389575108115401,0.7604580987588758,sample,252,0.2,long_only,sample_lb252_cap20_long_only,10,0
3622,2012-01-03,2026-05-29,3.9298247526680337,0.11738702988202387,0.12088183832644939,0.14014517057146098,0.862547298872571,1.0422540745928757,-0.34502081614842006,0.34023173208055557,0.14420466325199063,1.7357113470827674,0.0773057583004411,0.7483081224147505,sample,252,0.2,limited_short,sample_lb252_cap20_limited_short,10,0
3622,2012-01-03,2026-05-29,3.5355011821715587,0.11092460655002778,0.1144095979972866,0.1354151829081006,0.8448801348585159,1.0395877758649095,-0.3257888473678272,0.34048006077012805,0.11555498878726408,1.3908711460987202,0.08827980429839342,0.6916023345171465,sample,252,0.35,long_only,sample_lb252_cap35_long_only,10,0
3622,2012-01-03,2026-05-29,3.7853726888860226,0.11507740942943712,0.11814868357231242,0.13546133510721386,0.8721948848267371,1.0734030602092937,-0.3265156358328525,0.3524407311640865,0.23532604438443339,2.8324887440595687,0.09050305698989149,0.6846065990652364,sample,252,0.35,limited_short,sample_lb252_cap35_limited_short,10,4
3622,2012-01-03,2026-05-29,2.9872929417547076,0.1010120549296234,0.10535999458256391,0.1348087024594853,0.7815518780341962,0.9603916432794567,-0.33072166621107424,0.3054292030119223,0.12853710462783144,1.54712965581307,0.0940090196180934,0.6696461426477571,sample,252,0.5,long_only,sample_lb252_cap50_long_only,10,0
3622,2012-01-03,2026-05-29,3.099091239847545,0.1031323705060394,0.10817756640102792,0.14127247916765767,0.765737014303021,0.9448173448052659,-0.3296799121403572,0.31282576434967035,0.32503662261346583,3.9122850909598714,0.09368756539146733,0.7031705924207718,sample,252,0.5,limited_short,sample_lb252_cap50_limited_short,10,20
3622,2012-01-03,2026-05-29,4.110325473406651,0.12018610550520448,0.12379334673443529,0.14301701008748288,0.8655847766549689,1.0369711012638259,-0.3581541083029588,0.3355709252496981,0.06697805323548106,0.8061775838912293,0.07220578157380246,0.7769414321822798,sample,504,0.2,long_only,sample_lb504_cap20_long_only,10,0
3622,2012-01-03,2026-05-29,3.751891180090361,0.11453282647722518,0.11870786831613908,0.14283963849668346,0.8310569080507392,0.9962025078241021,-0.3587460259663343,0.31925880201380474,0.09094500310098833,1.0946544326865508,0.07548445216777118,0.7672207916197643,sample,504,0.2,limited_short,sample_lb504_cap20_limited_short,10,0
3622,2012-01-03,2026-05-29,3.270010148612937,0.10627214684363318,0.11064882163552077,0.1385241344616548,0.7987692690918762,0.9676665756043494,-0.3564443845226686,0.2981451004928783,0.06835790512323438,0.8227860938024643,0.08623994454288371,0.713547667886655,sample,504,0.35,long_only,sample_lb504_cap35_long_only,10,0
3622,2012-01-03,2026-05-29,3.3418189086610663,0.10755651090202045,0.11183435927261495,0.13869942619834424,0.806307295840493,0.9808160244577638,-0.35688874648230506,0.3013726601417319,0.19776254917568367,2.3803578392775,0.08873793739835538,0.7064879574185449,sample,504,0.35,limited_short,sample_lb504_cap35_limited_short,10,5
3622,2012-01-03,2026-05-29,2.8002344065638853,0.09733745618603162,0.10236920429155213,0.13733278534097856,0.7454098017263932,0.9041572088728763,-0.35746304647836047,0.2723007514901938,0.06997642258209344,0.8422672884839716,0.09398567276156457,0.6822082373512462,sample,504,0.5,long_only,sample_lb504_cap50_long_only,10,0
3622,2012-01-03,2026-05-29,3.4530660529621935,0.10950775740382679,0.11392580955335581,0.14106714880717153,0.8075998594760291,0.9860403584965415,-0.35843858832370545,0.30551330401103594,0.29684355661930856,3.5729408322405787,0.09339341462434757,0.7031171149745564,sample,504,0.5,limited_short,sample_lb504_cap50_limited_short,10,23
3622,2012-01-03,2026-05-29,3.9939415243775267,0.11839206704370753,0.12178654619288558,0.14023438850700837,0.8684499393442228,1.0600544212639478,-0.32931057888126114,0.3595149218889683,0.17739981787475997,2.135262965231374,0.07251206267274081,0.7618133174507181,ledoit_wolf,126,0.2,long_only,ledoit_wolf_lb126_cap20_long_only,10,0
3622,2012-01-03,2026-05-29,3.976017697531458,0.11811232375688241,0.1214741086520274,0.13978100659334988,0.8690315774117954,1.0577247782153643,-0.3367500346849871,0.35074183100640394,0.22016851925511582,2.6500460423649996,0.07573931389174716,0.7508121499203478,ledoit_wolf,126,0.2,limited_short,ledoit_wolf_lb126_cap20_limited_short,10,0
3622,2012-01-03,2026-05-29,3.153043385480223,0.1041364217820262,0.10813057465494354,0.13432750512147376,0.8049771679832805,0.993073911591759,-0.3129907467830261,0.33271405896934225,0.20033264009175736,2.4112925945445203,0.08606083400456573,0.6933007341938717,ledoit_wolf,126,0.35,long_only,ledoit_wolf_lb126_cap35_long_only,10,0
3622,2012-01-03,2026-05-29,3.3074768927621276,0.1069447589911765,0.11054635120896655,0.13339093098453023,0.8287396331448273,1.0247434571636338,-0.31360138493091017,0.3410213223858613,0.29101547235540803,3.502791422641184,0.08955578956132906,0.6775910376711957,ledoit_wolf,126,0.35,limited_short,ledoit_wolf_lb126_cap35_limited_short,10,2
3622,2012-01-03,2026-05-29,2.867263577875897,0.09867315247207009,0.10304690605075165,0.1334158622736685,0.7723737214948047,0.9494255228256894,-0.3135156600964266,0.31473117624083474,0.2246332549661227,2.703785583518245,0.08991848605209068,0.6765290268293461,ledoit_wolf,126,0.5,long_only,ledoit_wolf_lb126_cap50_long_only,10,0
3622,2012-01-03,2026-05-29,3.0347015469224043,0.10191785557285948,0.1062325102678247,0.1351902513398412,0.7858000796283562,0.9698645605566454,-0.31336069170961545,0.32524135371549584,0.35102664026762764,4.2251124818077015,0.09210278172648412,0.6779650244266109,ledoit_wolf,126,0.5,limited_short,ledoit_wolf_lb126_cap50_limited_short,10,5
3622,2012-01-03,2026-05-29,4.140464859065868,0.12064450002063976,0.12389599797066617,0.14087117983198233,0.8794985469592679,1.0631708139117548,-0.3433418904548533,0.3513829898845493,0.11186547416521857,1.3464625101344199,0.07345254552710691,0.7625715964477973,ledoit_wolf,252,0.2,long_only,ledoit_wolf_lb252_cap20_long_only,10,0
3622,2012-01-03,2026-05-29,3.891788040787027,0.11678503744986002,0.12034848182178925,0.14018173207189907,0.8585175831617108,1.0369339366484123,-0.34635896487149787,0.3371791964246927,0.14060053784125687,1.6923304935746644,0.0767538396895089,0.7500394850513009,ledoit_wolf,252,0.2,limited_short,ledoit_wolf_lb252_cap20_limited_short,10,0
3622,2012-01-03,2026-05-29,3.592149343846848,0.11188441951633865,0.11530310142470512,0.13561644715672896,0.8502147331101505,1.0420494348121347,-0.3309679620733148,0.3380521148193626,0.11467536316528225,1.3802835815995704,0.08737533150676838,0.6954806340309646,ledoit_wolf,252,0.35,long_only,ledoit_wolf_lb252_cap35_long_only,10,0
3622,2012-01-03,2026-05-29,3.4741974881778708,0.1098732641598894,0.11341384507076242,0.1350360221160309,0.8398784509018681,1.0283642602775425,-0.3329928204500261,0.32995685616104337,0.1734811141983336,2.0880957080592353,0.09079150294516197,0.6815657379217359,ledoit_wolf,252,0.35,limited_short,ledoit_wolf_lb252_cap35_limited_short,10,0
3622,2012-01-03,2026-05-29,3.1208067707764915,0.103537967362624,0.10763009679890104,0.13462705635866298,0.7994685445112999,0.9800714396602772,-0.33176802198566335,0.3120794063964916,0.12668438639640994,1.524829516658721,0.09212565934519264,0.6751270559855627,ledoit_wolf,252,0.5,long_only,ledoit_wolf_lb252_cap50_long_only,10,0
3622,2012-01-03,2026-05-29,3.621659858305608,0.11238007232035141,0.11599050461809868,0.13741976823940705,0.8440598183517878,1.0433519537592553,-0.3343217147722942,0.33614350296358475,0.33911131701164604,4.081694361247853,0.09444616823504999,0.6810657185370615,ledoit_wolf,252,0.5,limited_short,ledoit_wolf_lb252_cap50_limited_short,10,11
3622,2012-01-03,2026-05-29,4.078610999295748,0.11970103118231057,0.12334969546298792,0.14294167342827938,0.8629372561870723,1.0332727460210067,-0.3582856592382303,0.3340938385220696,0.06504765671822015,0.782942474402961,0.0720389619566525,0.7769872192789867,ledoit_wolf,504,0.2,long_only,ledoit_wolf_lb504_cap20_long_only,10,0
3622,2012-01-03,2026-05-29,3.743545626210082,0.11439652871435513,0.11858975735133029,0.14286958073573797,0.830056032506196,0.9952848119333711,-0.359354418386545,0.31833900701146456,0.08859947503498336,1.0664226155784469,0.07529576515214065,0.7678932392340757,ledoit_wolf,504,0.2,limited_short,ledoit_wolf_lb504_cap20_limited_short,10,0
3622,2012-01-03,2026-05-29,3.274605607572079,0.10635494043384375,0.1107236843516217,0.13852140459965778,0.7993254520601019,0.9673041477373953,-0.3572914907941125,0.2976699506541852,0.06696920237658663,0.8060710510242051,0.08604293607451995,0.7141506965162,ledoit_wolf,504,0.35,long_only,ledoit_wolf_lb504_cap35_long_only,10,0
3622,2012-01-03,2026-05-29,2.9610939486682404,0.10050718239359813,0.10542513439111312,0.13853517688227995,0.7609990239569113,0.9241473502966046,-0.3578103975005692,0.2808950860446649,0.16945815817103393,2.0396736233087784,0.08822881924873287,0.7072977174002305,ledoit_wolf,504,0.35,limited_short,ledoit_wolf_lb504_cap35_limited_short,10,3
3622,2012-01-03,2026-05-29,2.83310668595119,0.09799522042550546,0.10297623148839002,0.13738073307867774,0.749568219507285,0.9080674273346291,-0.35791848117845826,0.2737920101327347,0.07025239397475609,0.8455890026845573,0.09280916030517704,0.6864411423341199,ledoit_wolf,504,0.5,long_only,ledoit_wolf_lb504_cap50_long_only,10,0
3622,2012-01-03,2026-05-29,2.975040677456484,0.10077633082293502,0.10573971652315879,0.13905346471976057,0.7604248965407646,0.9265757327691103,-0.3591270542417221,0.2806147006543936,0.3211505495186599,3.865510589954582,0.09334347255669735,0.6930363474523819,ledoit_wolf,504,0.5,limited_short,ledoit_wolf_lb504_cap50_limited_short,10,16
3622,2012-01-03,2026-05-29,4.070659908179692,0.11957897705456766,0.12391987410728561,0.14764213138922372,0.839325962997649,1.0148393394640132,-0.3512919497521201,0.3403977151737904,0.06045177165579584,0.7276243614318264,0.05649613122855832,0.8381112127761337,diagonal,126,0.2,long_only,diagonal_lb126_cap20_long_only,10,0
3622,2012-01-03,2026-05-29,4.070659908179696,0.11957897705456788,0.12391987410728558,0.14764213138922372,0.8393259629976488,1.014839339464013,-0.3512919497521201,0.340397715173791,0.06045177165579585,0.7276243614318266,0.05649613122855832,0.8381112127761337,diagonal,126,0.2,limited_short,diagonal_lb126_cap20_limited_short,10,0
3622,2012-01-03,2026-05-29,4.023923053169313,0.1188579174907729,0.12325617507941924,0.14751237352421204,0.8355649911577656,1.0100565994018755,-0.3512919497521201,0.3383451216990366,0.06307656680279583,0.7592175611084171,0.056719031087418756,0.8369566819457818,diagonal,126,0.35,long_only,diagonal_lb126_cap35_long_only,10,0
3622,2012-01-03,2026-05-29,4.023923053169291,0.11885791749077246,0.12325617507941922,0.14751237352421204,0.8355649911577655,1.010056599401875,-0.3512919497521204,0.33834512169903497,0.06307656680279586,0.7592175611084174,0.056719031087418756,0.8369566819457818,diagonal,126,0.35,limited_short,diagonal_lb126_cap35_limited_short,10,0
3622,2012-01-03,2026-05-29,4.023923053169313,0.1188579174907729,0.12325617507941924,0.14751237352421204,0.8355649911577656,1.0100565994018755,-0.3512919497521201,0.3383451216990366,0.06307656680279583,0.7592175611084171,0.056719031087418756,0.8369566819457818,diagonal,126,0.5,long_only,diagonal_lb126_cap50_long_only,10,0
3622,2012-01-03,2026-05-29,4.023923053169291,0.11885791749077246,0.12325617507941922,0.14751237352421204,0.8355649911577655,1.010056599401875,-0.3512919497521204,0.33834512169903497,0.06307656680279586,0.7592175611084174,0.056719031087418756,0.8369566819457818,diagonal,126,0.5,limited_short,diagonal_lb126_cap50_limited_short,10,0
3622,2012-01-03,2026-05-29,4.185189683023602,0.12132013885631099,0.12553808165370967,0.14805845540596219,0.8478953890846436,1.0220376597225715,-0.3554590888793955,0.34130549098851143,0.0369091851231541,0.44425533810851087,0.056577660954558316,0.8401807677286263,diagonal,252,0.2,long_only,diagonal_lb252_cap20_long_only,10,0
3622,2012-01-03,2026-05-29,4.185189683023597,0.12132013885631099,0.1255380816537097,0.14805845540596216,0.8478953890846439,1.022037659722572,-0.3554590888793955,0.34130549098851143,0.03690918512315406,0.44425533810851037,0.05657766095455832,0.8401807677286263,diagonal,252,0.2,limited_short,diagonal_lb252_cap20_limited_short,10,0
3622,2012-01-03,2026-05-29,4.167126191100065,0.12104791660229752,0.12528688665067736,0.1480024797984877,0.8465188341523825,1.0203179535576565,-0.3554590888793957,0.34053965811904746,0.037722997801361006,0.454050748798491,0.05667149899497448,0.8396865084947245,diagonal,252,0.35,long_only,diagonal_lb252_cap35_long_only,10,0
3622,2012-01-03,2026-05-29,4.167126191100076,0.12104791660229774,0.12528688665067736,0.1480024797984877,0.8465188341523825,1.0203179535576565,-0.3554590888793956,0.3405396581190482,0.037722997801361,0.45405074879849094,0.05667149899497448,0.8396865084947245,diagonal,252,0.35,limited_short,diagonal_lb252_cap35_limited_short,10,0
3622,2012-01-03,2026-05-29,4.167126191100065,0.12104791660229752,0.12528688665067736,0.1480024797984877,0.8465188341523825,1.0203179535576565,-0.3554590888793957,0.34053965811904746,0.037722997801361006,0.454050748798491,0.05667149899497448,0.8396865084947245,diagonal,252,0.5,long_only,diagonal_lb252_cap50_long_only,10,0
3622,2012-01-03,2026-05-29,4.167126191100076,0.12104791660229774,0.12528688665067736,0.1480024797984877,0.8465188341523825,1.0203179535576565,-0.3554590888793956,0.3405396581190482,0.037722997801361,0.45405074879849094,0.05667149899497448,0.8396865084947245,diagonal,252,0.5,limited_short,diagonal_lb252_cap50_limited_short,10,0
3622,2012-01-03,2026-05-29,4.129514268802868,0.1204782407506102,0.1249202150296219,0.14894667410356727,0.8386908655829468,1.0109629216761207,-0.3598497396373991,0.3348015226355577,0.02700011208704421,0.32498533587707873,0.05558701079512037,0.8469937591654931,diagonal,504,0.2,long_only,diagonal_lb504_cap20_long_only,10,0
3622,2012-01-03,2026-05-29,4.129514268802885,0.12047824075061042,0.12492021502962188,0.14894667410356727,0.8386908655829466,1.0109629216761205,-0.35984973963739886,0.3348015226355585,0.027000112087044142,0.32498533587707795,0.05558701079512037,0.8469937591654931,diagonal,504,0.2,limited_short,diagonal_lb504_cap20_limited_short,10,0
3622,2012-01-03,2026-05-29,4.131975107425898,0.12051563161513523,0.12494644047488128,0.1488984814334923,0.8391384470276848,1.0114772350722736,-0.35984973963739897,0.3349054295178101,0.027323228500722118,0.32887450848080657,0.05567468673743544,0.8465556569644207,diagonal,504,0.35,long_only,diagonal_lb504_cap35_long_only,10,0
3622,2012-01-03,2026-05-29,4.131975107425897,0.12051563161513523,0.12494644047488127,0.1488984814334923,0.8391384470276846,1.0114772350722736,-0.35984973963739897,0.3349054295178101,0.02732322850072213,0.32887450848080674,0.05567468673743544,0.8465556569644207,diagonal,504,0.35,limited_short,diagonal_lb504_cap35_limited_short,10,0
3622,2012-01-03,2026-05-29,4.131975107425898,0.12051563161513523,0.12494644047488128,0.1488984814334923,0.8391384470276848,1.0114772350722736,-0.35984973963739897,0.3349054295178101,0.027323228500722118,0.32887450848080657,0.05567468673743544,0.8465556569644207,diagonal,504,0.5,long_only,diagonal_lb504_cap50_long_only,10,0
3622,2012-01-03,2026-05-29,4.131975107425897,0.12051563161513523,0.12494644047488127,0.1488984814334923,0.8391384470276846,1.0114772350722736,-0.35984973963739897,0.3349054295178101,0.02732322850072213,0.32887450848080674,0.05567468673743544,0.8465556569644207,diagonal,504,0.5,limited_short,diagonal_lb504_cap50_limited_short,10,0
3622,2012-01-03,2026-05-29,3.9325445803103563,0.11742990982325052,0.12086051870909956,0.1397746189358222,0.8646814395150877,1.0548528236548766,-0.32923823023537213,0.35667154977506704,0.20868144936901553,2.5117825694896743,0.07306647442148254,0.7580072361612338,ewma_63,126,0.2,long_only,ewma_63_lb126_cap20_long_only,10,0
3622,2012-01-03,2026-05-29,4.046213175930337,0.11920258610519063,0.12235274086662258,0.1391030154144436,0.8795836704336335,1.0707272906585914,-0.33169491549288543,0.3593741734872853,0.25973971931093265,3.126342574014197,0.07637714416270103,0.7456131048568421,ewma_63,126,0.2,limited_short,ewma_63_lb126_cap20_limited_short,10,0
3622,2012-01-03,2026-05-29,3.04231970999919,0.10206248577015486,0.1061192693377675,0.1333756368362452,0.7956420816798626,0.9880678398444178,-0.30446342324396125,0.3352208442075289,0.23045255275969206,2.773829235259949,0.08704521051312114,0.685573734864833,ewma_63,126,0.35,long_only,ewma_63_lb126_cap35_long_only,10,0
3622,2012-01-03,2026-05-29,3.1524424253188554,0.10412530489267158,0.10803497080347775,0.13372543527290962,0.8078864771163226,1.006739808210857,-0.2957792896643018,0.3520371727542176,0.377625327500861,4.545266089930297,0.08963072039205028,0.678970729866202,ewma_63,126,0.35,limited_short,ewma_63_lb126_cap35_limited_short,10,6
3622,2012-01-03,2026-05-29,2.658537235554499,0.09444014962658187,0.09895660171639416,0.13172721620134345,0.7512236618220202,0.9335693535953239,-0.2940967344737777,0.32111934121119035,0.26052686542606285,3.135817014112268,0.09262414688046716,0.6594179076408995,ewma_63,126,0.5,long_only,ewma_63_lb126_cap50_long_only,10,0
3622,2012-01-03,2026-05-29,3.3695793865976027,0.10804774082741764,0.11188474340952936,0.13597780306368504,0.8228162309485783,1.0276571991224333,-0.2851620052626478,0.3788994986477968,0.4476204233639923,5.387758138314911,0.09265890293546448,0.6799786211265809,ewma_63,126,0.5,limited_short,ewma_63_lb126_cap50_limited_short,10,11
3622,2012-01-03,2026-05-29,4.139365272300479,0.12062782024172591,0.12370128829136035,0.13962882655957512,0.8859294412144972,1.0785855752823903,-0.33046199451921776,0.36502781633701875,0.1605969206569198,1.9330158346104571,0.07360279493134013,0.7558375865059643,ewma_63,252,0.2,long_only,ewma_63_lb252_cap20_long_only,10,0
3622,2012-01-03,2026-05-29,4.077184419737582,0.11967914540479785,0.12275584457245726,0.13892991460843104,0.8835810841634806,1.0734965595462034,-0.33326295171679676,0.35911326112990766,0.2117540155786485,2.5487653404656987,0.07718164248852387,0.7424936364243011,ewma_63,252,0.2,limited_short,ewma_63_lb252_cap20_limited_short,10,0
3622,2012-01-03,2026-05-29,3.328853654697177,0.10732608496104423,0.11092909386302707,0.13371649362957505,0.82958422593944,1.0312947238845243,-0.30710949129915366,0.34947172914463426,0.1748096644139827,2.1040867282694617,0.08786647333974582,0.684617748306616,ewma_63,252,0.35,long_only,ewma_63_lb252_cap35_long_only,10,0
3622,2012-01-03,2026-05-29,3.4807066755771494,0.10998552889426616,0.11340121715661933,0.1342307850252918,0.8448227218164018,1.045239617249597,-0.3021812932514468,0.36397199744176933,0.29873402837609536,3.5956953895870387,0.0910635266452873,0.6767267283990676,ewma_63,252,0.35,limited_short,ewma_63_lb252_cap35_limited_short,10,3
3622,2012-01-03,2026-05-29,2.798021427861277,0.09729298519291851,0.10164502108750662,0.1323667476974501,0.7679044990954681,0.9521280822281314,-0.3025769062709317,0.32154795417797344,0.19899399278041285,2.3951800412078628,0.0934133635866491,0.6598190042617038,ewma_63,252,0.5,long_only,ewma_63_lb252_cap50_long_only,10,0
3622,2012-01-03,2026-05-29,3.151549266703678,0.1041087799907241,0.10782239210016818,0.1322412095434759,0.8153463846284639,1.018240504625908,-0.29620127174553856,0.35147985482034716,0.4120124677091002,4.95916497577193,0.09519898629806836,0.6530952829664317,ewma_63,252,0.5,limited_short,ewma_63_lb252_cap50_limited_short,10,10
3622,2012-01-03,2026-05-29,4.07487168684459,0.11964365260398635,0.12282058361730908,0.13961334282503657,0.8797195248825741,1.0703563610462234,-0.33059350850446967,0.36190563192007974,0.14902077827623134,1.7936802456462124,0.07339056675854523,0.7563259063106553,ewma_63,504,0.2,long_only,ewma_63_lb504_cap20_long_only,10,0
3622,2012-01-03,2026-05-29,3.950740879754333,0.11771622227843936,0.12102060919091932,0.13907070587015952,0.8702092107298838,1.0568916789524758,-0.33356195718494475,0.35290661822436525,0.20092338903384693,2.41840311107664,0.07712311001747682,0.7433690056803527,ewma_63,504,0.2,limited_short,ewma_63_lb504_cap20_limited_short,10,0
3622,2012-01-03,2026-05-29,3.3609038536692664,0.10789453737219645,0.11146100312021508,0.13385618971553992,0.8326921852256721,1.0339116958641326,-0.30820981089584154,0.35006847140456226,0.15811051301618936,1.9030883283969606,0.08787902399900104,0.6852569068816818,ewma_63,504,0.35,long_only,ewma_63_lb504_cap35_long_only,10,0
3622,2012-01-03,2026-05-29,3.3186325675349773,0.10714397683622146,0.11062429335871493,0.13266169220278534,0.8338827247101276,1.037632086343828,-0.30343845266032055,0.35309953599111615,0.25976999818515506,3.1267070239867527,0.09102932600952063,0.669229934221516,ewma_63,504,0.35,limited_short,ewma_63_lb504_cap35_limited_short,10,2
3622,2012-01-03,2026-05-29,2.8233825916846373,0.09780119266093212,0.10212499137769084,0.13249585954117427,0.7707787377759875,0.9548183179910671,-0.3037524124944466,0.3219766778402795,0.1795632784857524,2.1613033376214417,0.09346857177793251,0.6602529371003367,ewma_63,504,0.5,long_only,ewma_63_lb504_cap50_long_only,10,0
3622,2012-01-03,2026-05-29,2.888712320538639,0.09909601642090515,0.10327837233439977,0.13230903586130208,0.7805844223871847,0.9730887057007052,-0.2988634545489003,0.33157622624177685,0.35614372332642524,4.286703965250921,0.09619974931070822,0.6499406376838256,ewma_63,504,0.5,limited_short,ewma_63_lb504_cap50_limited_short,10,7
3622,2012-01-03,2026-05-29,3.7283297202664603,0.11414745063007681,0.11798382643002117,0.140239717251278,0.8413010860441248,1.0281657245675773,-0.3293148720465573,0.34662100111269517,0.18485427382609043,2.224988106494268,0.07302629143681498,0.7604805001477731,sample,126,0.2,long_only,sample_lb126_cap20_long_only,25,0
3622,2012-01-03,2026-05-29,3.6844103952848926,0.11342430374105095,0.11729527522637556,0.1399530180171573,0.8381046503191233,1.0192939503994174,-0.3376084173216186,0.3359640871542567,0.23254396168612249,2.7990023615870223,0.0764127958967966,0.7498244360950951,sample,126,0.2,limited_short,sample_lb126_cap20_limited_short,25,0
3622,2012-01-03,2026-05-29,2.8619615066911495,0.09856828530331474,0.10304326387996204,0.1341288175752284,0.7682410517200639,0.9537109717606742,-0.30702945438504625,0.32103853195693743,0.20597571813993423,2.479215187197287,0.08757624489640206,0.6875499018443172,sample,126,0.35,long_only,sample_lb126_cap35_long_only,25,0
3622,2012-01-03,2026-05-29,2.849191811419413,0.09831516865951362,0.10271678538862646,0.13339928388259029,0.769995028451812,0.956692855256135,-0.3114133232220957,0.31570636619614567,0.3207082974249309,3.860187447415043,0.09080174302678744,0.67354802270333,sample,126,0.35,limited_short,sample_lb126_cap35_limited_short,25,2
3622,2012-01-03,2026-05-29,2.531627932736402,0.09175517284612966,0.09659161647115708,0.13242401517796576,0.7294116278029086,0.9061866740167213,-0.2983727765393609,0.30751858098563983,0.2310016035060202,2.780437853795819,0.09290381743180719,0.6618197376247641,sample,126,0.5,long_only,sample_lb126_cap50_long_only,25,0
3622,2012-01-03,2026-05-29,2.8772556328443097,0.09887041753810055,0.10349535662578599,0.1354402994517751,0.76414004579661,0.9466944141110482,-0.29700140104029193,0.33289545837761064,0.41214860698134265,4.960803608492163,0.09373408972977099,0.6736858145087338,sample,126,0.5,limited_short,sample_lb126_cap50_limited_short,25,11
3622,2012-01-03,2026-05-29,4.037856979853714,0.11907354186638686,0.12247225469397034,0.14072748936448545,0.8702795398897945,1.0531372488162805,-0.3415294640258316,0.34864793351293616,0.11347207202252446,1.365800235199883,0.07393098805069423,0.7605549356778376,sample,252,0.2,long_only,sample_lb252_cap20_long_only,25,0
3622,2012-01-03,2026-05-29,3.7484152232842662,0.11447608499485251,0.11827827130582526,0.14018719834619883,0.8437166353359282,1.0195928743057698,-0.34518728698113843,0.3316347076278845,0.14420466325199063,1.7357113470827674,0.07735419911485328,0.748386077390033,sample,252,0.2,limited_short,sample_lb252_cap20_limited_short,25,0
3622,2012-01-03,2026-05-29,3.4013687032781474,0.1086067084288016,0.11232329127813852,0.13543700232799732,0.8293397620106601,1.020252085566666,-0.32614986287276726,0.33299633325668343,0.11555498878726408,1.3908711460987202,0.0882944559444737,0.6916627145185374,sample,252,0.35,long_only,sample_lb252_cap35_long_only,25,0
3622,2012-01-03,2026-05-29,3.5014821499968027,0.1103428336868113,0.11389995045622305,0.13551884994427324,0.8404731187068065,1.034644332149274,-0.3269235901686821,0.33751872610317885,0.23532604438443339,2.8324887440595687,0.0905771358309866,0.684646053102091,sample,252,0.35,limited_short,sample_lb252_cap35_limited_short,25,4
3622,2012-01-03,2026-05-29,2.856356652961534,0.09845728379285834,0.10303930009884432,0.13483124773490174,0.7642093493151892,0.9389588004042324,-0.3310501742849983,0.29740894716490107,0.12853710462783144,1.54712965581307,0.09401947684453757,0.6697208804726883,sample,252,0.5,long_only,sample_lb252_cap50_long_only,25,0
3622,2012-01-03,2026-05-29,2.767294278071929,0.09667300247550203,0.10230913876458811,0.14131447403601136,0.7239820228076321,0.8936190555341142,-0.3300612755800172,0.2928941067249359,0.32503662261346583,3.9122850909598714,0.09388355590935181,0.7027182066200172,sample,252,0.5,limited_short,sample_lb252_cap50_limited_short,25,20
3622,2012-01-03,2026-05-29,4.022043500535616,0.11882878925738227,0.12258408035859843,0.14304179829312835,0.8569808393165826,1.0265735399115128,-0.35821597392016535,0.33172387025896655,0.06697805323548106,0.8061775838912293,0.07222267720425461,0.7770259432342371,sample,504,0.2,long_only,sample_lb504_cap20_long_only,25,0
3622,2012-01-03,2026-05-29,3.640806314711769,0.1127000798096951,0.11706588666710926,0.1428695855742296,0.8193898386181453,0.9820261661145594,-0.3588131459513889,0.3140912786538858,0.09094500310098833,1.0946544326865508,0.07550934017758003,0.7673079838565594,sample,504,0.2,limited_short,sample_lb504_cap20_limited_short,25,0
3622,2012-01-03,2026-05-29,3.194707011126744,0.10490351272662735,0.10941464249481707,0.1385532474320273,0.7896938146361002,0.956508366730439,-0.356578117718815,0.2941950375355074,0.06835790512323438,0.8227860938024643,0.08623769554152905,0.7137013002829516,sample,504,0.35,long_only,sample_lb504_cap35_long_only,25,0
3622,2012-01-03,2026-05-29,3.1245021142024694,0.10360678992170191,0.10826382251369869,0.13872212003037598,0.7804366202736246,0.949829383759363,-0.3570423045822655,0.29018071133873174,0.19776254917568367,2.3803578392775,0.08878054201324803,0.7064649274368644,sample,504,0.35,limited_short,sample_lb504_cap35_limited_short,25,5
3622,2012-01-03,2026-05-29,2.73158223847974,0.09594650001905514,0.10110580335882616,0.13737098520485252,0.7360055197103927,0.8924754092110078,-0.35758946237987876,0.26831467398535386,0.06997642258209344,0.8422672884839716,0.09398074256138512,0.6824157656323628,sample,504,0.5,long_only,sample_lb504_cap50_long_only,25,0
3622,2012-01-03,2026-05-29,3.1223459604143065,0.10356664040665109,0.10856639830499494,0.1411477570339072,0.7691684273729877,0.9389933160921596,-0.3586186011492388,0.28879327529235416,0.29684355661930856,3.5729408322405787,0.09353425910848315,0.7030520801861043,sample,504,0.5,limited_short,sample_lb504_cap50_limited_short,25,23
3622,2012-01-03,2026-05-29,3.769089392305955,0.11481300293064756,0.11858365174503853,0.14026011497279064,0.8454552583822054,1.0319743898311176,-0.32959818695941456,0.34834233765001016,0.17739981787475997,2.135262965231374,0.07255130720827312,0.7618409964867155,ledoit_wolf,126,0.2,long_only,ledoit_wolf_lb126_cap20_long_only,25,0
3622,2012-01-03,2026-05-29,3.6994522143785886,0.1136726801337451,0.11749903958847992,0.13981631431267116,0.8403814688300029,1.0225362811972407,-0.33711575796457705,0.3371918323251132,0.22016851925511582,2.6500460423649996,0.07579250767174428,0.7508450661674231,ledoit_wolf,126,0.2,limited_short,ledoit_wolf_lb126_cap20_limited_short,25,0
3622,2012-01-03,2026-05-29,2.942579662994928,0.10014852238840422,0.10451363576312678,0.13434570946631183,0.7779454675427082,0.9599142523362524,-0.31369519308270244,0.31925424614970466,0.20033264009175736,2.4112925945445203,0.08609744953651581,0.6932750638738253,ledoit_wolf,126,0.35,long_only,ledoit_wolf_lb126_cap35_long_only,25,0
3622,2012-01-03,2026-05-29,2.994202945571946,0.10114470101141326,0.10529216407500479,0.13339791277863383,0.7893089320650098,0.9758765645779703,-0.31438482648330923,0.32172259120394625,0.29101547235540803,3.502791422641184,0.08963897129930327,0.6773540218891286,ledoit_wolf,126,0.35,limited_short,ledoit_wolf_lb126_cap35_limited_short,25,2
3622,2012-01-03,2026-05-29,2.6482936395276377,0.09422667049873334,0.09899122767547429,0.13342209307815017,0.7419402993287741,0.9120959423978726,-0.3142767045702257,0.29982072844879987,0.2246332549661227,2.703785583518245,0.08994945449454715,0.6764580185000678,ledoit_wolf,126,0.5,long_only,ledoit_wolf_lb126_cap50_long_only,25,0
3622,2012-01-03,2026-05-29,2.6828760881246208,0.09494515535141379,0.09989484154511313,0.1352786799421117,0.7384374358757789,0.9115604937853611,-0.31419570502611904,0.3021847652039706,0.35102664026762764,4.2251124818077015,0.09223184034714853,0.6779673361951607,ledoit_wolf,126,0.5,limited_short,ledoit_wolf_lb126_cap50_limited_short,25,5
3622,2012-01-03,2026-05-29,3.9930921800937,0.11837883213797151,0.12187630420546455,0.140905658970016,0.864949676942352,1.0454393607449812,-0.3434506124985349,0.3446749775077967,0.11186547416521857,1.3464625101344199,0.07348659634582995,0.7626572223338135,ledoit_wolf,252,0.2,long_only,ledoit_wolf_lb252_cap20_long_only,25,0
3622,2012-01-03,2026-05-29,3.71623643965175,0.1139489561534337,0.11780998608142726,0.14021833455255273,0.8401895975827115,1.0146802668396924,-0.3465458768446159,0.328813481178788,0.14060053784125687,1.6923304935746644,0.0768009761017123,0.7500944604178498,ledoit_wolf,252,0.2,limited_short,ledoit_wolf_lb252_cap20_limited_short,25,0
3622,2012-01-03,2026-05-29,3.457331990644862,0.1095816744042426,0.11323267605230578,0.13564142513237412,0.8347942079036741,1.0228624833057063,-0.33127282506699374,0.3307898086179624,0.11467536316528225,1.3802835815995704,0.08738993343811843,0.6955573836858315,ledoit_wolf,252,0.35,long_only,ledoit_wolf_lb252_cap35_long_only,25,0
3622,2012-01-03,2026-05-29,3.2770340177729995,0.10639865818560046,0.11028170150867357,0.13506852460163152,0.8164870522865063,0.9995694412088227,-0.33335986987792565,0.31917056550496914,0.1734811141983336,2.0880957080592353,0.0908202050468921,0.6816305463399766,ledoit_wolf,252,0.35,limited_short,ledoit_wolf_lb252_cap35_limited_short,25,0
3622,2012-01-03,2026-05-29,2.9874109500479213,0.10101432203952898,0.10534285252391296,0.1346486834125284,0.7823533795809201,0.9587017269996894,-0.3320912738149234,0.3041763816288196,0.12668438639640994,1.524829516658721,0.09213531549855385,0.6752005497397334,ledoit_wolf,252,0.5,long_only,ledoit_wolf_lb252_cap50_long_only,25,0
3622,2012-01-03,2026-05-29,3.2316943075335507,0.10557858818762811,0.1098679630762269,0.13751084306179953,0.7989767252524989,0.9876560450271299,-0.3346890420659485,0.3154527783040607,0.33911131701164604,4.081694361247853,0.09463409823688033,0.6808750129743242,ledoit_wolf,252,0.5,limited_short,ledoit_wolf_lb252_cap50_limited_short,25,11
3622,2012-01-03,2026-05-29,3.9933910782950024,0.11838348995749293,0.12217528175138352,0.14296509587395684,0.8545811899367217,1.0231766166449465,-0.3583351553213735,0.33037085030443214,0.06504765671822015,0.782942474402961,0.07205399101376667,0.7770695566195299,ledoit_wolf,504,0.2,long_only,ledoit_wolf_lb504_cap20_long_only,25,0
3622,2012-01-03,2026-05-29,3.635489511631828,0.11261133991190131,0.11699012342796261,0.14289800759811738,0.8186966732033284,0.9815681890863821,-0.35943122904410885,0.313304273007624,0.08859947503498336,1.0664226155784469,0.07531845689022831,0.7679787516007938,ledoit_wolf,504,0.2,limited_short,ledoit_wolf_lb504_cap20_limited_short,25,0
3622,2012-01-03,2026-05-29,3.2007090976168397,0.10501343561817467,0.1095145777750854,0.13855355435625677,0.7904133407757646,0.9564525096172758,-0.3573971085129686,0.2938284421357151,0.06696920237658663,0.8060710510242051,0.08604166860465025,0.7143165322912879,ledoit_wolf,504,0.35,long_only,ledoit_wolf_lb504_cap35_long_only,25,0
3622,2012-01-03,2026-05-29,2.7903378622964885,0.09713839242858269,0.10236562395614995,0.13858689615013936,0.7386385495296124,0.8968105287130057,-0.35794886375640944,0.2713750545516107,0.16945815817103393,2.0396736233087784,0.08826816643584726,0.7074319685494789,ledoit_wolf,504,0.35,limited_short,ledoit_wolf_lb504_cap35_limited_short,25,3
3622,2012-01-03,2026-05-29,2.7636162584435713,0.09659847591569881,0.10170784798436319,0.13741558936180362,0.7401478133356111,0.8964837924960805,-0.35804305537394177,0.2697956976565596,0.07025239397475609,0.8455890026845573,0.09280272431219733,0.6866369065028427,ledoit_wolf,504,0.5,long_only,ledoit_wolf_lb504_cap50_long_only,25,0
3622,2012-01-03,2026-05-29,2.656816025967197,0.09440431808781558,0.09994145063822694,0.13911820206728306,0.7183923394143013,0.8754847835671855,-0.3592934290083626,0.26274991543365606,0.3211505495186599,3.865510589954582,0.09351526976240372,0.6927802395398173,ledoit_wolf,504,0.5,limited_short,ledoit_wolf_lb504_cap50_limited_short,25,16
3622,2012-01-03,2026-05-29,3.9917511925629494,0.11835793193728228,0.12282843756513787,0.1476433505292477,0.8319266470507652,1.0058103790269064,-0.3514339227841198,0.33678573485345537,0.06045177165579584,0.7276243614318264,0.05650832464056943,0.8380927154357284,diagonal,126,0.2,long_only,diagonal_lb126_cap20_long_only,25,0
3622,2012-01-03,2026-05-29,3.99175119256297,0.1183579319372825,0.12282843756513784,0.1476433505292477,0.831926647050765,1.0058103790269062,-0.3514339227841202,0.3367857348534556,0.06045177165579585,0.7276243614318266,0.056508324640569436,0.8380927154357284,diagonal,126,0.2,limited_short,diagonal_lb126_cap20_limited_short,25,0
3622,2012-01-03,2026-05-29,3.9423749833193513,0.11758470961128165,0.1221173487377566,0.1475136352622152,0.8278377013805197,1.0007477095612918,-0.35143392278411967,0.33458554222584846,0.06307656680279583,0.7592175611084171,0.0567322616205573,0.8369361700811282,diagonal,126,0.35,long_only,diagonal_lb126_cap35_long_only,25,0
3622,2012-01-03,2026-05-29,3.942374983319355,0.11758470961128165,0.1221173487377566,0.1475136352622152,0.8278377013805197,1.0007477095612916,-0.35143392278411956,0.3345855422258486,0.06307656680279586,0.7592175611084174,0.0567322616205573,0.8369361700811282,diagonal,126,0.35,limited_short,diagonal_lb126_cap35_limited_short,25,0
3622,2012-01-03,2026-05-29,3.9423749833193513,0.11758470961128165,0.1221173487377566,0.1475136352622152,0.8278377013805197,1.0007477095612918,-0.35143392278411967,0.33458554222584846,0.06307656680279583,0.7592175611084171,0.0567322616205573,0.8369361700811282,diagonal,126,0.5,long_only,diagonal_lb126_cap50_long_only,25,0
3622,2012-01-03,2026-05-29,3.942374983319355,0.11758470961128165,0.1221173487377566,0.1475136352622152,0.8278377013805197,1.0007477095612916,-0.35143392278411956,0.3345855422258486,0.06307656680279586,0.7592175611084174,0.0567322616205573,0.8369361700811282,diagonal,126,0.5,limited_short,diagonal_lb126_cap50_limited_short,25,0
3622,2012-01-03,2026-05-29,4.135717193980309,0.1205724582612091,0.12487169864654687,0.14806427767588756,0.8433614144249623,1.0165072949850698,-0.35550283441345254,0.33916032894686404,0.0369091851231541,0.44425533810851087,0.05658781193744972,0.8401912231493988,diagonal,252,0.2,long_only,diagonal_lb252_cap20_long_only,25,0
3622,2012-01-03,2026-05-29,4.135717193980306,0.1205724582612091,0.1248716986465469,0.14806427767588756,0.8433614144249624,1.01650729498507,-0.35550283441345254,0.33916032894686404,0.03690918512315406,0.44425533810851037,0.05658781193744972,0.8401912231493988,diagonal,252,0.2,limited_short,diagonal_lb252_cap20_limited_short,25,0
3622,2012-01-03,2026-05-29,4.116746769392235,0.12028397845237482,0.12460581052747961,0.14800821755779592,0.8418844073898947,1.0146668409979118,-0.35550283441345254,0.3383488591612286,0.037722997801361006,0.454050748798491,0.0566827512530383,0.8396941941932842,diagonal,252,0.35,long_only,diagonal_lb252_cap35_long_only,25,0
3622,2012-01-03,2026-05-29,4.116746769392235,0.12028397845237482,0.12460581052747961,0.14800821755779592,0.8418844073898947,1.0146668409979118,-0.35550283441345254,0.3383488591612286,0.037722997801361,0.45405074879849094,0.0566827512530383,0.8396941941932842,diagonal,252,0.35,limited_short,diagonal_lb252_cap35_limited_short,25,0
3622,2012-01-03,2026-05-29,4.116746769392235,0.12028397845237482,0.12460581052747961,0.14800821755779592,0.8418844073898947,1.0146668409979118,-0.35550283441345254,0.3383488591612286,0.037722997801361006,0.454050748798491,0.0566827512530383,0.8396941941932842,diagonal,252,0.5,long_only,diagonal_lb252_cap50_long_only,25,0
3622,2012-01-03,2026-05-29,4.116746769392235,0.12028397845237482,0.12460581052747961,0.14800821755779592,0.8418844073898947,1.0146668409979118,-0.35550283441345254,0.3383488591612286,0.037722997801361,0.45405074879849094,0.0566827512530383,0.8396941941932842,diagonal,252,0.5,limited_short,diagonal_lb252_cap50_limited_short,25,0
3622,2012-01-03,2026-05-29,4.093670361021497,0.11993171515422896,0.12443273702580628,0.14895046733564019,0.8353967547172145,1.006918463179259,-0.35987835751568076,0.3332562590930555,0.02700011208704421,0.32498533587707873,0.05559175592189703,0.8470047064954268,diagonal,504,0.2,long_only,diagonal_lb504_cap20_long_only,25,0
3622,2012-01-03,2026-05-29,4.093670361021502,0.11993171515422896,0.12443273702580625,0.14895046733564019,0.8353967547172144,1.0069184631792585,-0.35987835751568076,0.3332562590930555,0.027000112087044142,0.32498533587707795,0.05559175592189703,0.8470047064954268,diagonal,504,0.2,limited_short,diagonal_lb504_cap20_limited_short,25,0
3622,2012-01-03,2026-05-29,4.095685828374389,0.11996254054849143,0.12445312871216006,0.1489023760793358,0.8358035109248421,1.007383751248249,-0.35987835751568087,0.3333419141307055,0.027323228500722118,0.32887450848080657,0.05567954898199835,0.8465668943468371,diagonal,504,0.35,long_only,diagonal_lb504_cap35_long_only,25,0
3622,2012-01-03,2026-05-29,4.095685828374408,0.11996254054849187,0.12445312871216004,0.14890237607933582,0.8358035109248417,1.0073837512482489,-0.35987835751568076,0.33334191413070685,0.02732322850072213,0.32887450848080674,0.05567954898199835,0.8465668943468372,diagonal,504,0.35,limited_short,diagonal_lb504_cap35_limited_short,25,0
3622,2012-01-03,2026-05-29,4.095685828374389,0.11996254054849143,0.12445312871216006,0.1489023760793358,0.8358035109248421,1.007383751248249,-0.35987835751568087,0.3333419141307055,0.027323228500722118,0.32887450848080657,0.05567954898199835,0.8465668943468371,diagonal,504,0.5,long_only,diagonal_lb504_cap50_long_only,25,0
3622,2012-01-03,2026-05-29,4.095685828374408,0.11996254054849187,0.12445312871216004,0.14890237607933582,0.8358035109248417,1.0073837512482489,-0.35987835751568076,0.33334191413070685,0.02732322850072213,0.32887450848080674,0.05567954898199835,0.8465668943468372,diagonal,504,0.5,limited_short,diagonal_lb504_cap50_limited_short,25,0
3622,2012-01-03,2026-05-29,3.6723692445133507,0.11322494020143958,0.11709284485486504,0.1398026752888157,0.837557969566499,1.0222030970864644,-0.3294541474482917,0.34367435067488533,0.20868144936901553,2.5117825694896743,0.07310614852997258,0.7580443911112578,ewma_63,126,0.2,long_only,ewma_63_lb126_cap20_long_only,25,0
3622,2012-01-03,2026-05-29,3.717014722284892,0.11396174483627663,0.1176632270056013,0.13914547668016672,0.8456130218020418,1.0293324989206099,-0.3319994833385299,0.343258801761668,0.25973971931093265,3.126342574014197,0.07643312232548903,0.7456723584111158,ewma_63,126,0.2,limited_short,ewma_63_lb126_cap20_limited_short,25,0
3622,2012-01-03,2026-05-29,2.8075061651395385,0.09748341659292703,0.1019585254848776,0.1334070979307347,0.7642661227651825,0.9490899972734209,-0.3049980451823745,0.3196198078405274,0.23045255275969206,2.773829235259949,0.08707900332197802,0.6856193302409755,ewma_63,126,0.35,long_only,ewma_63_lb126_cap35_long_only,25,0
3622,2012-01-03,2026-05-29,2.7645155809268984,0.09661670486239227,0.1012170716685823,0.1337844322013383,0.7565683839525973,0.9416073938823664,-0.2964772295399416,0.3258823789345212,0.377625327500861,4.545266089930297,0.08973748042062013,0.6789095437691225,ewma_63,126,0.35,limited_short,ewma_63_lb126_cap35_limited_short,25,6
3622,2012-01-03,2026-05-29,2.419320889021502,0.08930317606440497,0.09425287619522575,0.1317449048507181,0.7154195169978297,0.8890185736757745,-0.2948960416588624,0.3028293481392722,0.26052686542606285,3.135817014112268,0.09265739062558452,0.659390668388105,ewma_63,126,0.5,long_only,ewma_63_lb126_cap50_long_only,25,0
3622,2012-01-03,2026-05-29,2.88992906779843,0.09911993961043963,0.10380310620205697,0.13605647052589573,0.7629413419356639,0.9527408468059096,-0.28604239949293864,0.34652184356636456,0.4476204233639923,5.387758138314911,0.09280678280658597,0.679869110769829,ewma_63,126,0.5,limited_short,ewma_63_lb126_cap50_limited_short,25,11
3622,2012-01-03,2026-05-29,3.9293742528920745,0.11737992532044972,0.12080176453944469,0.13965806275289813,0.8649823873984523,1.053242618904525,-0.3306621024101861,0.3549845127847158,0.1605969206569198,1.9330158346104571,0.07363771614650484,0.7558925283092167,ewma_63,252,0.2,long_only,ewma_63_lb252_cap20_long_only,25,0
3622,2012-01-03,2026-05-29,3.8053568813628793,0.11540076895398466,0.11893269656175871,0.13897798489467117,0.8557664485630269,1.0395350596620063,-0.33354585046698404,0.3459817257280122,0.2117540155786485,2.5487653404656987,0.0772350753182646,0.7425864613465678,ewma_63,252,0.2,limited_short,ewma_63_lb252_cap20_limited_short,25,0
3622,2012-01-03,2026-05-29,3.1367189123578187,0.10383390952043836,0.10777296377062288,0.1337429647238047,0.8058215547500911,1.0014069408545898,-0.30760996822771136,0.33755053556513576,0.1748096644139827,2.1040867282694617,0.08788977415958953,0.6846719852617476,ewma_63,252,0.35,long_only,ewma_63_lb252_cap35_long_only,25,0
3622,2012-01-03,2026-05-29,3.145994920523524,0.10400594115226891,0.10800767407223874,0.1343040356781009,0.8042027443695803,0.99417884426296,-0.3027587543762683,0.3435274443724604,0.29873402837609536,3.5956953895870387,0.09113759311183234,0.6768389456611579,ewma_63,252,0.35,limited_short,ewma_63_lb252_cap35_limited_short,25,3
3622,2012-01-03,2026-05-29,2.60680045218331,0.09335619797267802,0.09805225102569481,0.13238490610551126,0.7406603510187695,0.9183142015349178,-0.30325845416100905,0.30784367819507646,0.19899399278041285,2.3951800412078628,0.09343197303407687,0.6598431796402411,ewma_63,252,0.5,long_only,ewma_63_lb252_cap50_long_only,25,0
3622,2012-01-03,2026-05-29,2.7302927927901885,0.09592014755007794,0.10038364463651027,0.13230046536708892,0.7587550380717083,0.9480036546156898,-0.29695568215285817,0.32301165902830903,0.4120124677091002,4.95916497577193,0.09536304657393672,0.6528120207598068,ewma_63,252,0.5,limited_short,ewma_63_lb252_cap50_limited_short,25,10
3622,2012-01-03,2026-05-29,3.8821489564782894,0.11663179176200544,0.12013006324883976,0.13964298035927153,0.8602656785165342,1.0466047314636806,-0.33078761233044085,0.3525881484506618,0.14902077827623134,1.7936802456462124,0.07341915384827843,0.756400040029323,ewma_63,504,0.2,long_only,ewma_63_lb504_cap20_long_only,25,0
3622,2012-01-03,2026-05-29,3.6988487132622945,0.11366272914012598,0.11739300452430436,0.13912022698198015,0.8438241301856844,1.0248700661408732,-0.33385031483710415,0.34046015261535856,0.20092338903384693,2.41840311107664,0.07716845660497801,0.7434922054318843,ewma_63,504,0.2,limited_short,ewma_63_lb504_cap20_limited_short,25,0
3622,2012-01-03,2026-05-29,3.185447266471484,0.10473364134022578,0.10860637062761963,0.1338815287783025,0.8112125071970415,1.0068410172248,-0.30865416329231676,0.3393235983699847,0.15811051301618936,1.9030883283969606,0.08789364763888288,0.6853334788978326,ewma_63,504,0.35,long_only,ewma_63_lb504_cap35_long_only,25,0
3622,2012-01-03,2026-05-29,3.0368977044444714,0.10195957549015189,0.1059342328227348,0.13270027869432355,0.7982969882584452,0.992814800577131,-0.3040263871282295,0.33536423089206496,0.25976999818515506,3.1267070239867527,0.09106304950009048,0.6693044130360505,ewma_63,504,0.35,limited_short,ewma_63_lb504_cap35_limited_short,25,2
3622,2012-01-03,2026-05-29,2.649244325203098,0.09424650649018451,0.09888303637125867,0.13251241741953923,0.7462171341889516,0.9240609362832062,-0.304370641157542,0.3096438806704836,0.1795632784857524,2.1613033376214417,0.09347684130872484,0.6603045817434011,ewma_63,504,0.5,long_only,ewma_63_lb504_cap50_long_only,25,0
3622,2012-01-03,2026-05-29,2.544960897937975,0.09204143740066772,0.09684831638652339,0.1323923944399556,0.7315247737319788,0.9118689966050254,-0.29958305103591554,0.30723179125922356,0.35614372332642524,4.286703965250921,0.09633906825670892,0.6498541550764887,ewma_63,504,0.5,limited_short,ewma_63_lb504_cap50_limited_short,25,7
