date,label,signed_intensity,abs_intensity,source,mapped_trading_date
2025-02-13,Reciprocal tariff memorandum directs review,1.0,1.0,White House reciprocal tariff memorandum cited by Apr 2 order,2025-02-13
2025-04-02,Liberation Day reciprocal tariff executive order,3.0,3.0,White House Executive Order 14257,2025-04-02
2025-04-09,Ninety-day pause excluding China; China tariff raised,2.0,2.0,CFR trade calendar / USTR presidential tariff actions,2025-04-09
2025-05-12,US-China 90-day tariff reduction,-2.0,2.0,USTR Executive Order 14298 / public trade-calendar sources,2025-05-12
2025-07-07,Extension of reciprocal tariff-rate modification,1.0,1.0,USTR presidential tariff actions,2025-07-07
2025-07-31,Further modification of reciprocal tariff rates,2.0,2.0,White House / USTR presidential tariff actions,2025-07-31
2025-08-11,Further China-rate modification during ongoing discussions,-1.0,1.0,White House / USTR presidential tariff actions,2025-08-11
2025-09-05,Scope/procedure changes for trade and security agreements,-1.0,1.0,USTR presidential tariff actions,2025-09-05
2026-02-23,Temporary global tariff threat after legal ruling,3.0,3.0,"The Guardian live market report, 2026-02-23",2026-02-23
