Date,spy_ret_1d,spy_abs_ret_1d,spy_left_tail_1d,spy_rv5_forward,vix_log_change_1d,vix9d_log_change_1d,vix9d_vix_log_ratio,vix9d_vix_ratio_change,fedfunds_futures_abs_change
2025-09-02,,,,,,,-0.06000600104557304,,
2025-09-03,0.005419546163007771,0.005419546163007771,0.0,0.07719810183531325,-0.04893575867808498,-0.11246327694845915,-0.12353351931594735,-0.06352751827037431,0.0050048828125
2025-09-04,0.008357417548391144,0.008357417548391144,0.0,0.0700514167201254,-0.06637507981002318,-0.08142775915764826,-0.13858619866357244,-0.015052679347625095,0.00250244140625
2025-09-05,-0.0028961941058495144,0.0028961941058495144,0.0029003961913302155,0.06977121703514919,-0.007874048793430689,-0.050819237537874214,-0.18153138740801583,-0.04294518874444339,0.0149993896484375
2025-09-08,0.0024565777359784047,0.0024565777359784047,0.0,0.06670600892702597,-0.004622038508200846,0.06424228078110973,-0.1126670681187054,0.06886431928931043,0.00249481201171875
2025-09-09,0.0023118846201510834,0.0023118846201510834,0.0,0.07461422718706286,-0.004643437577763262,0.00811510599321876,-0.09990852454772324,0.012758543570982162,0.0
2025-09-10,0.002890900188266654,0.002890900188266654,0.0,0.07344517396408273,0.02040218289932801,0.04875519783468617,-0.0715555096123651,0.028353014935358134,0.0
2025-09-11,0.008310195052279257,0.008310195052279257,0.0,0.07107812003811366,-0.042587961678039764,-0.09538017620962957,-0.12434772414395498,-0.05279221453158987,0.0
2025-09-12,-0.00033472424849623206,0.00033472424849623206,0.0003347802811615078,0.05191804958009721,0.0033932974726116655,-0.010835972035070687,-0.13857699365163723,-0.014229269507682246,0.0
2025-09-15,0.0053239632981088025,0.0053239632981088025,0.0,0.06261030713849228,0.06110270532150231,0.1351836961790256,-0.06449600279411387,0.07408099085752336,0.00250244140625
2025-09-16,-0.0013767915798059693,0.0013767915798059693,0.0013777402281604336,0.06018202870624246,0.041815828481424934,0.07084928864504207,-0.035462542630496724,0.029033460163617145,0.00250244140625
2025-09-17,-0.001242457061691904,0.001242457061691904,0.0012432295513901252,0.07090734114025984,-0.039905564494527264,-0.08316136664722194,-0.07871834478319133,-0.0432558021526946,0.00250244140625
2025-09-18,0.004672593154858351,0.004672593154858351,0.0,0.07390384551029704,-0.0012731037820809259,-0.07130603675779172,-0.1487512777589022,-0.07003293297571088,0.00249481201171875
2025-09-19,0.00495277480627232,0.00495277480627232,0.0,0.07378479709083535,-0.016051709207089097,-0.08640683552568616,-0.21910640407749937,-0.07035512631859717,0.00249481201171875
2025-09-22,0.004731142076964234,0.004731142076964234,0.0,0.0765429758585569,0.041210304685733154,0.138254319793703,-0.12206238896952931,0.09704401510797006,0.0
2025-09-23,-0.0054435624348510014,0.0054435624348510014,0.0054584326098774194,0.07164461249293858,0.03299010302909157,0.02904769064090872,-0.12600480135771228,-0.003942412388182964,0.00249481201171875
2025-09-24,-0.0031816642308674092,0.0031816642308674092,0.0031867364861726762,0.06590714452526807,-0.028033468221638266,-0.09129641201225183,-0.1892677451483259,-0.06326294379061362,0.0
2025-09-25,-0.004613467564511753,0.004613467564511753,0.0046241424508109445,0.06644642661297745,0.0340251208969369,0.05661887374346064,-0.16667399230180213,0.022593752846523762,0.0
2025-09-26,0.005729127602591033,0.005729127602591033,0.0,0.05834576783215565,-0.09060203394250499,-0.14396976305640494,-0.22004172141570202,-0.05336772911389989,0.00250244140625
2025-09-29,0.0028103535347194786,0.0028103535347194786,0.0,0.04194512354827593,0.0528617716940319,0.09627287288339596,-0.176630620226338,0.04341110118936403,0.00250244140625
2025-09-30,0.003766834755358328,0.003766834755358328,0.0,0.04481451163124013,0.009876613611529673,0.032049325680856396,-0.15445790815701133,0.022172712069326667,0.0
2025-10-01,0.0034074798459751143,0.0034074798459751143,0.0,0.04462348720646174,0.00061407606411764,-0.03057007214798188,-0.1856420563691109,-0.031184148212099583,0.14749908447265625
2025-10-02,0.001151824796685963,0.001151824796685963,0.0,0.05647609487675908,0.020656763924054484,0.019034266592289992,-0.1872645537008756,-0.0016224973317646996,0.002502441406235789
2025-10-03,-1.4805406382656372e-05,1.4805406382656372e-05,1.4805515983767243e-05,0.05955643767711311,0.0012019507755499145,-0.02347867879269504,-0.2119451832691205,-0.024680629568244905,0.0
2025-10-06,0.003586271966467658,0.003586271966467658,0.0,0.20343254338568278,-0.01695975086576718,0.007396441111536542,-0.1875889912918168,0.02435619197730371,0.0
2025-10-07,-0.0037075138893177817,0.0037075138893177817,0.003714403753721363,0.2289664341881387,0.05178180930974778,0.09952184548776391,-0.13984895511380047,0.04774003617801634,0.002502441406235789
2025-10-08,0.005963055269571305,0.005963055269571305,0.0,0.22760839054758644,-0.05606719095272428,-0.12944177529733808,-0.21322353945841432,-0.07337458434461386,0.002502441406235789
2025-10-09,-0.002896974724933221,0.002896974724933221,0.002901179078111572,0.22586067868172088,0.007943889616864368,0.05538513883896054,-0.16578229023631819,0.04744124922209614,0.004997253417982961
2025-10-10,-0.027027862178845674,0.027027862178845674,0.027399832538963102,0.23009222478018107,0.2763582839046803,0.4439856353177531,0.0018450611767545642,0.16762735141307275,0.0
2025-10-13,0.015344118135168339,0.015344118135168339,0.0,0.12930344187493772,-0.1294505171378362,-0.18583001812163244,-0.054534439807041785,-0.05637950098379635,0.0
2025-10-14,-0.0012216462876413203,0.0012216462876413203,0.0012223931057610573,0.10211894837932757,0.08941689735171127,0.12307170903203306,-0.020879628126719976,0.033654811680321806,0.00250244140625
2025-10-15,0.004439529909605389,0.004439529909605389,0.0,0.10174959915819073,-0.008202703699968842,-0.0554856618185215,-0.06816258624527256,-0.047282958118552584,0.01000213623046875
2025-10-16,-0.006810319600221937,0.006810319600221937,0.0068336156560533596,0.10360203690540447,0.20396864241431076,0.2940157038415545,0.02188447518197095,0.09004706142724352,0.00499725341796875
2025-10-17,0.005676392528467966,0.005676392528467966,0.0,0.10070562778174866,-0.1972085347417192,-0.2674021294701538,-0.048309119546463476,-0.07019359472843442,0.0
2025-10-20,0.010400500262923273,0.010400500262923273,0.0,0.10893014413185045,-0.13092245513454456,-0.13208937078859745,-0.04947603520051636,-0.0011669156540528858,0.0
2025-10-21,-1.494287878323064e-05,1.494287878323064e-05,1.4942990429156014e-05,0.11577218081180343,-0.019945187445519826,-0.027463088929404262,-0.05699393668440095,-0.007517901483884586,0.00249481201171875
2025-10-22,-0.005198916065879078,0.005198916065879078,0.005212477453439929,0.11729359481761228,0.04003822509368809,0.08350015583892868,-0.01353200593916041,0.04346193074524054,0.00249481201171875
2025-10-23,0.005929962705964353,0.005929962705964353,0.0,0.11135550220906212,-0.07245514382509456,-0.09902275536642821,-0.04009961748049403,-0.02656761154133362,0.00249481201171875
2025-10-24,0.008172554694480416,0.008172554694480416,0.0,0.12962342836158777,-0.055256014753595165,-0.11260694898578641,-0.09745055171268517,-0.05735093423219114,0.0
2025-10-27,0.011797664492784632,0.011797664492784632,0.0,0.11833745935330776,-0.03607361679793433,-0.014242358952732537,-0.07561929386748337,0.021831257845201804,0.00249481201171875
2025-10-28,0.002656016019079832,0.002656016019079832,0.0,0.08513466428230178,0.03912328281902929,0.06543461977108801,-0.04930795691542472,0.026311336952058645,0.00250244140625
2025-10-29,0.0004803706386860007,0.0004803706386860007,0.0,0.11857362882520417,0.029996250016490023,-0.001280439221690729,-0.08058464615360551,-0.03127668923818079,0.00499725341796875
2025-10-30,-0.010998097614260183,0.010998097614260183,0.011059023816543079,0.12104230024211479,-0.0005912048002166111,-0.04655052518415226,-0.12654396653754102,-0.045959320383935506,0.0
2025-10-31,0.003280040742968948,0.003280040742968948,0.0,0.11980024031516973,0.030861295216443967,-0.012833650142803717,-0.17023891189678877,-0.043694945359247755,0.00249481201171875
2025-11-03,0.0018768302726830388,0.0018768302726830388,0.0,0.11773037876623832,-0.015602769750574097,0.01752067906251847,-0.1371154630836962,0.033123448813092565,0.2075042724609517
2025-11-04,-0.01185354736001909,0.01185354736001909,0.011924360802475447,0.1605195256018526,0.10127529981361154,0.17033729965229213,-0.06805346324501564,0.06906199983868057,0.004997253417954539
2025-11-05,0.0034653852011290454,0.0034653852011290454,0.0,0.137345014858696,-0.05351180726997864,-0.11195498859425505,-0.12649664456929213,-0.05844318132427649,0.002502441406235789
2025-11-06,-0.010729363869237507,0.010729363869237507,0.010787338554332244,0.1351891057330664,0.07948729367323931,0.13258581960297136,-0.07339811863955992,0.053098525929732215,0.005004882812471578
2025-11-07,0.000984565078659072,0.000984565078659072,0.0,0.1628595798117716,-0.021773803548195154,-0.04573200859457239,-0.09735632368593725,-0.02395820504637733,0.0
2025-11-10,0.015604278627143309,0.015604278627143309,0.0,0.16271381623645073,-0.08074173830298387,-0.07619867881943736,-0.09281326420239076,0.004543059483546483,0.002502441406235789
2025-11-11,0.002289267544563822,0.002289267544563822,0.0,0.13714275217144337,-0.018349120606183555,-0.05510686744484144,-0.12957101104104865,-0.03675774683865789,0.002502441406235789
2025-11-12,0.0005564804700675108,0.0005564804700675108,0.0,0.14875763731064207,0.01322235625691449,0.012438758033481342,-0.13035460926448164,-0.0007835982234329908,0.0
2025-11-13,-0.016593994920437227,0.016593994920437227,0.016733217576366387,0.15120356064437615,0.13296011418473802,0.22092901093264322,-0.04238571251657638,0.08796889674790526,0.002502441406235789
2025-11-14,-0.0001637328001578009,0.0001637328001578009,0.0001637462058360441,0.1436687019899406,-0.008536334869686581,-0.029647457586288655,-0.06349683523317838,-0.021111122716602003,0.0
2025-11-17,-0.00931643825039885,0.00931643825039885,0.009360107702028737,0.15997180171239217,0.12097172670021585,0.18223195898428368,-0.0022366029491105214,0.06126023228406786,0.004997253417954539
2025-11-18,-0.008397553343794883,0.008397553343794883,0.008433011441929867,0.17870376980481437,0.09823065960309084,0.12011897830056019,0.019651715748358847,0.021888318697469367,0.0
2025-11-19,0.0038631766432766224,0.0038631766432766224,0.0,0.18102009395492294,-0.042612472886562745,-0.08621740669438127,-0.02395321805945971,-0.04360493380781856,0.00249481201171875
2025-11-20,-0.015242227316648038,0.015242227316648038,0.015359584109870688,0.18548446917388703,0.1103354498808654,0.131635655422812,-0.0026530125175130556,0.021300205541946653,0.00249481201171875
2025-11-21,0.009961232480063087,0.009961232480063087,0.0,0.15494440156836253,-0.12010403643720817,-0.20295033554404449,-0.08549931162434932,-0.08284629910683626,0.0
2025-11-24,0.014718418739979588,0.014718418739979588,0.0,0.1418150419789945,-0.13261722293396586,-0.1480482059957245,-0.10093029468610788,-0.015430983061758566,0.00249481201171875
2025-11-25,0.009406020957730021,0.009406020957730021,0.0,0.09759322032331279,-0.10039134402734166,-0.186751777765673,-0.18729072842443925,-0.08636043373833137,0.002502441406235789
2025-11-26,0.006903490619724062,0.006903490619724062,0.0,0.07555932110897873,-0.07668084812071645,-0.1437008416918181,-0.254310721995541,-0.06701999357110175,0.0
2025-11-28,0.0054584342293309,0.0054584342293309,0.0,0.05788464474235654,-0.050099929787937765,0.02078766297046201,-0.1834231292371413,0.0708875927583997,0.002502441406235789
2025-12-01,-0.004565560353440801,0.004565560353440801,0.0045760143551639544,0.04515136135193689,0.05300433128459449,0.19558126428640757,-0.04084619623532815,0.14257693300181315,0.13750457763671875
2025-12-02,0.001852367504067809,0.001852367504067809,0.0,0.03794098227382343,-0.03843213855940299,-0.07072068264110025,-0.07313474031702544,-0.03228854408169729,0.004997253417954539
2025-12-03,0.003462749080359595,0.003462749080359595,0.0,0.036117602675665925,-0.03122385439376344,-0.06427915371418809,-0.10619003963745012,-0.03305529932042468,0.00499725341796875
2025-12-04,0.0007310498015529188,0.0007310498015529188,0.0,0.05389384909875154,-0.018832960510421614,-0.011126668764758004,-0.09848374789178652,0.007706291745663604,0.002494812011732961
2025-12-05,0.0018994848443159018,0.0018994848443159018,0.0,0.05612394565568545,-0.023726659065600814,-0.02837073791118349,-0.10312782673736923,-0.004644078845582711,0.005004882812471578
2025-12-08,-0.0030042091058060105,0.0030042091058060105,0.0030087308003297914,0.09411784783166986,0.07799398814961006,0.15866266612297314,-0.022459148764006058,0.08066867797336316,0.005004882812471578
2025-12-09,-0.0008631180942337835,0.0008631180942337835,0.000863490795128103,0.09228842390919628,0.016076586591024407,0.0006135821908605516,-0.03792215316416979,-0.015463004400163731,0.002494812011732961
2025-12-10,0.006632235252757246,0.006632235252757246,0.0,0.09411089203650923,-0.07097778416833754,-0.10467901703170401,-0.07162338602753623,-0.033701232863366445,0.00749969482421875
2025-12-11,0.0023269460314641055,0.0023269460314641055,0.0,0.11324650295117276,-0.06010953906554096,-0.16396252755404833,-0.17547637451604364,-0.10385298848850741,0.0
2025-12-12,-0.010751986278262682,0.010751986278262682,0.010810206581406788,0.12411623225569077,0.05820533751093889,0.07868355510456923,-0.1549981569224134,0.02047821759363025,0.0
2025-12-15,-0.001510898681416406,0.001510898681416406,0.001512041239834183,0.11669647389678156,0.047155152458690654,0.05203487964975134,-0.15011842973135256,0.004879727191060834,0.0
2025-12-16,-0.002732285145230273,0.002732285145230273,0.002736024649435422,0.12428525881327608,-0.0012128842021314815,-0.022792987851500978,-0.17169853338072205,-0.021580103649369492,0.00249481201171875
2025-12-17,-0.011003593983400228,0.011003593983400228,0.011064581322954193,0.12695484400937704,0.06688717143322019,0.12639140194796072,-0.1121943028659815,0.05950423051474055,0.0
2025-12-18,0.00755126270975226,0.00755126270975226,0.0,0.10280456683137812,-0.04349772183265853,-0.12351370488448171,-0.1922102859178048,-0.08001598305182331,0.00249481201171875
2025-12-19,0.009063506223587092,0.009063506223587092,0.0,0.08784624382071611,-0.12350482776224771,-0.2829042597980048,-0.3516097179535619,-0.15939943203575707,0.00249481201171875
2025-12-22,0.00622989400678442,0.00622989400678442,0.0,0.06524041460512908,-0.057276773231425014,0.0009528565743223448,-0.29338008814781474,0.05822962980574714,0.0
2025-12-23,0.0045704023396588855,0.0045704023396588855,0.0,0.04886277509845008,-0.0056980156960337435,-0.042808050780483865,-0.33049012323226484,-0.0371100350844501,0.00249481201171875
2025-12-24,0.003517674396244841,0.003517674396244841,0.0,0.06424012285301545,-0.038592319369021244,-0.09262991179467008,-0.3845277156579137,-0.05403759242564887,0.0
2025-12-26,-0.00010140966545213459,0.00010140966545213459,0.00010141480775991423,0.06061646741303119,0.00960481054501314,0.051020581232028406,-0.3431119449708987,0.04141577068701502,0.0
2025-12-29,-0.0035636535074947684,0.0035636535074947684,0.003570018446780222,0.07677655717203587,0.04317213038393171,0.16402042187692836,-0.22226365347790206,0.12084829149299664,0.0
2025-12-30,-0.0012211244085722495,0.0012211244085722495,0.0012218705884970561,0.0838115846093579,0.009113285340826614,0.007884416918019421,-0.22349252190070945,-0.0012288684228073943,0.0
2025-12-31,-0.0074089416209803804,0.0074089416209803804,0.007436524151640613,0.08645521763743648,0.04235605056250149,0.04604393517270075,-0.21980463729051014,0.00368788461019931,0.0
2026-01-02,0.0018329931020035772,0.0018329931020035772,0.0,0.0684675754857851,-0.029873204408338686,-0.023609842855105975,-0.21354127573727752,0.0062633615532326214,0.09000396728515625
2026-01-05,0.006660117292359935,0.006660117292359935,0.0,0.08190621361656894,0.026523104679246158,0.059620246646892514,-0.180444133769631,0.033097141967646515,0.0
2026-01-06,0.0059472480516442605,0.0059472480516442605,0.0,0.06791119516164336,-0.010118104563589088,-0.025235321189292528,-0.19556135039533448,-0.015117216625703478,0.00749969482421875
2026-01-07,-0.003223412281198157,0.003223412281198157,0.0032286186657920035,0.05515199963993963,0.04182488873256102,0.03324179977225679,-0.20414443935563859,-0.008583088960304103,0.002502441406235789
2026-01-08,-0.00010152731427326422,0.00010152731427326422,0.00010153246851990349,0.06115547388278414,0.004541019480065979,0.022862640518266603,-0.1858228183174379,0.018321621038200675,0.002502441406235789
2026-01-09,0.006613382996888628,0.006613382996888628,0.0,0.06412656758835958,-0.06415025046171281,-0.16669988978874228,-0.28837245764446734,-0.10254963932702943,0.0
2026-01-12,0.00157043300066384,0.00157043300066384,0.0,0.04424686698610785,0.04255962264580009,0.09480778992840266,-0.23612429036186489,0.05224816728260245,0.0
2026-01-13,-0.0019995067653818532,0.0019995067653818532,0.0020015084477309304,0.15215996726021552,0.05531954850954804,0.04663426995405139,-0.2448095689173614,-0.0086852785554965,0.0
2026-01-14,-0.0049151644595419874,0.0049151644595419874,0.004927283608422652,0.1720093734317317,0.047060346578984245,0.052172209454090894,-0.23969770604225474,0.005111862875106649,0.0
2026-01-15,0.002723208385480236,0.002723208385480236,0.0,0.17242822618031434,-0.055859862251721834,-0.06747661889420854,-0.25131446268474156,-0.01161675664248682,0.0
2026-01-16,-0.000837905189162047,0.000837905189162047,0.0008382564279319575,0.17136329245241644,0.0012617985402639538,-0.018845256086910817,-0.2714215173119164,-0.020107054627174825,0.0
2026-01-20,-0.02035680001149731,0.02035680001149731,0.020566855255717744,0.17499452990320052,0.23642199186244148,0.49984747228938436,-0.007996036884973452,0.2634254804269429,0.002502441406235789
2026-01-21,0.0115411092816613,0.0115411092816613,0.0,0.1005037228225856,-0.17290858706520473,-0.22716568651148908,-0.06225313633125784,-0.05425709944628439,0.002502441406235789
2026-01-22,0.005223257672714476,0.005223257672714476,0.0,0.05886455592590989,-0.07748184228810683,-0.09922210277435672,-0.08399339681750773,-0.021740260486249885,0.0
2026-01-23,0.00036273518897367296,0.00036273518897367296,0.0,0.04791666881098338,0.02836621341894342,0.042211840850970225,-0.0701477693854808,0.013845627432026927,0.0
2026-01-26,0.005078142735685631,0.005078142735685631,0.0,0.052336069846212654,0.003722055560557878,0.0033278027660873723,-0.07054202217995131,-0.00039425279447051487,0.0
2026-01-27,0.0039842543077575066,0.0039842543077575066,0.0,0.05182088980137791,0.012307894626495038,-0.013378112931391961,-0.09622802973783837,-0.025686007557887053,0.0
2026-01-28,-0.0001006645803248718,0.0001006645803248718,0.00010066964734378686,0.07431401199174996,0.0,-0.02109642145512044,-0.11732445119295874,-0.021096421455120376,0.002502441406235789
2026-01-29,-0.001984377154833794,0.001984377154833794,0.001986348639724907,0.08191670325948566,0.0319015187754475,0.045706900496354355,-0.10351906947205204,0.013805381720906701,0.002502441406235789
2026-01-30,-0.002982572514766746,0.002982572514766746,0.002987029248062552,0.1203009319485728,0.03263700965321155,0.03041317002258872,-0.10574290910267486,-0.002223839630622823,0.0
2026-02-02,0.004971400525214165,0.004971400525214165,0.0,0.17950745136549803,-0.0651503503332419,-0.08232913864193145,-0.12292169741136448,-0.017178788308689616,0.002502441406235789
2026-02-03,-0.008455473390127866,0.008455473390127866,0.008491423699952339,0.17930318552216354,0.09675565912600367,0.1666281175696508,-0.053049238967717315,0.06987245844364717,0.00249481201171875
2026-02-04,-0.004843853725993386,0.004843853725993386,0.004855623207264491,0.16990294919034843,0.034938018617097645,0.08959544271162974,0.0016081851268149236,0.05465742409453224,0.004997253417954539
2026-02-05,-0.012489284060324235,0.012489284060324235,0.012567930681256348,0.16637734322301867,0.15522311976046374,0.17722022683115596,0.02360529219750698,0.021997107070692055,0.004997253417954539
2026-02-06,0.01918478647681998,0.01918478647681998,0.0,0.17871185230975753,-0.06646962483553287,-0.36782450231808356,-0.2777495852850435,-0.30135487748255047,0.00249481201171875
2026-02-09,0.004821815563577747,0.004821815563577747,0.0,0.11731421921326741,-0.15989452704748955,-0.04507060336732082,-0.16292566160487476,0.11482392368016875,0.002502441406235789
2026-02-10,-0.0026371459581814305,0.0026371459581814305,0.0026406293530787414,0.11281601141495036,0.024467808750071016,0.012799068832048321,-0.17459440152289765,-0.011668739918022891,0.002502441406235789
2026-02-11,-0.00023112214366449724,0.00023112214366449724,0.00023114885650317492,0.11682756253787141,-0.007900791374484802,-0.052209608992331714,-0.21890321914074454,-0.044308817617846885,0.0
2026-02-12,-0.01544885969788623,0.01544885969788623,0.015569436795382833,0.11831102505737438,0.16517828676271432,0.33384935654264786,-0.050232149360810975,0.16867106977993357,0.0
2026-02-13,0.0007044991031190939,0.0007044991031190939,0.0,0.06631137062066203,-0.010622954215521119,-0.0534220241817275,-0.09303121932701734,-0.04279906996620637,0.002502441406235789
2026-02-17,0.0016134830190519533,0.0016134830190519533,0.0,0.09839553104022436,-0.015162895353664012,0.07885347431052363,0.0009851503371702773,0.09401636966418762,0.0
2026-02-18,0.005037707550576753,0.005037707550576753,0.0,0.11042702433313882,-0.03357870204821983,-0.06247268727548327,-0.027908834890093298,-0.028893985227263577,0.002502441406235789
2026-02-19,-0.002637433731113581,0.002637433731113581,0.0026409178869583627,0.12033348547511599,0.030617131640092433,0.04057043677842373,-0.017955529751761914,0.009953305138331384,0.002502441406235789
2026-02-20,0.007231939581382241,0.007231939581382241,0.0,0.1252687136072834,-0.05800198282095596,-0.09772882121664887,-0.05768236814745485,-0.03972683839569294,0.0
2026-02-23,-0.010211366038766267,0.010211366038766267,0.010263859697353819,0.11934396030886221,0.09583388002012065,0.15826461318985924,0.004748365022283811,0.06243073316973866,0.0
2026-02-24,0.00726847527019836,0.00726847527019836,0.0,0.09460331608125337,-0.0720232783445184,-0.12658528954485979,-0.049813646178057634,-0.054562011200341445,0.002502441406235789
2026-02-25,0.008438306300538434,0.008438306300538434,0.0,0.10127608553361686,-0.08649994276889614,-0.1332241984766446,-0.09653790188580605,-0.046724255707748415,0.002502441406235789
2026-02-26,-0.005554445579207146,0.005554445579207146,0.005569928872744709,0.09586097491669973,0.038297834928636115,0.02247279076372203,-0.1123629460507201,-0.01582504416491405,0.002502441406235789
2026-02-27,-0.004801940858611298,0.004801940858611298,0.004813507218789428,0.09592305056799828,0.06393454978365491,0.11021361642605777,-0.06608387940831738,0.04627906664240272,0.002502441406235789
2026-03-02,0.0005686124327104469,0.0005686124327104469,0.0,0.12964142805023057,0.07655067176227183,0.13043354464052187,-0.01220100653006727,0.05388287287825011,0.004997253417954539
2026-03-03,-0.008814339520359149,0.008814339520359149,0.008853415600299437,0.1436124804923172,0.09471634288839889,0.14765446858162817,0.04073711916316203,0.052938125693229296,0.0
2026-03-04,0.00705526576749449,0.00705526576749449,0.0,0.12963188292234806,-0.1083348165445105,-0.17542072885008253,-0.026348793142410055,-0.06708591230557208,0.004997253417954539
2026-03-05,-0.005575491873376914,0.005575491873376914,0.005591092944311655,0.1199698287585186,0.115942643024757,0.13383469375236334,-0.008456742414803762,0.017892050727606294,0.002502441406235789
2026-03-06,-0.01310712873041986,0.01310712873041986,0.01319378518665267,0.1568999497229105,0.21646868458519744,0.25663176247223823,0.031706335472237175,0.04016307788704094,0.0
2026-03-09,0.00875996072290297,0.00875996072290297,0.0,0.13216665265849814,-0.1453727629014671,-0.08892457046749455,0.08815452790620956,0.05644819243397239,0.002502441406235789
2026-03-10,-0.0016071058958396778,0.0016071058958396778,0.0016083986757950827,0.13711790206135463,-0.022606542387607058,-0.08658709361939469,0.024173976674422105,-0.06398055123178746,0.002502441406235789
2026-03-11,-0.0012551345486657706,0.0012551345486657706,0.0012559228897518618,0.1379085857166659,-0.02848039384077295,-0.04402473029601644,0.008629640219178603,-0.015544336455243501,0.002502441406235789
2026-03-12,-0.015184966271003186,0.015184966271003186,0.015301438459733196,0.16997374422521844,0.11892885233233508,0.17038476494150936,0.0600855528283529,0.0514559126091743,0.0
2026-03-13,-0.00566013575260893,0.00566013575260893,0.005676215023587526,0.13189973477296693,-0.0036710899822637658,-0.034401410921484424,0.029355231889132402,-0.0307303209392205,0.002502441406235789
2026-03-16,0.01017686501045656,0.01017686501045656,0.0,0.16211753309587787,-0.14542340599858364,-0.14049435651556988,0.03428428137214617,0.004929049483013766,0.0
2026-03-17,0.002630544991105488,0.002630544991105488,0.0,0.16313697189753618,-0.04970505926942895,-0.08443647807615465,-0.00044713743457955725,-0.03473141880672573,0.005004882812471578
2026-03-18,-0.013953644515257158,0.013953644515257158,0.014051911808400095,0.1638159341712271,0.11474855344189373,0.15197606980199962,0.03678037892552619,0.03722751636010575,0.002502441406235789
2026-03-19,-0.002464288275344284,0.002464288275344284,0.00246732963124216,0.13579526256772337,-0.041918678110328615,-0.07745292242462294,0.001246134611231739,-0.03553424431429445,0.002502441406235789
2026-03-20,-0.014335787930812693,0.014335787930812693,0.014439538092530124,0.1857408444739423,0.10710467755363762,0.11218650270359154,0.006327959761185756,0.005081825149954017,0.002502441406235789
2026-03-23,0.010499991225476402,0.010499991225476402,0.0,0.19723023852549207,-0.02380618998008231,0.029612818219179236,0.05974696796044725,0.05341900819926149,0.0
2026-03-24,-0.0033568144771775055,0.0033568144771775055,0.0033624612191459923,0.18429931619624243,0.030134149741268167,0.016080348676277702,0.045693166895456785,-0.014053801064990462,0.002502441406235789
2026-03-25,0.0055726882440485515,0.0055726882440485515,0.0,0.27345146611154114,-0.061993864662863,-0.11045436657652064,-0.0027673350182008142,-0.0484605019136576,0.0
2026-03-26,-0.017858729983344035,0.017858729983344035,0.018020121487025215,0.27578785986006243,0.08001236131884105,0.0684648511043207,-0.014314845232720995,-0.01154751021452018,0.002502441406235789
2026-03-27,-0.01705189415742525,0.01705189415742525,0.017198951843375027,0.24440467210395067,0.12359696148774316,0.12461934786459587,-0.013292458855868187,0.0010223863768528078,0.0
2026-03-30,-0.0033433906874337227,0.0033433906874337227,0.0033489923071651985,0.21434998367345695,-0.014272010911234388,-0.0022871990324090886,-0.0013076469770428557,0.011984811878825332,0.0
2026-03-31,0.029067865784757174,0.029067865784757174,0.0,0.21305021685234793,-0.19250061717556527,-0.23449326811224458,-0.04330029791372222,-0.04199265093667936,0.002502441406235789
2026-04-01,0.00753449141030349,0.00753449141030349,0.0,0.18945179095450773,-0.02852167913105148,-0.023855480858825186,-0.03863409964149593,0.0046661982722262865,0.0
2026-04-02,0.0009004595313388819,0.0009004595313388819,0.0,0.1863330884548473,-0.02768200108107911,-0.08389743522938842,-0.09484953378980528,-0.056215434148309346,0.002502441406235789
2026-04-06,0.004726845083763864,0.004726845083763864,0.0,0.18628279054092853,0.012489722362708747,0.09610550125695555,-0.011233754895558615,0.08361577889424666,0.002502441406235789
2026-04-07,0.0004400005646272298,0.0004400005646272298,0.0,0.19582416754461848,0.06448682627390803,0.1319087706674552,0.056188189497988546,0.06742194439354716,0.002502441406235789
2026-04-08,0.02546963651219092,0.02546963651219092,0.0,0.21384604270092214,-0.2031735927626899,-0.35296244906500657,-0.09360066680432817,-0.14978885630231673,0.002502441406235789
2026-04-09,0.005769017699185586,0.005769017699185586,0.0,0.13024184510863873,-0.0765239296072482,-0.1308508489285464,-0.1479275861256263,-0.054326919321298114,0.002502441406235789
2026-04-10,-0.0006617754265585418,0.0006617754265585418,0.000661994496571573,0.12489503761442824,-0.013429965979892022,-0.027134547168137717,-0.16163216731387198,-0.01370458118824569,0.0
2026-04-13,0.009772447246481741,0.009772447246481741,0.0,0.15116317015245143,-0.00573658427981057,0.057599730842941246,-0.09829585219112018,0.0633363151227518,0.002502441406235789
2026-04-14,0.012184877209840739,0.012184877209840739,0.0,0.13522439606999936,-0.04056053308032157,-0.03703033421738878,-0.09476565332818729,0.00353019886293289,0.0
2026-04-15,0.007890969227043909,0.007890969227043909,0.0,0.11431238763417621,-0.010402531828916695,-0.04219522380290272,-0.1265583453021732,-0.031792691973985904,0.0
2026-04-16,0.002457347646937613,0.002457347646937613,0.0,0.12276118121614833,-0.012739000207228512,-0.03495749567806428,-0.148776840773009,-0.02221849547083582,0.002502441406235789
2026-04-17,0.012085686101644066,0.012085686101644066,0.0,0.12461419734012398,-0.025975542360211608,-0.042953389013696004,-0.16575468742649344,-0.016977846653484424,0.002502441406235789
2026-04-20,-0.0019997351150194964,0.0019997351150194964,0.0020017372548961723,0.10610560381324474,0.07651605981539987,0.1833338965277321,-0.05893685071416103,0.10681783671233241,0.002502441406235789
2026-04-21,-0.006546892848539487,0.006546892848539487,0.006568417750443915,0.10585735011430707,0.03284106171476542,0.04881689599695507,-0.04296101643197146,0.015975834282189565,0.0
2026-04-22,0.01012671209511895,0.01012671209511895,0.0,0.10114600067884802,-0.030194897913519363,-0.07732509649126859,-0.09009121500972059,-0.047130198577749124,0.0
2026-04-23,-0.0038807408683984024,0.0038807408683984024,0.0038882904816336587,0.071519512482892,0.020403501127191963,0.04246321273786791,-0.06803150339904457,0.02205971161067602,0.002502441406235789
2026-04-24,0.007749309237231605,0.007749309237231605,0.0,0.09640133747296184,-0.03156497742989099,-0.07658427756621702,-0.1130508035353706,-0.04501930013632603,0.0
2026-04-27,0.001722787837563633,0.001722787837563633,0.0,0.08170244988701199,-0.03757581377020173,-0.0011975181457099752,-0.07667250791087891,0.036378295624491686,0.002502441406235789
2026-04-28,-0.004865992267119479,0.004865992267119479,0.0048778697536611924,0.08488131143947972,-0.010599849987196923,0.0,-0.0660726579236819,0.010599849987197013,0.002502441406235789
2026-04-29,-0.00015450932498595193,0.00015450932498595193,0.0001545212627813887,0.09603831801336274,0.05350618732463676,0.05365718749508531,-0.06592165775323344,0.00015100017044845926,0.0
2026-04-30,0.009949633527564838,0.009949633527564838,0.0,0.13720591542204905,-0.10766692023787255,-0.20332426504043127,-0.16157900255579208,-0.09565734480255864,0.002502441406235789
2026-05-01,0.0027690952923506984,0.0027690952923506984,0.0,0.11983554810944241,0.005903227529430566,-0.01542809499680126,-0.18291032508202384,-0.021331322526231766,0.002502441406235789
2026-05-04,-0.0036633921467564834,0.0036633921467564834,0.003670118801040342,0.13184246835979943,0.0737295902466641,0.15968812121234638,-0.09695179411634151,0.08595853096568233,0.002502441406235789
2026-05-05,0.008022228723942426,0.008022228723942426,0.0,0.1302474772773631,-0.051034440909005135,-0.12564518635842833,-0.17156253956576464,-0.07461074544942313,0.0
2026-05-06,0.013899399692774095,0.013899399692774095,0.0,0.11773925987191865,0.0005752217184062609,0.008163302695052716,-0.16397445858911816,0.007588080976646483,0.0
2026-05-07,-0.0030660824190705815,0.0030660824190705815,0.003070792479857851,0.07634183036411284,-0.017987109374778668,-0.013642763090857978,-0.1596301123051975,0.004344346283920664,0.004997253417954539
2026-05-08,0.00825609701116825,0.00825609701116825,0.0,0.09202790828773431,0.006419666569116356,-0.024332126794842486,-0.19038190566915633,-0.030751793363958835,0.002502441406264211
2026-05-11,0.002277563042387465,0.002277563042387465,0.0,0.11155138389122236,0.06693522080471703,0.17277574988932293,-0.08454137658455034,0.10584052908460599,0.0
2026-05-12,-0.0015149526145865622,0.0015149526145865622,0.0015161013155970994,0.11048903865370602,-0.021447036027682647,-0.03310559591268724,-0.09619993646955496,-0.011658559885004624,0.002502441406264211
2026-05-13,0.00559483781461112,0.00559483781461112,0.0,0.11976233452055718,-0.006692659105123569,-0.029185571442991234,-0.11869284880742263,-0.022492912337867668,0.002502441406264211
2026-05-14,0.0078943149045545,0.0078943149045545,0.0,0.13421819519715655,-0.03473167721848573,-0.04709025664133132,-0.13105142823026825,-0.012358579422845614,0.002502441406264211
2026-05-15,-0.012029343756796207,0.012029343756796207,0.012102281834028297,0.12286584311346535,0.0655880893242676,0.07811017196375228,-0.11852934559078353,0.012522082639484719,0.00249481201171875
2026-05-18,-0.0007035093177317764,0.0007035093177317764,0.0007037568965346505,0.09214202597262112,-0.03365838332317586,0.029493546125278405,-0.05537741614232937,0.06315192944845416,0.0
2026-05-19,-0.0066607880874933745,0.0066607880874933745,0.006683070135583305,0.10330411960986928,0.01337811350034388,-0.013134590061588534,-0.08189011970426183,-0.026512703561932457,0.00249481201171875
2026-05-20,0.010248994582563453,0.010248994582563453,0.0,0.09177263941696542,-0.03493306931413941,-0.09446912802744208,-0.1414261784175645,-0.05953605871330267,0.0
2026-05-21,0.0019830877010671433,0.0019830877010671433,0.0,0.06860937691529756,-0.03977134039303183,-0.072584925374546,-0.17423976339907862,-0.03281358498151413,0.00249481201171875
2026-05-22,0.003931549076803931,0.003931549076803931,0.0,0.06943697972524693,-0.003586343602665399,-0.0007104958748157974,-0.17136391567122897,0.0028758477278496564,0.0
2026-05-26,0.006638641352187502,0.006638641352187502,0.0,0.0664697490407117,0.018392654755786986,0.05328139858496067,-0.13647517184205532,0.034888743829173646,0.00249481201171875
2026-05-27,-0.0001732421647460125,0.0001732421647460125,0.00017325717290322425,0.04800509493352187,-0.04324994104773904,-0.11182036518118964,-0.20504559597550598,-0.06857042413345066,0.00249481201171875
2026-05-28,0.005516578600909927,0.005516578600909927,0.0,0.06929821431076653,-0.03434625036790919,-0.022096206831151086,-0.19279555243874782,0.012250043536758154,0.0
2026-05-29,0.0024914048034492264,0.0024914048034492264,0.0,0.06319636907091208,-0.027046084055489365,-0.030506815833071788,-0.19625628421633035,-0.003460731777582521,0.00249481201171875
2026-06-01,0.0027231134609038143,0.0027231134609038143,0.0,0.195299343690518,0.046549657648500324,0.08886298896302729,-0.15394295290180354,0.0423133313145268,0.004997253417954539
2026-06-02,0.0013579397972762752,0.0013579397972762752,0.0,0.19500488718005204,-0.017599372038408955,-0.04230691422307391,-0.17865049508646844,-0.024707542184664893,0.002502441406235789
2026-06-03,-0.00701718232049986,0.00701718232049986,0.007041918531282929,0.19588175761904936,0.018222245262269628,0.016541750998944813,-0.1803309893497935,-0.0016804942633250608,0.00249481201171875
2026-06-04,0.0037786857621391334,0.0037786857621391334,0.0,0.2204492184231691,-0.041964190615894514,-0.058343500897103565,-0.19671029963100253,-0.016379310281209036,0.002502441406264211
2026-06-05,-0.025809371248925683,0.025809371248925683,0.026148277086187284,0.24939416952159874,0.33415046927153463,0.6370577472541582,0.10619697835162095,0.3029072779826235,0.004997253417982961
2026-06-08,0.002264172608771542,0.002264172608771542,0.0,0.17089049931551048,-0.12829838626417447,-0.1946040124976515,0.03989135211814392,-0.06630562623347702,0.00249481201171875
2026-06-09,-0.0029354505508077944,0.0029354505508077944,0.002939767435847424,0.2105849775059268,0.048991531143748074,0.11727497993834367,0.10817480091273961,0.06828344879459569,0.00249481201171875
2026-06-10,-0.015765562508027298,0.015765562508027298,0.015891160823072677,0.21380465170129917,0.11178165450941559,0.14793709814248504,0.144330244545809,0.0361554436330694,0.00249481201171875
2026-06-11,0.016996847886747934,0.016996847886747934,0.0,0.20234618922788536,-0.13365992680495306,-0.21712354154932947,0.060866629801432724,-0.08346361474437627,0.0
2026-06-12,0.005408247901529384,0.005408247901529384,0.0,0.17893983345176545,-0.09489875203382146,-0.17980775738971844,-0.024042375554464205,-0.08490900535589693,0.0
2026-06-15,0.01763396989375332,0.01763396989375332,0.0,,-0.08742278513720557,-0.1024036633704199,-0.0390232537876786,-0.014980878233214392,0.00249481201171875
2026-06-16,-0.005961562844234103,0.005961562844234103,0.005979403902405487,,0.012879606470164437,0.012121394456759757,-0.03978146580108324,-0.0007582120134046466,0.0
2026-06-17,-0.012487870885051433,0.012487870885051433,0.012566499634242041,,0.11663135128682758,0.16666370956363155,0.010250892475720917,0.05003235827680416,0.005004882812471578
2026-06-18,0.010396992441959574,0.010396992441959574,0.0,,-0.11724093552055395,-0.2907283298665549,-0.16323650187028013,-0.17348739434600105,0.002502441406235789
