Date,y_return,y_rv,y_left_tail,ret_lag1,ret_lag3,ret_lag6,ret_lag12,rv_lag1,rv_mean3,rv_mean12,rv_chg1,uup_ret_lag1,uup_rv_lag1,is_uup_asset,dgs10,dgs2,effr,breakeven10y,term_spread,dgs10_chg1,dgs2_chg1,effr_chg1,breakeven10y_chg1,term_spread_chg1
2006-01-31,,,,,,,,,,,,,,0.0,,,,,,,,,,
2006-02-28,,,,,,,,,,,,,,0.0,4.53,4.54,4.47,2.53,-0.009999999999999787,,,,,
2006-03-31,,,,,,,,,,,,,,0.0,4.55,4.69,4.52,2.53,-0.14000000000000057,0.019999999999999574,0.15000000000000036,0.04999999999999982,0.0,-0.13000000000000078
2006-04-30,,,,,,,,,,,,,,0.0,4.86,4.82,5.0,2.51,0.040000000000000036,0.3100000000000005,0.1299999999999999,0.4800000000000004,-0.020000000000000018,0.1800000000000006
2006-05-31,,,,,,,,,,,,,,0.0,5.07,4.87,4.86,2.68,0.20000000000000018,0.20999999999999996,0.04999999999999982,-0.13999999999999968,0.17000000000000037,0.16000000000000014
2006-06-30,,,,,,,,,,,,,,0.0,5.12,5.04,5.05,2.64,0.08000000000000007,0.04999999999999982,0.16999999999999993,0.1899999999999995,-0.040000000000000036,-0.1200000000000001
2006-07-31,,,,,,,,,,,,,,0.0,5.15,5.16,5.05,2.61,-0.009999999999999787,0.03000000000000025,0.1200000000000001,0.0,-0.03000000000000025,-0.08999999999999986
2006-08-31,,,,,,,,,,,,,,0.0,4.99,4.97,5.31,2.58,0.020000000000000462,-0.16000000000000014,-0.1900000000000004,0.2599999999999998,-0.029999999999999805,0.03000000000000025
2006-09-30,,,,,,,,,,,,,,0.0,4.74,4.79,5.31,2.5,-0.04999999999999982,-0.25,-0.17999999999999972,0.0,-0.08000000000000007,-0.07000000000000028
2006-10-31,,,,,,,,,,,,,,0.0,4.64,4.71,5.34,2.37,-0.07000000000000028,-0.10000000000000053,-0.08000000000000007,0.03000000000000025,-0.1299999999999999,-0.020000000000000462
2006-11-30,,,,,,,,,,,,,,0.0,4.61,4.71,5.31,2.27,-0.09999999999999964,-0.02999999999999936,0.0,-0.03000000000000025,-0.10000000000000009,-0.02999999999999936
2006-12-31,,,,,,,,,,,,,,0.0,4.46,4.62,5.31,2.3,-0.16000000000000014,-0.15000000000000036,-0.08999999999999986,0.0,0.029999999999999805,-0.0600000000000005
2007-01-31,,,,,,,,,,,,,,0.0,4.71,4.82,5.17,2.3,-0.11000000000000032,0.25,0.20000000000000018,-0.13999999999999968,0.0,0.04999999999999982
2007-02-28,,,,,,,,,,,,,,0.0,4.83,4.94,5.33,2.43,-0.11000000000000032,0.1200000000000001,0.1200000000000001,0.16000000000000014,0.13000000000000034,0.0
2007-03-31,,,,,,,,,,,,,,0.0,4.56,4.65,5.41,2.36,-0.09000000000000075,-0.27000000000000046,-0.29000000000000004,0.08000000000000007,-0.07000000000000028,0.019999999999999574
2007-04-30,,,,,,,,,,,,,0.0002478199335922971,0.0,4.65,4.58,5.3,2.44,0.07000000000000028,0.09000000000000075,-0.07000000000000028,-0.11000000000000032,0.08000000000000007,0.16000000000000103
2007-05-31,,,,,,,,,,,,-0.012175589954013986,0.00020294675265413386,0.0,4.63,4.6,5.29,2.43,0.03000000000000025,-0.020000000000000462,0.019999999999999574,-0.009999999999999787,-0.009999999999999787,-0.040000000000000036
2007-06-30,,,,,,,,,,,,0.017405791434552932,0.00012827782583186596,0.0,4.9,4.92,5.28,2.36,-0.019999999999999574,0.27000000000000046,0.3200000000000003,-0.009999999999999787,-0.07000000000000028,-0.04999999999999982
2007-07-31,,,,,,,,,,,,-0.001606366836198488,0.00329199196180525,0.0,5.03,4.87,5.31,2.38,0.16000000000000014,0.1299999999999999,-0.04999999999999982,0.02999999999999936,0.020000000000000018,0.17999999999999972
2007-08-31,,,,,,,,,,,,-0.009287258242424904,0.00034365453814069193,0.0,4.78,4.56,5.28,2.34,0.22000000000000064,-0.25,-0.3100000000000005,-0.02999999999999936,-0.040000000000000036,0.0600000000000005
2007-09-30,,,,,,,,,,,,0.005663423598084522,0.0003181693407265759,0.0,4.54,4.15,4.96,2.2,0.3899999999999997,-0.2400000000000002,-0.40999999999999925,-0.3200000000000003,-0.13999999999999968,0.16999999999999904
2007-10-31,,,,,,,,,,,,-0.030305271824609653,0.0002393385211959097,0.0,4.59,3.97,4.58,2.32,0.6199999999999997,0.04999999999999982,-0.18000000000000016,-0.3799999999999999,0.11999999999999966,0.22999999999999998
2007-11-30,,,,,,,,,,,,-0.01255258354013652,0.00032327778869654364,0.0,4.48,3.94,4.6,2.34,0.5400000000000005,-0.10999999999999943,-0.03000000000000025,0.019999999999999574,0.020000000000000018,-0.07999999999999918
2007-12-31,,,,,,,,,,,,0.002942973550823863,0.0006087520356422571,0.0,3.97,3.04,4.66,2.34,0.9300000000000002,-0.5100000000000002,-0.8999999999999999,0.0600000000000005,0.0,0.3899999999999997
2008-01-31,,,,,,,,,,,,0.003258799276128355,0.0008074231260237777,0.0,4.04,3.05,3.06,2.31,0.9900000000000002,0.06999999999999984,0.009999999999999787,-1.6,-0.029999999999999805,0.06000000000000005
2008-02-29,,,,,,,,,,,,-0.01103126300014588,0.0008877358554132892,0.0,3.67,2.17,3.22,2.34,1.5,-0.3700000000000001,-0.8799999999999999,0.16000000000000014,0.029999999999999805,0.5099999999999998
2008-03-31,,,,,,,,,,,,-0.021125896175167167,0.0005968119069400731,0.0,3.53,1.65,3.01,2.43,1.88,-0.14000000000000012,-0.52,-0.2100000000000004,0.0900000000000003,0.3799999999999999
2008-04-30,,,,,,,,,,,,-0.024256946124323574,0.0016923382148624467,0.0,3.45,1.62,2.51,2.34,1.83,-0.07999999999999963,-0.029999999999999805,-0.5,-0.0900000000000003,-0.04999999999999982
2008-05-31,,,,,,,,,,,,0.009331137771978972,0.0010561402048514885,0.0,3.77,2.29,2.37,2.27,1.48,0.31999999999999984,0.6699999999999999,-0.13999999999999968,-0.06999999999999984,-0.3500000000000001
2008-06-30,,,,,,,,,,,,0.004413009665002487,0.0007109264292415067,0.0,4.06,2.66,1.98,2.48,1.3999999999999995,0.2899999999999996,0.3700000000000001,-0.3900000000000001,0.20999999999999996,-0.08000000000000052
2008-07-31,,,,,,,,,,,,-0.009734538843192532,0.0006722089380471083,0.0,3.99,2.63,2.47,2.51,1.3600000000000003,-0.0699999999999994,-0.03000000000000025,0.4900000000000002,0.029999999999999805,-0.03999999999999915
2008-08-31,,,,,,,,,,,,0.010175013391052689,0.00042666249891063293,0.0,3.99,2.52,2.09,2.34,1.4700000000000002,0.0,-0.10999999999999988,-0.38000000000000034,-0.16999999999999993,0.10999999999999988
2008-09-30,,,,,,,,,,,,0.05230505387654226,0.0008050582854218085,0.0,3.83,2.36,1.94,2.15,1.4700000000000002,-0.16000000000000014,-0.16000000000000014,-0.1499999999999999,-0.18999999999999995,0.0
2008-10-31,,,,,,,,,,,,0.020670434252136206,0.0028442316357440685,0.0,3.85,2.0,2.03,1.6,1.85,0.020000000000000018,-0.3599999999999999,0.08999999999999986,-0.5499999999999998,0.3799999999999999
2008-11-30,,,,,,,,,,,,0.08092360245065082,0.002399145868808731,0.0,4.01,1.56,0.22,0.87,2.4499999999999997,0.1599999999999997,-0.43999999999999995,-1.8099999999999998,-0.7300000000000001,0.5999999999999996
2008-12-31,,,,,,,,,,,,0.001884988723998898,0.002337498203986459,0.0,2.93,1.0,0.52,0.33,1.9300000000000002,-1.0799999999999996,-0.56,0.30000000000000004,-0.54,-0.5199999999999996
2009-01-31,,,,,,,,,,,,-0.06593189011082308,0.002588379280936161,0.0,2.25,0.76,0.14,0.11,1.49,-0.6800000000000002,-0.24,-0.38,-0.22000000000000003,-0.44000000000000017
2009-02-28,,,,,,,,,,,,0.04977330112336857,0.001991303829000746,0.0,2.87,0.94,0.23,1.14,1.9300000000000002,0.6200000000000001,0.17999999999999994,0.09,1.0299999999999998,0.44000000000000017
2009-03-31,,,,,,,,,,,,0.020218123550156945,0.0014324855687999948,0.0,3.02,1.0,0.22,0.96,2.02,0.1499999999999999,0.06000000000000005,-0.010000000000000009,-0.17999999999999994,0.08999999999999986
2009-04-30,,,,,,,,,,,,-0.032236184700140134,0.00213542273090168,0.0,2.71,0.81,0.16,1.28,1.9,-0.31000000000000005,-0.18999999999999995,-0.06,0.32000000000000006,-0.1200000000000001
2009-05-31,,,,,,,,,,,,-0.011769353986318523,0.0010742467089632762,0.0,3.16,0.91,0.2,1.47,2.25,0.4500000000000002,0.09999999999999998,0.04000000000000001,0.18999999999999995,0.3500000000000001
2009-06-30,,0.0003966169922591089,,,,,,,,,,-0.06564422457973433,0.0010767899129564167,0.0,3.47,0.92,0.19,1.8,2.5500000000000003,0.31000000000000005,0.010000000000000009,-0.010000000000000009,0.33000000000000007,0.30000000000000027
2009-07-31,0.023653064585770735,0.0009403634364282186,,,,,,0.0003966169922591089,,,,0.007138447627090566,0.0018500249725942675,0.0,3.53,1.11,0.22,1.75,2.42,0.05999999999999961,0.19000000000000006,0.03,-0.050000000000000044,-0.13000000000000034
2009-08-31,-0.008922214931460195,0.0009348416198389652,,0.023653064585770735,,,,0.0009403634364282186,0.0006684902143436638,,0.0005437464441691097,-0.02456714726814447,0.0005439402632974746,0.0,3.52,1.13,0.18,1.81,2.39,-0.009999999999999787,0.019999999999999796,-0.04000000000000001,0.06000000000000005,-0.029999999999999805
2009-09-30,0.02561206818544759,0.0005325515328634599,,-0.008922214931460195,0.01473084965431054,,,0.0009348416198389652,0.0007572740161754308,,-5.521816589253441e-06,-0.0025761723000153726,0.00045390899249572703,0.0,3.4,0.97,0.15,1.64,2.4299999999999997,-0.1200000000000001,-0.15999999999999992,-0.03,-0.17000000000000015,0.03999999999999959
2009-10-31,-0.0032232108774210865,0.0007450485159649265,,0.02561206818544759,0.04034291783975813,0.04034291783975813,,0.0005325515328634599,0.0008025855297102146,,-0.0004022900869755053,-0.02041325029612756,0.0005089372535542183,0.0,3.31,0.95,0.07,1.75,2.3600000000000003,-0.08999999999999986,-0.020000000000000018,-0.07999999999999999,0.1100000000000001,-0.0699999999999994
2009-11-30,0.021447177210671076,0.000726376157429835,,-0.0032232108774210865,0.013466642376566309,0.037119706962337046,,0.0007450485159649265,0.0007374805562224505,,0.00021249698310146661,-0.003956903985624627,0.0005645503862412097,0.0,3.41,0.9,0.11,2.0,2.5100000000000002,0.10000000000000009,-0.04999999999999993,0.039999999999999994,0.25,0.1499999999999999
2009-12-31,0.0013399892309534534,0.0005060538329112099,,0.021447177210671076,0.04383603451869758,0.05856688417300812,,0.000726376157429835,0.0006679920687527405,0.0007126330424640856,-1.867235853509144e-05,-0.02362500588463469,0.0017151778854867716,0.0,3.21,0.67,0.13,2.08,2.54,-0.20000000000000018,-0.22999999999999998,0.020000000000000004,0.08000000000000007,0.029999999999999805
2010-01-31,-0.011428862714187051,0.0003961283324046836,,0.0013399892309534534,0.019563955564203445,0.05990687340396157,0.05990687340396157,0.0005060538329112099,0.0006591595021019905,0.0006831217268136748,-0.0002203223245186252,0.040226483380618135,0.0005897966227384641,0.0,3.85,1.14,0.05,2.37,2.71,0.6400000000000001,0.46999999999999986,-0.08,0.29000000000000004,0.16999999999999993
2010-02-28,0.0018374450351450193,0.0004182832609291952,,-0.011428862714187051,0.011358303727437482,0.024824946104003782,0.04847801068977452,0.0003961283324046836,0.0005428527742485762,0.0006472475525125509,-0.00010992550050652623,0.0159040056256777,0.00047086958173024303,0.0,3.63,0.82,0.12,2.33,2.81,-0.2200000000000002,-0.31999999999999995,0.06999999999999999,-0.040000000000000036,0.10000000000000009
2010-03-31,0.019991502883921524,0.000281795600090054,,0.0018374450351450193,-0.008251428448088575,0.035584606070608996,0.05031545572491954,0.0004182832609291952,0.00044015514208169625,0.0006218070756699559,2.2154928524511597e-05,0.008069678988549206,0.00039984085399266537,0.0,3.61,0.81,0.13,2.13,2.8,-0.020000000000000018,-0.009999999999999898,0.010000000000000009,-0.20000000000000018,-0.010000000000000231
2010-04-30,0.004936047099640633,0.00039178005141847646,,0.019991502883921524,0.010400085204879495,0.029964040769082934,0.07030695860884106,0.000281795600090054,0.0003654023978079776,0.0005878059281119657,-0.00013648766083914124,0.0067454382962781195,0.000640120125460193,0.0,3.84,1.02,0.09,2.24,2.82,0.22999999999999998,0.20999999999999996,-0.04000000000000001,0.11000000000000032,0.020000000000000018
2010-05-31,-0.040653951570455656,0.0021562070128833006,,0.004936047099640633,0.02676499501870718,0.03812329874614465,0.07524300570848169,0.00039178005141847646,0.0003639529708125752,0.0005699853938671031,0.00010998445132842248,0.006700051476170914,0.00040752671958628575,0.0,3.69,0.97,0.2,2.4,2.7199999999999998,-0.1499999999999999,-0.050000000000000044,0.11000000000000001,0.1599999999999997,-0.10000000000000009
2010-06-30,-0.008897361344313614,0.0007819762136592428,,-0.040653951570455656,-0.015726401586893493,-0.023977830034982075,0.03458905413802604,0.0021562070128833006,0.0009432608881306103,0.0007021705287851195,0.0017644269614648241,0.055998598919896565,0.0010312478796184919,0.0,3.31,0.76,0.19,1.99,2.55,-0.3799999999999999,-0.20999999999999996,-0.010000000000000009,-0.4099999999999999,-0.16999999999999993
2010-07-31,0.03376035354396113,0.0002581428204939442,0.0,-0.008897361344313614,-0.04461526581512863,-0.03421518061024914,0.02569169279371243,0.0007819762136592428,0.0011099877593203399,0.0007342837972351305,-0.0013742307992240578,-0.01111119371361486,0.0006281830581135653,0.0,2.97,0.61,0.09,1.82,2.3600000000000003,-0.33999999999999986,-0.15000000000000002,-0.1,-0.16999999999999993,-0.1899999999999995
2010-08-31,-0.006844577353054989,0.00035720689209939386,0.0,0.03376035354396113,-0.015790959370808128,0.010974035647899043,0.035798981751902825,0.0002581428204939442,0.0010654420156788293,0.0006774320792406078,-0.0005238333931652986,-0.05411170297290579,0.00079440093143606,0.0,2.94,0.55,0.18,1.8,2.3899999999999997,-0.03000000000000025,-0.05999999999999994,0.09,-0.020000000000000018,0.02999999999999936
2010-09-30,0.04826674154994904,0.00036999426390455544,0.0,-0.006844577353054989,0.01801841484659254,0.0022920132596990356,0.03787661933030803,0.00035720689209939386,0.0004657753087508603,0.0006292958519289768,9.906407160544965e-05,0.015880041131063484,0.0006976478256086085,0.0,2.47,0.47,0.21,1.52,2.0,-0.46999999999999975,-0.08000000000000007,0.03,-0.28,-0.3899999999999997
2010-10-31,0.007822847990453219,0.0006164906140108138,0.0,0.04826674154994904,0.07518251774085519,0.03056725192572655,0.06053129269480949,0.00036999426390455544,0.0003284479921659645,0.0006157494128490682,1.278737180516158e-05,-0.05452810228556437,0.0007637106016002145,0.0,2.53,0.42,0.15,1.78,2.11,0.05999999999999961,-0.04999999999999999,-0.06,0.26,0.10999999999999988
2010-11-30,-0.021440264426181462,0.0005583411268017647,1.0,0.007822847990453219,0.04924501218734728,0.03345405281653914,0.07157735156268379,0.0006164906140108138,0.0004478972566715877,0.0006050362543528921,0.00024649635010625835,-0.020792556824192576,0.0010122205461165928,0.0,2.63,0.34,0.2,2.13,2.29,0.10000000000000009,-0.07999999999999996,0.05000000000000002,0.34999999999999987,0.18000000000000016
2010-12-31,0.034995550616520876,0.0003124061038021995,0.0,-0.021440264426181462,0.03464932511422081,0.05266773996081334,0.02868990992583125,0.0005583411268017647,0.000514942001572378,0.0005910333351338862,-5.814948720904911e-05,0.04927971943762265,0.0008393332277174854,0.0,2.81,0.45,0.2,2.07,2.36,0.18000000000000016,0.10999999999999999,0.0,-0.06000000000000005,0.06999999999999984
2011-01-31,-0.015185498513005142,0.0003716989710760544,1.0,0.034995550616520876,0.021378134180792638,0.09656065192164781,0.06234547131139868,0.0003124061038021995,0.000495745948204926,0.0005748960243748021,-0.00024593502299956517,-0.034195215493216295,0.0007242039961146374,0.0,3.3,0.61,0.13,2.3,2.69,0.48999999999999977,0.15999999999999998,-0.07,0.22999999999999998,0.33000000000000007
2011-02-28,0.007621469767810779,0.000333316958893233,0.0,-0.015185498513005142,-0.001630212322665723,0.04761479986468154,0.05858883551258058,0.0003716989710760544,0.0004141487338933396,0.0005728602442640829,5.9292867273854906e-05,-0.015531436664278126,0.000624837314801036,0.0,3.42,0.58,0.17,2.34,2.84,0.1200000000000001,-0.030000000000000027,0.04000000000000001,0.040000000000000036,0.1499999999999999
2011-03-31,0.021648840898042733,0.00031107485416338135,0.0,0.007621469767810779,0.027431521871326518,0.062080846985547306,0.06437286024524634,0.000333316958893233,0.000339140677923829,0.0005657797190944193,-3.838201218282143e-05,-0.012148790836225552,0.0004136709853830023,0.0,3.42,0.69,0.16,2.39,2.73,0.0,0.10999999999999999,-0.010000000000000009,0.050000000000000266,-0.10999999999999988
2011-04-30,0.031407187822872,0.00033323087367120256,0.0,0.021648840898042733,0.014084812152848375,0.035462946333641006,0.06603019825936755,0.00031107485416338135,0.00033869692804422294,0.0005682196569338633,-2.2242104729851644e-05,-0.013673748184924514,0.00040275301058512744,0.0,3.47,0.8,0.1,2.48,2.67,0.050000000000000266,0.1100000000000001,-0.06,0.08999999999999986,-0.06000000000000005
2011-05-31,-0.018811832624461268,0.00042253065236731843,1.0,0.031407187822872,0.06067749848872552,0.05904728616605979,0.09250133898259892,0.00033323087367120256,0.0003258742289092723,0.0005633405587882572,2.2156019507821203e-05,-0.039312605167671724,0.00041195274161473223,0.0,3.32,0.61,0.09,2.57,2.71,-0.15000000000000036,-0.19000000000000006,-0.010000000000000009,0.08999999999999986,0.040000000000000036
2011-06-30,0.005165495461917049,0.0003732446895223998,0.0,-0.018811832624461268,0.034244196096453475,0.06167571796777998,0.11434345792859332,0.00042253065236731843,0.00035561212673396745,0.00041886752874525864,8.929977869611588e-05,0.018444567893784593,0.0006503110512058847,0.0,3.05,0.45,0.1,2.25,2.5999999999999996,-0.27,-0.15999999999999998,0.010000000000000009,-0.31999999999999984,-0.11000000000000032
2011-07-31,0.0038568359236862675,0.00033641247358437426,0.0,0.005165495461917049,0.01776085066032779,0.03184566281317616,0.12840631473482397,0.0003732446895223998,0.0003763354051869736,0.0003848065684005218,-4.9285962844918636e-05,-0.005639020319890113,0.0008045494118232624,0.0,3.18,0.45,0.07,2.43,2.73,0.13000000000000034,0.0,-0.03,0.18000000000000016,0.13000000000000034
2011-08-31,-0.021180825129080393,0.001326085698064617,1.0,0.0038568359236862675,-0.009789501238857945,0.05088799724986757,0.0985027971145491,0.00033641247358437426,0.0003773959384913642,0.00039132903949139094,-3.683221593802553e-05,-0.008994121727222923,0.0006390040961459954,0.0,2.82,0.36,0.11,2.44,2.46,-0.3600000000000003,-0.09000000000000002,0.039999999999999994,0.009999999999999787,-0.27
2011-09-30,-0.10153309757363563,0.0020210782284972697,1.0,-0.021180825129080393,-0.01215849374347707,0.022085702352976397,0.08416654933852369,0.001326085698064617,0.0006785809537237971,0.0004720689399884929,0.0009896732244802427,0.0019001707562242645,0.0007569999005250805,0.0,2.23,0.2,0.08,2.05,2.03,-0.5899999999999999,-0.15999999999999998,-0.03,-0.3900000000000001,-0.43000000000000016
2011-10-31,0.0504468907194361,0.0014517127391332916,0.0,-0.10153309757363563,-0.11885708677902974,-0.10109623611870197,-0.06563328978506097,0.0020210782284972697,0.0012278588000487537,0.000609659270371219,0.0006949925304326526,0.05718475712029581,0.000976184352753926,0.0,1.92,0.25,0.06,1.75,1.67,-0.31000000000000005,0.04999999999999999,-0.020000000000000004,-0.2999999999999998,-0.3599999999999999
2011-11-30,-0.02986682732464609,0.0014298477688942705,1.0,0.0504468907194361,-0.07226703198327991,-0.08205653322213786,-0.023009247056078083,0.0014517127391332916,0.0015996255552317262,0.0006792611141314256,-0.000569365489363978,-0.033731551411933465,0.0012593347333139703,0.0,2.17,0.25,0.09,2.09,1.92,0.25,0.0,0.03,0.33999999999999986,0.25
2011-12-31,-0.01697440056547628,0.0006683642424226971,1.0,-0.02986682732464609,-0.08095303417884561,-0.09311152792232269,-0.03143580995454272,0.0014298477688942705,0.0016342129121749442,0.0007518866676391344,-2.1864970239021198e-05,0.022462414420007227,0.000951882311378993,0.0,2.08,0.25,0.1,2.05,1.83,-0.08999999999999986,0.0,0.010000000000000009,-0.040000000000000036,-0.08999999999999986
2012-01-31,0.052891175869125284,0.000760950225855897,0.0,-0.01697440056547628,0.0036056628293137383,-0.11525142394971602,-0.08340576113653987,0.0006683642424226971,0.0011833082501500865,0.000781549845857509,-0.0007614835264715733,0.018415166012473515,0.00045998974816625833,0.0,1.89,0.25,0.04,1.96,1.64,-0.19000000000000017,0.0,-0.060000000000000005,-0.08999999999999986,-0.19000000000000017
2012-02-29,0.020962986411641578,0.00033970071964902306,0.0,0.052891175869125284,0.00604994797900292,-0.066217084004277,-0.015329086754409443,0.000760950225855897,0.0009530540790576216,0.0008139874504224961,9.258598343319985e-05,-0.01569863429845604,0.0006147692243512901,0.0,1.83,0.22,0.11,2.11,1.61,-0.05999999999999983,-0.03,0.07,0.1499999999999999,-0.029999999999999805
2012-03-31,-0.012811667473760825,0.0006194426433189653,0.0,0.020962986411641578,0.056879761715290585,-0.024073272463555034,-0.0019875701105786445,0.00033970071964902306,0.0005896717293092059,0.0008145194304854785,-0.0004212495062068739,-0.00725982040476748,0.00035299777401612926,0.0,1.98,0.3,0.1,2.26,1.68,0.1499999999999999,0.07999999999999999,-0.009999999999999995,0.1499999999999999,0.06999999999999984
2012-04-30,-0.001911869992997113,0.0003228484173008236,0.0,-0.012811667473760825,0.06104249480700605,0.06464815763631977,-0.0364480784823822,0.0006194426433189653,0.0005733645296079619,0.000840216746248444,0.0002797419236699422,-0.0022795126219914462,0.0004474115784316398,0.0,2.23,0.33,0.09,2.32,1.9,0.25,0.030000000000000027,-0.010000000000000009,0.06000000000000005,0.21999999999999997
2012-05-31,-0.06728553782540676,0.0006601325532946136,1.0,-0.001911869992997113,0.006239448944883647,0.012289396923886553,-0.06976713629825132,0.0003228484173008236,0.00042733059342293743,0.0008393515415509122,-0.00029659422601814166,-0.004574463884312686,0.000294645412974664,0.0,1.95,0.27,0.16,2.25,1.68,-0.28,-0.06,0.07,-0.06999999999999984,-0.21999999999999997
2012-06-30,0.032228290411555775,0.0008195725870815977,0.0,-0.06728553782540676,-0.0820090752921647,-0.025129313576874118,-0.11824084149919681,0.0006601325532946136,0.0005341412046381343,0.0008591516999615203,0.00033728413599379,0.05269067905829558,0.00036936238179862346,0.0,1.59,0.27,0.16,2.09,1.32,-0.3599999999999999,0.0,0.0,-0.16000000000000014,-0.3599999999999999
2012-07-31,0.004943199811802428,0.0005820000460021575,0.0,0.032228290411555775,-0.0369691174068481,0.024073377400157935,-0.09117804654955808,0.0008195725870815977,0.0006008511858923451,0.0008963456914247867,0.00015944003378698412,-0.02287824784876792,0.0005881706753789249,0.0,1.67,0.33,0.09,2.13,1.3399999999999999,0.07999999999999985,0.06,-0.07,0.040000000000000036,0.019999999999999796
2012-08-31,0.0034456602909255763,0.0003259433040754406,0.0,0.004943199811802428,-0.030114047602048555,-0.023874598657164924,-0.09009168266144192,0.0005820000460021575,0.0006872350621261232,0.000916811322459602,-0.00023757254107944017,0.010624198109360822,0.000490453997740597,0.0,1.51,0.23,0.13,2.2,1.28,-0.15999999999999992,-0.1,0.04000000000000001,0.07000000000000028,-0.05999999999999983
2012-09-30,0.020910215030564713,0.00034778439837892405,0.0,0.0034456602909255763,0.04061715051428379,-0.04139192477788092,-0.06546519724143596,0.0003259433040754406,0.0005758386457197321,0.000833466122960504,-0.00025605674192671695,-0.018218669220862165,0.00039568350303126245,0.0,1.57,0.22,0.13,2.25,1.35,0.06000000000000005,-0.010000000000000009,0.0,0.04999999999999982,0.07000000000000006
2012-10-31,-0.010157387780031403,0.00023903380481619835,0.0,0.020910215030564713,0.029299075133292725,-0.007670042273555385,0.05697811536276439,0.00034778439837892405,0.00041857591615217417,0.0006940249704506418,2.1841094303483462e-05,-0.0171870736470556,0.00035020320842648727,0.0,1.65,0.23,0.09,2.42,1.42,0.07999999999999985,0.010000000000000009,-0.04000000000000001,0.16999999999999993,0.06999999999999984
2012-11-30,0.01159993591349097,0.00025053019835867817,0.0,-0.010157387780031403,0.014198487541458896,-0.015915560060589674,-0.003626163136703114,0.00023903380481619835,0.0003042538357568545,0.000592968392590884,-0.0001087505935627257,-0.0013696845379061364,0.00021619207933377686,0.0,1.72,0.3,0.18,2.5,1.42,0.07000000000000006,0.06999999999999998,0.09,0.08000000000000007,0.0
2012-12-31,0.013365493054861474,7.28039336300496e-05,0.0,0.01159993591349097,0.02235276316402429,0.06296991367830806,0.03784060010143395,0.00025053019835867817,0.000279116133851267,0.0004946919283795847,1.1496393542479827e-05,0.0013696845379061026,0.00019608187287838163,0.0,1.62,0.25,0.16,2.41,1.37,-0.09999999999999987,-0.04999999999999999,-0.01999999999999999,-0.08999999999999986,-0.04999999999999982
2013-01-31,0.003786055017455409,0.00011478822539346352,0.0,0.013365493054861474,0.014808041188321049,0.04410711632161376,0.0681804937217717,7.28039336300496e-05,0.00018745597893497548,0.000445061902646864,-0.00017772626472862857,-0.0050308864509707105,0.0001438514004352694,0.0,1.78,0.25,0.09,2.45,1.53,0.15999999999999992,0.0,-0.07,0.040000000000000036,0.15999999999999992
2013-02-28,-0.0042605706957932615,0.00018252314412538022,0.0,0.003786055017455409,0.02875148398580786,0.04294997152726674,0.019075372870101824,0.00011478822539346352,0.00014604078579406388,0.00039121506927499464,4.198429176341392e-05,-0.008749641626527858,0.00025781372110786414,0.0,2.02,0.27,0.15,2.59,1.75,0.24,0.020000000000000018,0.06,0.13999999999999968,0.21999999999999997
2013-03-31,-0.0009490768902696044,8.880806784674251e-05,0.0,-0.0042605706957932615,0.01289097737652363,0.0352437405405479,-0.006148184237333015,0.00018252314412538022,0.00012337176771629792,0.0003781169379813577,6.77349187319167e-05,0.034101767001010176,0.0002141410898879924,0.0,1.89,0.25,0.14,2.53,1.64,-0.13000000000000012,-0.020000000000000018,-0.009999999999999981,-0.06000000000000005,-0.1100000000000001
2013-04-30,0.012270056709911333,0.0002478468259768728,0.0,-0.0009490768902696044,-0.0014235925686074504,0.013384448619713583,0.0057144063461582045,8.880806784674251e-05,0.00012870647912186224,0.0003338973900253391,-9.371507627863771e-05,0.010229250994045357,0.0003274510295807841,0.0,1.87,0.25,0.09,2.51,1.62,-0.019999999999999796,0.0,-0.05000000000000002,-0.020000000000000018,-0.019999999999999796
2013-05-31,-0.04313078351113733,0.0003027593343735484,1.0,0.012270056709911333,0.007060409123848473,0.035811893109656316,0.01989633304906665,0.0002478468259768728,0.0001730593459829987,0.00032764725741500986,0.0001590387581301303,-0.017857595556864985,0.0003397641006511578,0.0,1.7,0.22,0.14,2.34,1.48,-0.17000000000000015,-0.03,0.05000000000000002,-0.16999999999999993,-0.14000000000000012
2013-06-30,-0.01828558406653001,0.0010022326732030255,1.0,-0.04313078351113733,-0.031809803691495595,-0.018918826314971986,0.04405108736333607,0.0003027593343735484,0.00021313807606572138,0.00029786615583825445,5.4912508396675567e-05,0.018299884150459095,0.0005093419424956179,0.0,2.16,0.3,0.09,2.21,1.86,0.4600000000000002,0.07999999999999999,-0.05000000000000002,-0.1299999999999999,0.3800000000000001
2013-07-31,0.008443022119705967,0.0005274122554989471,0.0,-0.01828558406653001,-0.049146310867756005,-0.05056990343636347,-0.0064627871147497,0.0010022326732030255,0.0005176129445178157,0.0003130878296817068,0.0006994733388294771,-0.0022138065739793393,0.0005153646720407812,0.0,2.52,0.36,0.07,1.99,2.16,0.3599999999999999,0.06,-0.01999999999999999,-0.21999999999999997,0.30000000000000004
2013-08-31,-0.028594759479229296,0.0004773086544733111,1.0,0.008443022119705967,-0.05297334545796137,-0.04591293633411291,-0.0029629648068461613,0.0005274122554989471,0.0006108014210251738,0.0003085388471397726,-0.0004748204177040784,-0.021053456569757305,0.0007687538858292396,0.0,2.6,0.31,0.09,2.22,2.29,0.08000000000000007,-0.04999999999999999,0.01999999999999999,0.2300000000000002,0.1299999999999999
2013-09-30,0.02413378602794024,0.0004524883150392381,0.0,-0.028594759479229296,-0.03843732142605333,-0.07024712511754895,-0.035003384577001036,0.0004773086544733111,0.0006689845277250947,0.00032115262633959516,-5.010360102563596e-05,0.004516714435457552,0.00035131672619819187,0.0,2.78,0.39,0.07,2.1,2.3899999999999997,0.17999999999999972,0.08000000000000002,-0.01999999999999999,-0.1200000000000001,0.09999999999999964
2013-10-31,0.01577171326162163,0.00023829053833710704,0.0,0.02413378602794024,0.003982048668416924,-0.04516426219933911,-0.031779813579625504,0.0004524883150392381,0.0004857364083371656,0.0003298779527279546,-2.4820339434073022e-05,-0.02556053127658527,0.00031668184990376664,0.0,2.64,0.33,0.06,2.19,2.31,-0.13999999999999968,-0.06,-0.010000000000000009,0.08999999999999986,-0.07999999999999963
2013-11-30,-0.016765602290315734,0.00036787208366067885,1.0,0.01577171326162163,0.011310739810332588,-0.0416626056476288,-0.00585071253797247,0.00023829053833710704,0.00038936250261655225,0.00032981601385469704,-0.00021419777670213106,0.0,0.00031218629878067386,0.0,2.57,0.31,0.07,2.17,2.26,-0.07000000000000028,-0.020000000000000018,0.010000000000000009,-0.020000000000000018,-0.050000000000000266
2013-12-31,-0.0024896044792981965,0.0009782086695425836,0.0,-0.016765602290315734,0.02313989699924615,-0.015297424426807205,-0.034216250741779176,0.00036787208366067885,0.0003528836456790081,0.0003395945042965304,0.0001295815453235718,0.003231090724444572,0.00018228857179169923,0.0,2.75,0.28,0.07,2.15,2.4699999999999998,0.18000000000000016,-0.02999999999999997,0.0,-0.020000000000000018,0.20999999999999996
2014-01-31,-0.028826266863369105,0.000345409504204527,1.0,-0.0024896044792981965,-0.00348349350799229,0.0004985551604246101,-0.05007134827593885,0.0009782086695425836,0.0005281237638467899,0.00041504489895590824,0.0006103365858819048,-0.008329494353406991,0.0001280933872053127,0.0,3.04,0.38,0.07,2.24,2.66,0.29000000000000004,0.09999999999999998,0.0,0.0900000000000003,0.1900000000000004
2014-02-28,0.02031561491208827,0.0004535574696640902,0.0,-0.028826266863369105,-0.04808147363298303,-0.03677073382265046,-0.08268367015676337,0.000345409504204527,0.0005638300858025966,0.0004342633388568302,-0.0006327991653380567,0.014302428853024286,0.00029385444592677735,0.0,2.67,0.34,0.07,2.14,2.33,-0.3700000000000001,-0.03999999999999998,0.0,-0.10000000000000009,-0.33000000000000007
2014-03-31,0.014474883905605881,0.00048373211629237797,0.0,0.02031561491208827,-0.011000256430579024,0.012139640568667103,-0.05810748454888183,0.0004535574696640902,0.000592391881137067,0.0004568495326517227,0.00010814796545956321,-0.02082929348448681,0.000137553347987328,0.0,2.66,0.33,0.06,2.17,2.33,-0.009999999999999787,-0.010000000000000009,-0.010000000000000009,0.029999999999999805,0.0
2014-04-30,0.001980235004956597,0.00016719801842570616,0.0,0.014474883905605881,0.005964231954325053,0.002480738446332743,-0.042683523753006346,0.00048373211629237797,0.0004275663633869985,0.0004897598700221923,3.0174646628287752e-05,0.0037346996368027062,0.0001477648541896901,0.0,2.73,0.44,0.06,2.13,2.29,0.06999999999999984,0.10999999999999999,0.0,-0.040000000000000036,-0.040000000000000036
2014-05-31,0.012776549169939224,0.0002855357135788692,0.0,0.001980235004956597,0.03677073382265075,-0.011310739810332291,-0.05297334545796108,0.00016719801842570616,0.0003681625347940582,0.00048303913605959506,-0.00031653409786667184,-0.00842293534050223,9.784936843701162e-05,0.0,2.67,0.42,0.09,2.18,2.25,-0.06000000000000005,-0.020000000000000018,0.03,0.050000000000000266,-0.040000000000000036
2014-06-30,0.004384903178365793,0.00018464789438688904,0.0,0.012776549169939224,0.029231668080501712,0.018231411649922667,0.0029339872231154765,0.0002855357135788692,0.00031215528276565117,0.00048160383432670515,0.00011833769515316302,0.008889032870326889,9.400236295531785e-05,0.0,2.48,0.37,0.08,2.22,2.11,-0.18999999999999995,-0.04999999999999999,-0.009999999999999995,0.040000000000000036,-0.14000000000000012
2014-07-31,-0.0019464006306012165,0.0001247806703144465,0.0,0.004384903178365793,0.019141687353261626,0.02510591930758666,0.02560447446801128,0.00018464789438688904,0.0002124605421304882,0.0004134717694253605,-0.00010088781919198014,-0.009829452210340432,0.00011606604774900596,0.0,2.53,0.47,0.09,2.26,2.0599999999999996,0.04999999999999982,0.09999999999999998,0.009999999999999995,0.03999999999999959,-0.050000000000000266
2014-08-31,-0.01769076677996239,0.0002689270539539277,1.0,-0.0019464006306012165,0.01521505171770381,0.051985785540354545,0.0152150517177041,0.0001247806703144465,0.00019832142609340164,0.00037991913732665205,-5.986722407244253e-05,0.02232657003322973,6.948443333607523e-05,0.0,2.58,0.53,0.08,2.29,2.05,0.050000000000000266,0.06000000000000005,-0.009999999999999995,0.03000000000000025,-0.009999999999999787
2014-09-30,-0.024085453074060216,0.00043750280119281753,1.0,-0.01769076677996239,-0.015252264232197804,0.013979403848303887,0.026119044416971,0.0002689270539539277,0.00019278520621842117,0.0003625540039500368,0.0001441463836394812,0.012797318661542031,8.552269307277387e-05,0.0,2.35,0.48,0.07,2.12,1.87,-0.22999999999999998,-0.050000000000000044,-0.009999999999999995,-0.16999999999999993,-0.17999999999999972
2014-10-31,0.0005075557312045893,0.000653891107640408,0.0,-0.024085453074060216,-0.04372262048462382,-0.024580933131362212,-0.022100194685029457,0.00043750280119281753,0.0002770701751537307,0.00036130521112950176,0.00016857574723888981,0.03787488349535405,0.0003229565652069787,0.0,2.52,0.58,0.07,1.97,1.94,0.16999999999999993,0.09999999999999998,0.0,-0.15000000000000013,0.06999999999999984
2014-11-30,-0.028315840923993644,0.00036690944229836537,1.0,0.0005075557312045893,-0.04126866412281801,-0.02605361240511422,-0.0373643522154465,0.000653891107640408,0.0004534403209290511,0.00039593859190477685,0.00021638830644759042,0.009573623978908154,0.0007356725498293246,0.0,2.35,0.5,0.07,1.92,1.85,-0.16999999999999993,-0.07999999999999996,0.0,-0.050000000000000044,-0.08999999999999986
2014-12-31,-0.029678988614864555,0.0005917243059279313,1.0,-0.028315840923993644,-0.05189373826684926,-0.06714600249904709,-0.048914590849124404,0.00036690944229836537,0.00048610111704386366,0.00039585837179125064,-0.0002869816653420426,0.016323250709399106,0.00038363380525211,0.0,2.18,0.47,0.08,1.79,1.7100000000000002,-0.16999999999999993,-0.030000000000000027,0.009999999999999995,-0.1299999999999999,-0.1399999999999999
2015-01-31,-0.016816214184213245,0.0002558119497212128,0.0,-0.029678988614864555,-0.0574872738076536,-0.10120989429227743,-0.07610397498469076,0.0005917243059279313,0.0005375082852889017,0.00036365134149002966,0.0002248148636295659,0.0210801121214611,0.0005405963457718242,0.0,2.17,0.67,0.06,1.68,1.5,-0.010000000000000231,0.20000000000000007,-0.020000000000000004,-0.1100000000000001,-0.2100000000000002
2015-02-28,0.003822229192892896,0.00045002383618488373,0.0,-0.016816214184213245,-0.07481104372307143,-0.11607970784588947,-0.0640939223055349,0.0002558119497212128,0.0004048152326491699,0.0003561848786164202,-0.0003359123562067185,0.04725939703309966,0.0006498224821630298,0.0,1.68,0.47,0.06,1.65,1.21,-0.49,-0.20000000000000007,0.0,-0.030000000000000027,-0.29000000000000004
2015-03-31,-0.008757741358425098,0.0008414042932576732,0.0,0.003822229192892896,-0.0426729736061849,-0.09456671187303417,-0.08058730802473027,0.00045002383618488373,0.00043252003061134266,0.00035589040915981956,0.00019421188646367093,0.0027817030262895608,0.000619017574008516,0.0,2.0,0.63,0.06,1.83,1.37,0.32000000000000006,0.16000000000000003,0.0,0.18000000000000016,0.16000000000000014
2015-04-30,0.029254637404059092,0.0004339450085850951,0.0,-0.008757741358425098,-0.021751726349745436,-0.07923900015739907,-0.10381993328876127,0.0008414042932576732,0.0005157466930545899,0.00038569642390692756,0.00039138045707278943,0.027398851753837643,0.0016378551688671164,0.0,1.94,0.56,0.06,1.76,1.38,-0.06000000000000005,-0.06999999999999995,0.0,-0.07000000000000006,0.009999999999999787
2015-05-31,-0.017776027307544996,0.0005210346133324036,0.0,0.029254637404059092,0.0243191252385269,-0.05049191848454456,-0.07654553088965876,0.0004339450085850951,0.0005751243793425507,0.00040792533975354334,-0.00040745928467257803,-0.03897349306469203,0.0007800738784507174,0.0,2.05,0.58,0.08,1.94,1.4699999999999998,0.10999999999999988,0.019999999999999907,0.020000000000000004,0.17999999999999994,0.08999999999999986
2015-06-30,-0.012028615229217407,0.00046799416235762957,0.0,-0.017776027307544996,0.002720868738089008,-0.03995210486809591,-0.10709810736714298,0.0005210346133324036,0.0005987946383917241,0.0004275502480663378,8.708960474730848e-05,0.02183919109906559,0.00078047891996882,0.0,2.12,0.61,0.08,1.8,1.5100000000000002,0.07000000000000028,0.030000000000000027,0.0,-0.1399999999999999,0.04000000000000048
2015-07-31,-0.03185510143634027,0.0005010825960467705,1.0,-0.012028615229217407,-0.0005500051327033007,-0.02230173148244876,-0.12351162577472617,0.00046799416235762957,0.00047432459475837616,0.0004511624370638995,-5.304045097477404e-05,-0.017033585315412346,0.0009001388166886709,0.0,2.35,0.64,0.08,1.87,1.71,0.22999999999999998,0.030000000000000027,0.0,0.07000000000000006,0.19999999999999973
2015-08-31,-0.03349046687005777,0.0005941173645831646,1.0,-0.03185510143634027,-0.061659743973102664,-0.03734061873457579,-0.15342032658046523,0.0005010825960467705,0.0004967037905789346,0.0004825209308749265,3.308843368914088e-05,0.01585454612436999,0.0005069211678722674,0.0,2.2,0.67,0.08,1.74,1.5300000000000002,-0.1499999999999999,0.030000000000000027,0.0,-0.13000000000000012,-0.17999999999999972
2015-09-30,-0.013597629034117535,0.0005672607768508522,0.0,-0.03349046687005777,-0.07737418353561544,-0.07465331479752646,-0.16922002667056063,0.0005941173645831646,0.0005210647076625216,0.000509620123427363,9.303476853639412e-05,-0.014656585003489523,0.0008840553727392749,0.0,2.21,0.74,0.08,1.63,1.47,0.009999999999999787,0.06999999999999995,0.0,-0.1100000000000001,-0.060000000000000275
2015-10-31,0.02585333435643745,0.0010228681090197714,0.0,-0.013597629034117535,-0.07894319734051558,-0.0794932024732189,-0.15873220263061794,0.0005672607768508522,0.0005541535791602625,0.0005204332880655325,-2.6856587732312378e-05,0.0015947491554862692,0.0004577023815438699,0.0,2.06,0.64,0.07,1.41,1.42,-0.1499999999999999,-0.09999999999999998,-0.009999999999999995,-0.21999999999999997,-0.050000000000000044
2015-11-30,-0.01991842462738963,0.0005141247419867395,0.0,0.02585333435643745,-0.021234761547737842,-0.08289450552084053,-0.13338642400538508,0.0010228681090197714,0.0007280820834845961,0.0005511813715138127,0.00045560733216891923,0.005958348310169441,0.0006040305581476702,0.0,2.16,0.75,0.07,1.53,1.4100000000000001,0.10000000000000009,0.10999999999999999,0.0,0.1200000000000001,-0.009999999999999787
2015-12-31,-0.005934909729047819,0.0004191315867813987,0.0,-0.01991842462738963,-0.0076627193050697005,-0.08503690284068517,-0.12498900770878107,0.0005141247419867395,0.0007014178759524544,0.0005634493131545106,-0.0005087433670330319,0.03234257162920394,0.0004089163687921305,0.0,2.21,0.94,0.08,1.59,1.27,0.04999999999999982,0.18999999999999995,0.009999999999999995,0.06000000000000005,-0.14000000000000012
2016-01-31,-0.01741251561816614,0.0006007398353458554,0.0,-0.005934909729047819,1.5612511283791264e-17,-0.07894319734051558,-0.10124492882296432,0.0004191315867813987,0.0006520414792626365,0.0005490665865589663,-9.499315520534085e-05,-0.016625262371787547,0.0010493041950523467,0.0,2.27,1.06,0.2,1.54,1.21,0.06000000000000005,0.1200000000000001,0.12000000000000001,-0.050000000000000044,-0.06000000000000005
2016-02-29,0.010843544112627649,0.0007242575730468985,0.0,-0.01741251561816614,-0.043265849974603574,-0.06450061152234145,-0.10184123025691723,0.0006007398353458554,0.0005113320547046646,0.0005778105770276865,0.0001816082485644567,0.008153978821325786,0.00037075636166270876,0.0,1.94,0.76,0.29,1.41,1.18,-0.33000000000000007,-0.30000000000000004,0.08999999999999997,-0.13000000000000012,-0.030000000000000027
2016-03-31,0.0610121000706665,0.001071315604086438,0.0,0.010843544112627649,-0.012503881234586298,-0.020166600539656028,-0.09481991533718247,0.0007242575730468985,0.0005813763317247177,0.0006006633884328543,0.00012351773770104312,-0.01441128979649977,0.0006894731916929931,0.0,1.74,0.78,0.29,1.42,0.96,-0.19999999999999996,0.020000000000000018,0.0,0.010000000000000009,-0.21999999999999997
2016-04-30,0.013993987626273194,0.0007553944677001625,0.0,0.0610121000706665,0.05444312856512802,0.05444312856512801,-0.02505007390809088,0.001071315604086438,0.0007987710041597306,0.0006198226643352513,0.00034705803103953945,-0.03798169132314986,0.0005136290168290645,0.0,1.78,0.73,0.25,1.62,1.05,0.040000000000000036,-0.050000000000000044,-0.03999999999999998,0.20000000000000018,0.09000000000000008
2016-05-31,-0.04026617701949042,0.0008458141339148455,1.0,0.013993987626273194,0.08584963180956735,0.04258378183496375,-0.04031072368587677,0.0007553944677001625,0.000850322548277833,0.000646610119261507,-0.00031592113638627547,-0.01809261561794185,0.00033169252335798127,0.0,1.83,0.77,0.3,1.71,1.06,0.050000000000000044,0.040000000000000036,0.04999999999999999,0.08999999999999986,0.010000000000000009
2016-06-30,0.0341331258437343,0.0012160652345275917,0.0,-0.04026617701949042,0.03473991067744928,0.02223602944286296,-0.0628008733978222,0.0008458141339148455,0.000890841401900482,0.0006736750793100438,9.041966621468303e-05,0.030243419467215125,0.00023770967297193315,0.0,1.84,0.87,0.29,1.54,0.9700000000000001,0.010000000000000009,0.09999999999999998,-0.010000000000000009,-0.16999999999999993,-0.08999999999999997
2016-07-31,0.0050208682343064704,0.0010061000900017385,0.0,0.0341331258437343,0.007860936450517081,0.062304065015645074,-0.016639132324870493,0.0012160652345275917,0.0009390912787142,0.0007360143353242074,0.00037025110061274615,0.0,0.001302381655834009,0.0,1.49,0.58,0.3,1.4,0.91,-0.3500000000000001,-0.29000000000000004,0.010000000000000009,-0.14000000000000012,-0.06000000000000005
2016-08-31,-0.0027863750636860185,0.0005859369863753178,0.0,0.0050208682343064704,-0.0011121829414496428,0.08473744886811768,0.020236837345776252,0.0010061000900017385,0.001022659819481392,0.0007780991264871214,-0.0002099651445258532,-0.006867290905772877,0.0003751749447862311,0.0,1.46,0.67,0.3,1.49,0.7899999999999999,-0.030000000000000027,0.09000000000000008,0.0,0.09000000000000008,-0.1200000000000001
2016-09-30,0.015504164686735445,0.0006590030273571103,0.0,-0.0027863750636860185,0.036367619014354764,0.07110752969180402,0.050940929152148,0.0005859369863753178,0.0009360341036348828,0.0007774174283031341,-0.0004201631036264207,0.006061796137659683,0.0004042627166984996,0.0,1.58,0.8,0.3,1.47,0.78,0.1200000000000001,0.13,0.0,-0.020000000000000018,-0.009999999999999898
2016-10-31,-0.00440525239916577,0.0003383380181157811,0.0,0.015504164686735445,0.017738657857355906,0.025599594307872967,0.08004272287300097,0.0006590030273571103,0.0007503467012447222,0.0007850626158453223,7.30660409817925e-05,-0.00565651886694576,0.00029645763258727073,0.0,1.6,0.77,0.29,1.6,0.8300000000000001,0.020000000000000018,-0.030000000000000027,-0.010000000000000009,0.13000000000000012,0.050000000000000044
2016-11-30,-0.04457717003647984,0.0011636362703850963,1.0,-0.00440525239916577,0.008312537223883667,0.007200354282434001,0.049784136117397765,0.0003383380181157811,0.0005277593439494031,0.000728018441603323,-0.0003206650092413292,0.029542978362578087,0.0002439434303842647,0.0,1.84,0.86,0.31,1.73,0.9800000000000001,0.24,0.08999999999999997,0.020000000000000018,0.1299999999999999,0.15000000000000002
2016-12-31,0.00919028938327704,0.0003148773809869085,0.0,-0.04457717003647984,-0.033478257748910153,0.002889361265444583,0.025125390708307556,0.0011636362703850963,0.0007203257719526627,0.0007821444023031862,0.0008252982522693152,0.032129714722300286,0.0004258539497200666,0.0,2.37,1.11,0.31,1.94,1.26,0.53,0.2500000000000001,0.0,0.20999999999999996,0.2799999999999999
2017-01-31,0.021493869637936897,0.00046181440987793694,0.0,0.00919028938327704,-0.03979213305236856,-0.022053475195012676,0.04025058982063241,0.0003148773809869085,0.0006056172231625953,0.000773456551820312,-0.0008487588893981877,0.00796825593619764,0.0005242412802171887,0.0,2.45,1.2,0.55,1.95,1.2500000000000002,0.08000000000000007,0.08999999999999986,0.24000000000000005,0.010000000000000009,-0.009999999999999787
2017-02-28,0.013341063829854557,0.00024111733631007343,0.0,0.021493869637936897,-0.013893011015265896,-0.00558047379138225,0.07915697507673544,0.00046181440987793694,0.0006467760204166472,0.0007618794330313188,0.00014693702889102844,-0.027976525719578798,0.000669789897436459,0.0,2.45,1.19,0.56,2.05,1.2600000000000002,0.0,-0.010000000000000009,0.010000000000000009,0.09999999999999987,0.010000000000000009
2017-03-31,0.01262009182258906,0.000523904674564762,0.0,0.013341063829854557,0.04402522285106851,0.010546965102158325,0.08165449479396235,0.00024111733631007343,0.00033926970905830627,0.0007216177466365833,-0.0002206970735678635,0.014660809196253677,0.00015484295783515755,0.0,2.36,1.22,0.57,2.02,1.14,-0.0900000000000003,0.030000000000000027,0.009999999999999898,-0.029999999999999805,-0.12000000000000033
2017-04-30,0.002722591571081725,0.00017820498172080505,0.0,0.01262009182258906,0.04745502529038052,0.007662892238011939,0.033262486545884914,0.000523904674564762,0.00040894547358425744,0.0006760001691764436,0.00028278733825468853,-0.0061468182867968416,0.0005309721716816992,0.0,2.4,1.27,0.82,1.97,1.13,0.040000000000000036,0.050000000000000044,0.25,-0.050000000000000044,-0.010000000000000009
2017-05-31,0.01564647129703627,0.00040580020806386984,0.0,0.002722591571081725,0.028683747223525353,0.014790736208259435,0.02199109049069345,0.00017820498172080505,0.00031440899753188014,0.0006279010453448306,-0.0003456996928439569,-0.014751963379836058,0.00027528795846383123,0.0,2.29,1.28,0.83,1.92,1.01,-0.10999999999999988,0.010000000000000009,0.010000000000000009,-0.050000000000000044,-0.11999999999999988
2017-06-30,-0.0016072863932549276,0.00018943303210294032,0.0,0.01564647129703627,0.03098915469070707,0.07501437754177555,0.07790373880722015,0.00040580020806386984,0.00036930328811647894,0.0005912332181905826,0.0002275952263430648,-0.019348952989262407,0.0003601502100218959,0.0,2.21,1.28,0.83,1.81,0.9299999999999999,-0.08000000000000007,0.0,0.0,-0.10999999999999988,-0.08000000000000007
2017-07-31,0.01701236231407808,0.0002562888371268896,0.0,-0.0016072863932549276,0.016761776474863082,0.06421680176524358,0.04216332657023092,0.00018943303210294032,0.0002578127406292051,0.000505680534655195,-0.00021636717596092953,-0.013245146639340006,0.00030798663836818123,0.0,2.31,1.38,1.06,1.73,0.9300000000000002,0.10000000000000009,0.09999999999999987,0.2300000000000001,-0.08000000000000007,2.220446049250313e-16
2017-08-31,0.008921795475224339,0.00013505685844184155,0.0,0.01701236231407808,0.031051547217859438,0.059735294441384756,0.05415482065000253,0.0002562888371268896,0.0002838406924312332,0.0004431962635822909,6.685580502394927e-05,-0.027859372775816946,0.0002968791233380802,0.0,2.3,1.34,1.07,1.82,0.9599999999999997,-0.010000000000000231,-0.039999999999999813,0.010000000000000009,0.09000000000000008,0.029999999999999583
2017-09-30,-0.008921795475224275,0.0001616462029413845,0.0,0.008921795475224339,0.024326871396047507,0.05531602608675454,0.06586299118891288,0.00013505685844184155,0.00019359290922389046,0.00040562291958783455,-0.00012123197868504803,-0.0016631431916397836,0.0003434780936915883,0.0,2.12,1.33,1.07,1.76,0.79,-0.17999999999999972,-0.010000000000000009,0.0,-0.06000000000000005,-0.1699999999999997
2017-10-31,-0.007407167625363547,0.00035459792802129697,0.0,-0.008921795475224275,0.017012362314078162,0.03377413878894121,0.04143703102695316,0.0001616462029413845,0.00018433063283670518,0.0003641765175531908,2.6589344499542946e-05,0.006222835400173328,0.00035683278861237263,0.0,2.33,1.47,1.06,1.84,0.8600000000000001,0.20999999999999996,0.1399999999999999,-0.010000000000000009,0.08000000000000007,0.07000000000000006
2017-11-30,0.015806322026925935,0.0002664852788039176,0.0,-0.007407167625363547,-0.007407167625363465,0.023644379592495938,0.038435115800755384,0.00035459792802129697,0.00021710032980150766,0.0003655315100453171,0.00019295172507991247,0.016407146396253115,0.00031677217836997764,0.0,2.38,1.6,1.07,1.88,0.7799999999999998,0.04999999999999982,0.13000000000000012,0.010000000000000009,0.039999999999999813,-0.0800000000000003
2017-12-31,0.015560478746406304,0.00018001456349626876,0.0,0.015806322026925935,-0.000522641073661869,0.0238042303223856,0.09881860786416116,0.0002664852788039176,0.00026090980325553303,0.0002907689274135522,-8.811264921737935e-05,-0.01599375240640483,0.0002270315401211306,0.0,2.42,1.78,1.07,1.86,0.6399999999999999,0.040000000000000036,0.17999999999999994,0.0,-0.019999999999999796,-0.1399999999999999
2018-01-31,0.028413846093310796,0.0002974542097854267,0.0,0.015560478746406304,0.023959633147968708,0.04097199546204683,0.10518879722729044,0.00018001456349626876,0.0002670325901071611,0.00027953035928933223,-8.647071530764886e-05,-0.00569433743966072,0.00013905299348791221,0.0,2.4,1.89,1.33,1.96,0.51,-0.020000000000000018,0.10999999999999988,0.26,0.09999999999999987,-0.1299999999999999
2018-02-28,-0.0090451757531648,0.0005009100462188043,0.0,0.028413846093310796,0.05978064686664305,0.05237347924127955,0.11210877368266434,0.0002974542097854267,0.00024798468402853767,0.00026583367594828973,0.00011743964628915796,-0.03299796364560421,0.00037547121719389264,0.0,2.72,2.14,1.34,2.11,0.5800000000000001,0.3200000000000003,0.2500000000000002,0.010000000000000009,0.1499999999999999,0.07000000000000006
2018-03-31,0.0045327591381983945,0.0002956971421506316,0.0,-0.0090451757531648,0.034929149086552314,0.034406508012890406,0.08972253409964497,0.0005009100462188043,0.00032612627316683327,0.00028748306844068395,0.0002034558364333776,0.018748038330634802,0.00043639330872590886,0.0,2.87,2.25,1.35,2.12,0.6200000000000001,0.1499999999999999,0.10999999999999988,0.010000000000000009,0.010000000000000231,0.040000000000000036
2018-04-30,-0.022358616226893033,0.00036411962072824055,1.0,0.0045327591381983945,0.023901429478344408,0.04786106262631308,0.08163520141525431,0.0002956971421506316,0.0003646871327182875,0.00026846577407283975,-0.00020521290406817273,-0.0033827382373120174,0.00036473310456676937,0.0,2.74,2.27,1.67,2.05,0.4700000000000002,-0.1299999999999999,0.020000000000000018,0.31999999999999984,-0.07000000000000028,-0.1499999999999999
2018-05-31,-0.025502446399420144,0.0005769580419914699,1.0,-0.022358616226893033,-0.026871032841859422,0.032909614024783596,0.056553993617279544,0.00036411962072824055,0.00038690893636589215,0.00028395866065679274,6.842247857760897e-05,0.02178546275700085,0.0002081355330335386,0.0,2.95,2.49,1.69,2.17,0.45999999999999996,0.20999999999999996,0.2200000000000002,0.020000000000000018,0.1200000000000001,-0.010000000000000231
2018-06-30,-0.021311211635931335,0.0004567347171782523,1.0,-0.025502446399420144,-0.04332830348811477,-0.008399154401562487,0.015405075920823134,0.0005769580419914699,0.0004122582682901139,0.00029822181348409274,0.00021283842126322935,0.025773564819751415,0.00032204357522687573,0.0,2.83,2.4,1.7,2.07,0.43000000000000016,-0.1200000000000001,-0.0900000000000003,0.010000000000000009,-0.10000000000000009,-0.029999999999999805
2018-07-31,0.012841266427776365,0.0003419447023641439,0.0,-0.021311211635931335,-0.0691722742622445,-0.04527084478390013,-0.004298849321853274,0.0004567347171782523,0.0004659374599659875,0.00032049695390703537,-0.00012022332481321759,0.007243530703772258,0.00034985584316195995,0.0,2.85,2.52,1.91,2.11,0.33000000000000007,0.020000000000000018,0.1200000000000001,0.20999999999999996,0.040000000000000036,-0.10000000000000009
2018-08-31,-0.047913329350418296,0.0010487910355757482,1.0,0.012841266427776365,-0.0339723916075751,-0.06084342444943456,-0.008469945208154988,0.0003419447023641439,0.0004585458205112887,0.0003276349426768065,-0.00011479001481410841,0.0016025525828734285,0.0002845459245440972,0.0,2.96,2.67,1.91,2.12,0.29000000000000004,0.10999999999999988,0.1499999999999999,0.0,0.010000000000000231,-0.040000000000000036
2018-09-30,0.016044622166522728,0.00026453109745437793,0.0,-0.047913329350418296,-0.05638327455857325,-0.09971157804668805,-0.06530507003379762,0.0010487910355757482,0.0006158234850393813,0.00040377945743796543,0.0007068463332116043,0.008371524006171884,0.00031561970800384734,0.0,2.86,2.62,1.91,2.08,0.23999999999999977,-0.10000000000000009,-0.04999999999999982,0.0,-0.040000000000000036,-0.050000000000000266
2018-10-31,-0.012148111465135248,0.0005042605237862411,0.0,0.016044622166522728,-0.01902744075611918,-0.08819971501836371,-0.040338652392050624,0.00026453109745437793,0.0005517556117980899,0.00041235319864738154,-0.0007842599381213702,0.0027751868341566966,0.00022274311465370002,0.0,3.05,2.81,2.18,2.14,0.23999999999999977,0.18999999999999995,0.18999999999999995,0.27000000000000024,0.06000000000000005,0.0
2018-11-30,0.023065088510830105,0.0003289625740587805,0.0,-0.012148111465135248,-0.044016818649030794,-0.07798921025660593,-0.04507959623182232,0.0005042605237862411,0.0006058608856054557,0.00042482508162779354,0.0002397294263318632,0.02192719428280578,0.00019595410881885193,0.0,3.15,2.87,2.2,2.05,0.2799999999999998,0.10000000000000009,0.06000000000000005,0.020000000000000018,-0.0900000000000003,0.040000000000000036
2018-12-31,0.001127991069737214,0.00020652275045653695,0.0,0.023065088510830105,0.026961599212217607,-0.02942167534635568,-0.03782082974791815,0.0003289625740587805,0.0003659180650997997,0.00043003152289903217,-0.00017529794972746061,0.0038653694343014564,0.0003422755229338053,0.0,3.01,2.8,2.2,1.97,0.20999999999999996,-0.14000000000000012,-0.07000000000000028,0.0,-0.07999999999999985,-0.06999999999999984
2019-01-31,0.03261162216873791,0.0003610274672627373,0.0,0.001127991069737214,0.012044968115432094,-0.006982472640687135,-0.05225331742458725,0.00020652275045653695,0.00034658194943385277,0.0004322405384790545,-0.00012243982360224357,-0.007602076895626571,0.00027726671728450786,0.0,2.69,2.48,2.4,1.71,0.20999999999999996,-0.31999999999999984,-0.31999999999999984,0.19999999999999973,-0.26,0.0
2019-02-28,-0.006438031417227317,0.00018813960471631742,0.0,0.03261162216873791,0.056804701749305256,0.012787883100274414,-0.04805554134916013,0.0003610274672627373,0.00029883759725935144,0.00043753830993549704,0.00015450471680620033,-0.0023604290731132544,0.0004043359665073685,0.0,2.63,2.45,2.4,1.85,0.17999999999999972,-0.06000000000000005,-0.029999999999999805,0.0,0.14000000000000012,-0.03000000000000025
2019-03-31,-0.011911068531813576,0.0005411349176334059,0.0,-0.006438031417227317,0.027301581821247832,0.05426318103346539,-0.04544839701322265,0.00018813960471631742,0.0002518966074785304,0.00041147410647695654,-0.00017288786254641985,0.009798281227957643,0.00013250361235097132,0.0,2.73,2.52,2.4,1.95,0.20999999999999996,0.10000000000000009,0.06999999999999984,0.0,0.09999999999999987,0.03000000000000025
2019-04-30,0.0010885556241176575,0.00016942987157168922,0.0,-0.011911068531813576,0.014262522219697043,0.026307490335129087,-0.06189222468323462,0.0005411349176334059,0.00036343399653748673,0.00043192725443385433,0.00035299531291708844,0.015096085905790263,0.0002582857161055275,0.0,2.41,2.27,2.43,1.88,0.14000000000000012,-0.31999999999999984,-0.25,0.03000000000000025,-0.07000000000000006,-0.06999999999999984
2019-05-31,-0.007646082262269183,0.00024992602684432763,0.0,0.0010885556241176575,-0.01726054432492321,0.03954415742438199,-0.03844505283222393,0.00016942987157168922,0.00029956813130713737,0.00041570310867080837,-0.0003717050460617167,0.005364039178196721,0.00013234996010700042,0.0,2.51,2.27,2.45,1.95,0.23999999999999977,0.09999999999999964,0.0,0.020000000000000018,0.07000000000000006,0.09999999999999964
2019-06-30,0.03130324391999108,0.0001659367631155136,0.0,-0.007646082262269183,-0.018468595169965074,0.008832986651282704,-0.020588688695072965,0.00024992602684432763,0.00032016360534980744,0.0003884504407418798,8.049615527263841e-05,0.00571541566721501,0.00010286907663948811,0.0,2.14,1.95,2.4,1.74,0.19000000000000017,-0.36999999999999966,-0.32000000000000006,-0.050000000000000266,-0.20999999999999996,-0.0499999999999996
2019-07-31,-0.0037263568723353868,0.00010227124545450761,0.0,0.03130324391999108,0.02474571728183958,0.03900823950153657,0.032025766860849444,0.0001659367631155136,0.00019509755384384335,0.00036421727790331826,-8.398926372881404e-05,-0.01338705443579428,0.0002034086232953266,0.0,2.0,1.75,2.4,1.69,0.25,-0.14000000000000012,-0.19999999999999996,0.0,-0.050000000000000044,0.05999999999999983
2019-08-31,-0.033074433571728665,0.0007176010477859998,1.0,-0.0037263568723353868,0.019930804785386533,0.00267026046046327,0.015458143560737691,0.00010227124545450761,0.00017271134513811617,0.00034424448982751525,-6.366551766100597e-05,0.028844445731584966,0.00025413260542129655,0.0,2.02,1.89,2.4,1.76,0.13000000000000012,0.020000000000000018,0.1399999999999999,0.0,0.07000000000000006,-0.11999999999999988
2019-09-30,0.01041954070001347,0.00016785843771116173,0.0,-0.033074433571728665,-0.005497546524072947,-0.023966141694038077,0.030297039339427317,0.0007176010477859998,0.0003286030187853402,0.0003166453241783696,0.0006153298023314921,0.0052239328519971505,0.00016693923613155068,0.0,1.5,1.5,2.13,1.55,0.0,-0.52,-0.3899999999999999,-0.27,-0.20999999999999996,-0.13000000000000012
2019-10-31,0.015697259001969003,0.00028420685405349124,0.0,0.01041954070001347,-0.026381249744050553,-0.0016355324622110302,0.024671957872918066,0.00016785843771116173,0.0003292435769838896,0.0003085892691997682,-0.0005497426100748381,0.008523293357490774,0.0002332656310458641,0.0,1.68,1.63,1.9,1.53,0.050000000000000044,0.17999999999999994,0.1299999999999999,-0.22999999999999998,-0.020000000000000018,0.050000000000000044
2019-11-30,-0.010799254321366853,0.00018935729618208146,0.0,0.015697259001969003,-0.006957633869746158,0.012973170915640316,0.05251732834002232,0.00028420685405349124,0.00038988877985021746,0.00029025146338870577,0.00011634841634232951,-0.018998591905978145,0.00012703730851832025,0.0,1.69,1.52,1.58,1.54,0.16999999999999993,0.010000000000000009,-0.10999999999999988,-0.31999999999999984,0.010000000000000009,0.11999999999999988
2019-12-31,0.0292071564690843,0.00010427472691363391,0.0,-0.010799254321366853,0.015317545380615654,0.009819998856542647,0.018652985507825362,0.00018935729618208146,0.00021380752931557802,0.00027861769023231417,-9.484955787140978e-05,0.01196286409890659,6.942582623338971e-05,0.0,1.78,1.61,1.56,1.61,0.16999999999999993,0.09000000000000008,0.09000000000000008,-0.020000000000000018,0.07000000000000006,0.0
2020-01-31,-0.021179064922151727,0.000295829127729314,1.0,0.0292071564690843,0.03410516114968648,0.007723911405635869,0.04673215090717245,0.00010427472691363391,0.00019261295904973543,0.0002700970216037389,-8.508256926844755e-05,-0.015733935414889294,0.00011727492118099531,0.0,1.92,1.58,1.55,1.77,0.33999999999999986,0.1399999999999999,-0.030000000000000027,-0.010000000000000009,0.15999999999999992,0.16999999999999993
2020-02-29,-0.027262079272558845,0.0003036373091916723,1.0,-0.021179064922151727,-0.0027711627744342465,-0.009728796644180472,-0.007058536183717195,0.000295829127729314,0.00019648705027500968,0.0002646638266426203,0.0001915544008156801,0.011866114583139964,0.00010014781666553075,0.0,1.51,1.33,1.59,1.65,0.17999999999999994,-0.4099999999999999,-0.25,0.040000000000000036,-0.1200000000000001,-0.15999999999999992
2020-03-31,-0.0700810542231312,0.002165027104309668,1.0,-0.027262079272558845,-0.01923398772562624,-0.003916442345010651,-0.027882584039048725,0.0003036373091916723,0.00023458038794487327,0.0002742886353488999,7.808181462358314e-06,0.009467951241308573,0.0001797996929364764,0.0,1.13,0.86,1.58,1.41,0.2699999999999999,-0.3800000000000001,-0.4700000000000001,-0.010000000000000009,-0.24,0.08999999999999997
2020-04-30,0.009033496577052784,0.0008875974377232276,0.0,-0.0700810542231312,-0.11852219841784174,-0.08441703726815532,-0.08605256973036635,0.002165027104309668,0.0009214978470768846,0.00040961298423858837,0.0018613897951179957,0.01124451838744857,0.004700644872041811,0.0,0.7,0.23,0.08,0.87,0.47,-0.42999999999999994,-0.63,-1.5,-0.5399999999999999,0.20000000000000007
2020-05-31,0.027787736782498906,0.0008293733182491885,0.0,0.009033496577052784,-0.08830963691863723,-0.09108079969307153,-0.07810762877743122,0.0008875974377232276,0.001118753950408189,0.00046946028141788324,-0.0012774296665864404,-0.001491934248240583,0.00045676769375582195,0.0,0.64,0.2,0.05,1.07,0.44,-0.05999999999999994,-0.03,-0.03,0.20000000000000007,-0.02999999999999997
2020-06-30,0.002329686016162692,0.0009706311793722927,0.0,0.027787736782498906,-0.03325982086357948,-0.052493808589205784,-0.04267380973266313,0.0008293733182491885,0.0012939992867606945,0.0005177475557016217,-5.822411947403912e-05,-0.0071174730778767025,0.0002638505346332414,0.0,0.65,0.16,0.05,1.15,0.49,0.010000000000000009,-0.04000000000000001,0.0,0.07999999999999985,0.04999999999999999
2020-07-31,0.015011933596764693,0.00032912656314463277,0.0,0.002329686016162692,0.03915091937571441,-0.07937127904212739,-0.07164736763649152,0.0009706311793722927,0.0008958673117815695,0.00058480542372302,0.00014125786112310424,-0.010582112869878717,0.0003480349085501062,0.0,0.66,0.16,0.08,1.34,0.5,0.010000000000000009,0.0,0.03,0.19000000000000017,0.010000000000000009
2020-08-31,0.0040033685034232686,0.0003259228062674181,0.0,0.015011933596764693,0.04512935639542632,-0.04318028052321097,-0.05290907716739144,0.00032912656314463277,0.0007097103535887045,0.0006037100335305304,-0.00064150461622766,-0.040315475996010236,0.0003284100143875766,0.0,0.55,0.11,0.1,1.55,0.44000000000000006,-0.10999999999999999,-0.05,0.020000000000000004,0.20999999999999996,-0.05999999999999994
2020-09-30,-0.012058694287443073,0.0004396929280478581,0.0,0.0040033685034232686,0.02134498811635068,-0.011914832747228855,-0.015831275092239507,0.0003259228062674181,0.0005418935162614477,0.0005710701800706485,-3.2037568772146736e-06,-0.01514586520538676,0.0003135688865072666,0.0,0.72,0.14,0.09,1.8,0.58,0.16999999999999993,0.030000000000000013,-0.010000000000000009,0.25,0.1399999999999999
2020-10-31,0.0034602397739683507,0.0003102115936348432,0.0,-0.012058694287443073,0.006956607812744915,0.04610752718845927,-0.038309510079696046,0.0004396929280478581,0.00036491409915330285,0.0005937230542653733,0.00011377012178044002,0.017911004904483725,0.00021482576019586798,0.0,0.69,0.13,0.09,1.63,0.5599999999999999,-0.030000000000000027,-0.010000000000000009,0.0,-0.17000000000000015,-0.020000000000000018
2020-11-30,0.04227165149278797,0.0003721661400210019,0.0,0.0034602397739683507,-0.004595086010051426,0.04053427038537484,-0.0505465293076967,0.0003102115936348432,0.0003586091093167063,0.0005958901158971526,-0.00012948133441301494,0.0007885752876194484,0.0002811373725546662,0.0,0.88,0.14,0.09,1.7,0.74,0.19000000000000006,0.010000000000000009,0.0,0.07000000000000006,0.18000000000000005
2020-12-31,0.026040410761106053,0.00026661063323575623,0.0,0.04227165149278797,0.03367319697931327,0.055018185095663905,0.0025243765064581203,0.0003721661400210019,0.0003740235539012343,0.0006111241862170626,6.195454638615873e-05,-0.02191759235902601,0.00023620455818733406,0.0,0.84,0.16,0.09,1.77,0.6799999999999999,-0.040000000000000036,0.01999999999999999,0.0,0.07000000000000006,-0.06000000000000005
2021-01-31,-0.013072039345422882,0.00033156217775393286,1.0,0.026040410761106053,0.0717723020278624,0.07872890984060726,-0.0006423692015201238,0.00026661063323575623,0.00031632945563053364,0.0006246521784105727,-0.00010555550678524567,-0.023645646817568745,0.0002693952083887375,0.0,0.93,0.13,0.09,1.99,0.8,0.09000000000000008,-0.03,0.0,0.21999999999999997,0.1200000000000001
2021-02-28,-0.008257629013097524,0.0004014062080302253,0.0,-0.013072039345422882,0.05524002290847117,0.05064493689841969,0.007464656375208722,0.00033156217775393286,0.00032344631700356356,0.000627629932579291,6.495154451817664e-05,0.007398303893341197,0.0002847261008719588,0.0,1.11,0.11,0.07,2.13,1.0,0.18000000000000005,-0.020000000000000004,-0.01999999999999999,0.1399999999999999,0.19999999999999996
2021-03-31,-0.01111748329457218,0.0006217503328542111,0.0,-0.008257629013097524,0.004710742402585675,0.0383839393818989,0.026469106634670045,0.0004014062080302253,0.0003331930063399713,0.0006357773408158372,6.984403027629244e-05,0.004086650440393728,0.00021778875881413166,0.0,1.44,0.14,0.07,2.15,1.2999999999999998,0.32999999999999985,0.030000000000000013,0.0,0.020000000000000018,0.2999999999999998
2021-04-30,0.012222393658326133,0.00013004194150386726,0.0,-0.01111748329457218,-0.03244715165309256,0.03932515037476979,0.08543267756322906,0.0006217503328542111,0.0004515729062127896,0.0005071709431945491,0.0002203441248239858,0.02417527751486998,0.00032104008525013603,0.0,1.74,0.16,0.06,2.37,1.58,0.30000000000000004,0.01999999999999999,-0.010000000000000009,0.2200000000000002,0.28000000000000025
2021-05-31,0.015342717310725925,0.0002402090264458074,0.0,0.012222393658326133,-0.007152718649343541,0.04808730425912757,0.08862157464450242,0.00013004194150386726,0.00038439949412943437,0.00044404131850960237,-0.0004917083913503438,-0.02173122563756436,0.0002313663224975064,0.0,1.65,0.16,0.05,2.41,1.49,-0.09000000000000008,0.0,-0.009999999999999995,0.040000000000000036,-0.09000000000000008
2021-06-30,-0.009836055136659685,0.00022319287853351673,0.0,0.015342717310725925,0.01644762767447991,0.021158370077065523,0.07617655517272943,0.0002402090264458074,0.00033066710026796183,0.0003949442941926539,0.00011016708494194014,-0.014754357836984321,0.0002951909271024915,0.0,1.58,0.14,0.05,2.42,1.44,-0.06999999999999984,-0.01999999999999999,0.0,0.009999999999999787,-0.050000000000000044
2021-07-31,-0.011599126926897012,0.00029399502129832684,0.0,-0.009836055136659685,0.017729055832392402,-0.014718095820700213,0.06401081401990705,0.00022319287853351673,0.000197814615494397,0.00033265776912275586,-1.7016147912290666e-05,0.024873738776493147,0.00026644819880502146,0.0,1.45,0.25,0.08,2.32,1.2,-0.13000000000000012,0.10999999999999999,0.03,-0.10000000000000009,-0.24
2021-08-31,0.009950356481738316,0.00025607028326324474,0.0,-0.011599126926897012,-0.006092464752830743,-0.013245183402174343,0.03739975349624535,0.00029399502129832684,0.0002524656420925502,0.00032973014063556377,7.080214276481011e-05,-0.002419235871022662,0.0001857321391804979,0.0,1.24,0.19,0.07,2.4,1.05,-0.20999999999999996,-0.06,-0.009999999999999995,0.08000000000000007,-0.1499999999999999
2021-09-30,-0.022247903085730707,0.0002045716704427896,1.0,0.009950356481738316,-0.011484825581818351,0.004962802092661497,0.0433467414745604,0.00025607028326324474,0.00025775272769836265,0.00032390909705188264,-3.79247380350821e-05,0.004832722050737009,0.00019479258701217186,0.0,1.3,0.2,0.06,2.33,1.1,0.06000000000000005,0.010000000000000009,-0.010000000000000009,-0.06999999999999984,0.050000000000000044
2021-10-31,-0.0005626158711713709,0.00018486262756714798,0.0,-0.022247903085730707,-0.023896673530889374,-0.006167617698497031,0.03315753267627276,0.0002045716704427896,0.0002515456583347869,0.0003043156589181269,-5.1498612820455135e-05,0.016733597147527583,0.00018493945617764585,0.0,1.52,0.28,0.06,2.37,1.24,0.21999999999999997,0.08000000000000002,0.0,0.040000000000000036,0.1399999999999999
2021-11-30,-0.0360967640768413,0.0003236071717988264,1.0,-0.0005626158711713709,-0.012860162475163733,-0.018952627227994533,0.029134677031133045,0.00018486262756714798,0.0002151681937577273,0.00029386991174581897,-1.970904287564162e-05,-0.002373388336047284,0.00019098975558170923,0.0,1.55,0.48,0.07,2.51,1.07,0.030000000000000027,0.19999999999999996,0.010000000000000009,0.13999999999999968,-0.16999999999999993
2021-12-31,0.006976872852891985,0.0002870736482529566,0.0,-0.0360967640768413,-0.058907283033743346,-0.07039210861556175,-0.049233738538496226,0.0003236071717988264,0.00023768048993625453,0.0002898233310606377,0.00013874454423167844,0.01766491220934001,0.00038198964643482505,0.0,1.43,0.52,0.07,2.5,0.9099999999999999,-0.1200000000000001,0.040000000000000036,0.0,-0.009999999999999787,-0.16000000000000014
2022-01-31,0.010947957262331835,0.00034064430473270345,0.0,0.006976872852891985,-0.029682507095120655,-0.053579180626010095,-0.06829727644671028,0.0002870736482529566,0.0002651811492063102,0.00029152858231207106,-3.6533523545869795e-05,-0.0027276032107390793,0.00017711684931571902,0.0,1.52,0.73,0.07,2.56,0.79,0.09000000000000008,0.20999999999999996,0.0,0.06000000000000005,-0.11999999999999988
2022-02-28,-0.025538281197932684,0.0010468206642957863,1.0,0.010947957262331835,-0.01817193396161745,-0.031032096436781238,-0.044277279838955574,0.00034064430473270345,0.000317108374928162,0.00029228542622696863,5.357065647974683e-05,0.00932042268777655,0.0003680636936375114,0.0,1.79,1.18,0.08,2.44,0.6100000000000001,0.27,0.44999999999999996,0.009999999999999995,-0.1200000000000001,-0.17999999999999994
2022-03-31,0.04371021515955007,0.0010164520162728354,0.0,-0.025538281197932684,-0.007613451082708833,-0.06652073411645223,-0.06155793202379074,0.0010468206642957863,0.0005581795390938153,0.00034606996424909865,0.0007061763595630828,0.000386482753571838,0.0002024000222648102,0.0,1.83,1.44,0.08,2.62,0.3900000000000001,0.040000000000000036,0.26,0.0,0.18000000000000016,-0.21999999999999997
2022-04-30,-0.041948012704872945,0.0004913866427380349,1.0,0.04371021515955007,0.029119891223949253,-0.0005626158711714707,-0.006730233569668481,0.0010164520162728354,0.0008013056617671082,0.00037896177120065074,-3.0368648022950856e-05,0.016098433925387113,0.0005063648352350767,0.0,2.32,2.28,0.33,2.84,0.040000000000000036,0.48999999999999977,0.8399999999999999,0.25,0.21999999999999975,-0.3500000000000001
2022-05-31,0.008764176309377633,0.0006133489943286244,0.0,-0.041948012704872945,-0.023776078743255526,-0.04194801270487304,-0.06090063993286756,0.0004913866427380349,0.0008515531077688854,0.0004090738296368313,-0.0005250653735348005,0.047159354779998296,0.0003735919689623719,0.0,2.89,2.7,0.33,2.88,0.18999999999999995,0.5700000000000003,0.4200000000000004,0.0,0.040000000000000036,0.1499999999999999
2022-06-30,-0.034322910344691746,0.0004813354614174759,1.0,0.008764176309377633,0.010526378764054791,0.002912927681345892,-0.06747918093421586,0.0006133489943286244,0.0007070625511131648,0.0004401688269603995,0.00012196235159058952,-0.013143746826248429,0.00060873201059431,0.0,2.85,2.53,0.83,2.64,0.3200000000000003,-0.040000000000000036,-0.17000000000000037,0.49999999999999994,-0.23999999999999977,0.13000000000000034
2022-07-31,-0.007250763625009039,0.0006868306819099013,0.0,-0.034322910344691746,-0.06750674674018703,-0.03838685551623784,-0.09196603614224791,0.0004813354614174759,0.0005286903661613783,0.0004616807088673961,-0.00013201353291114853,0.027190379314419894,0.0007412891721094431,0.0,2.98,2.92,1.58,2.33,0.06000000000000005,0.1299999999999999,0.3900000000000001,0.7500000000000001,-0.31000000000000005,-0.26000000000000023
2022-08-31,-0.004254115457370936,0.0004672562963966552,0.0,-0.007250763625009039,-0.032809497660323116,-0.05658557640357871,-0.08761767284035994,0.0006868306819099013,0.0005938383792186671,0.0004944170139183605,0.0002054952204924254,0.011733593060395243,0.0006866136130650515,0.0,2.67,2.89,2.32,2.53,-0.2200000000000002,-0.31000000000000005,-0.029999999999999805,0.7399999999999998,0.19999999999999973,-0.28000000000000025
2022-09-30,-0.03406949333329472,0.0005859267831507842,1.0,-0.004254115457370936,-0.045827789427071684,-0.035301410663016966,-0.10182214477946919,0.0004672562963966552,0.000545140813241344,0.0005120158483461447,-0.0002195743855132461,0.028573364733623634,0.0005958819733268223,0.0,3.15,3.45,2.33,2.48,-0.30000000000000027,0.48,0.56,0.010000000000000231,-0.04999999999999982,-0.08000000000000007
2022-10-31,0.003773577194700474,0.0005076711874003309,0.0,-0.03406949333329472,-0.045574372415674656,-0.11308111915586176,-0.1136437350270332,0.0005859267831507842,0.0005800045871524467,0.000543795441071811,0.000118670486754129,0.035103113285027014,0.0011142809182921782,0.0,3.83,4.22,3.08,2.15,-0.3899999999999997,0.6800000000000002,0.7699999999999996,0.75,-0.33000000000000007,-0.08999999999999941
2022-11-30,0.04840142640500805,0.0008176640423823815,0.0,0.003773577194700474,-0.03455003159596515,-0.06735952925628833,-0.10930754196116135,0.0005076711874003309,0.0005202847556492566,0.0005706961543912428,-7.825559575045326e-05,-0.00398799000906086,0.0011220101891668828,0.0,4.1,4.51,3.08,2.52,-0.41000000000000014,0.2699999999999996,0.29000000000000004,0.0,0.3700000000000001,-0.020000000000000462
2022-12-31,0.01509801156182098,0.0003215755314862234,0.0,0.04840142640500805,0.01810551026641384,-0.027722279160657927,-0.024809351479312007,0.0008176640423823815,0.0006370873376444988,0.0006118675602732059,0.0003099928549820506,-0.04844060704506552,0.0017011982529662453,0.0,3.68,4.38,3.83,2.34,-0.6999999999999997,-0.4199999999999995,-0.1299999999999999,0.75,-0.18000000000000016,-0.2899999999999996
2023-01-31,0.0338618643430258,0.0003459575184129347,0.0,0.01509801156182098,0.06727301516152953,0.021698642745854806,-0.01668821277038301,0.0003215755314862234,0.0005489702537563118,0.0006147427172093115,-0.0004960885108961581,-0.019597642031289792,0.0005472165211279705,0.0,3.88,4.41,4.33,2.3,-0.5300000000000002,0.19999999999999973,0.03000000000000025,0.5,-0.040000000000000036,0.16999999999999948
2023-02-28,-0.022642476289402497,0.0004994101106350504,1.0,0.0338618643430258,0.09736130230985486,0.06281127071388964,0.006225694310310954,0.0003459575184129347,0.0004950656974271797,0.0006151854850159974,2.4381986926711276e-05,-0.010845998107940001,0.0005781223030812393,0.0,3.52,4.21,4.33,2.24,-0.69,-0.3599999999999999,-0.20000000000000018,0.0,-0.05999999999999961,-0.1599999999999997
2023-03-31,0.027224447272998224,0.0003712941987451848,0.0,-0.022642476289402497,0.02631739961544432,0.04442290988185808,0.009121499218841145,0.0004994101106350504,0.00038898105351140266,0.0005695679388776027,0.00015345259222211574,0.03254360212376419,0.0005217412968289633,0.0,3.92,4.81,4.57,2.43,-0.8899999999999997,0.3999999999999999,0.5999999999999996,0.2400000000000002,0.18999999999999995,-0.19999999999999973
2023-04-30,0.0,0.00019529458324147792,0.0,0.027224447272998224,0.03844383532662156,0.10571685048815102,-0.00736426866771071,0.0003712941987451848,0.00040555394259772314,0.0005158047874169652,-0.00012811591188986564,-0.01918358504869574,0.0006956815194478868,0.0,3.48,4.06,4.83,2.32,-0.5799999999999996,-0.43999999999999995,-0.75,0.2599999999999998,-0.11000000000000032,0.31000000000000005
2023-05-31,-0.014968695712202546,0.0005120308526191719,0.0,0.0,0.004581970983595762,0.10194327329345054,0.03458374403716223,0.00019529458324147792,0.0003553329642072376,0.0004911304491255854,-0.00017599961550370687,-0.00467384395135202,0.0002670862830902432,0.0,3.44,4.04,4.83,2.18,-0.6000000000000001,-0.040000000000000036,-0.019999999999999574,0.0,-0.13999999999999968,-0.020000000000000462
2023-06-30,0.02236979072813257,0.00041356009290340593,0.0,-0.014968695712202546,0.012255751560795712,0.03857315117623995,0.010850872015582052,0.0005120308526191719,0.0003595398782019448,0.00048268727064979764,0.00031673626937769395,0.030520551868399918,0.00028979435640186176,0.0,3.64,4.4,5.08,2.18,-0.7600000000000002,0.20000000000000018,0.3600000000000003,0.25,0.0,-0.16000000000000014
2023-07-31,0.020213969473609296,0.00036288539744948887,0.0,0.02236979072813257,0.0074010950159300575,0.04584493034255154,0.06754357308840636,0.00041356009290340593,0.00037362850958801846,0.00047703932327362517,-9.847075971576596e-05,-0.008071597353064579,0.0005466008158342344,0.0,3.81,4.87,5.08,2.22,-1.06,0.16999999999999993,0.46999999999999975,0.0,0.040000000000000036,-0.2999999999999998
2023-08-31,-0.019646967258857756,0.0003483808010256288,1.0,0.020213969473609296,0.027615064489539355,0.03219703547313504,0.0950083061870247,0.00036288539744948887,0.0004294921143240221,0.0004500438829019241,-5.0674695453917066e-05,-0.005653820165397615,0.0004739201203046742,0.0,3.97,4.88,5.33,2.37,-0.9099999999999997,0.16000000000000014,0.009999999999999787,0.25,0.1499999999999999,0.15000000000000036
2023-09-30,-0.013698909252235374,0.00025357006337169174,0.0,-0.019646967258857756,0.022936792942884143,0.03519254450367978,0.07961545438553788,0.0003483808010256288,0.0003749420971261744,0.00044013759162100534,-1.4504596423860043e-05,0.023464635627743088,0.0002595105180651643,0.0,4.09,4.85,5.33,2.24,-0.7599999999999998,0.11999999999999966,-0.03000000000000025,0.0,-0.1299999999999999,0.1499999999999999
2023-10-31,0.004014972115393038,0.00029121959149055733,0.0,-0.013698909252235374,-0.013131907037483799,-0.0057308120215538196,0.09998603846659723,0.00025357006337169174,0.00032161208728226967,0.0004124411983060809,-9.481073765393709e-05,0.028661153402819228,0.00022304482454884122,0.0,4.59,5.03,5.33,2.35,-0.4400000000000004,0.5,0.1800000000000006,0.0,0.10999999999999988,0.3199999999999994
2023-11-30,0.028218659137440268,0.0005074894733555145,0.0,0.004014972115393038,-0.029330904395700057,-0.0017158399061607812,0.10022743338728979,0.00029121959149055733,0.0002977234852959592,0.0003944035653135998,3.764952811886559e-05,0.010040229509310132,0.00032772121769125684,0.0,4.88,5.07,5.33,2.42,-0.1900000000000004,0.29000000000000004,0.040000000000000036,0.0,0.06999999999999984,0.25
2023-12-31,0.02213569197437736,0.00031425889833275116,0.0,0.028218659137440268,0.018534722000597966,0.04147151494348203,0.08004466611972201,0.0005074894733555145,0.00035075970940592107,0.0003685556845613609,0.00021626988186495714,-0.02495065744929048,0.0005551535498179264,0.0,4.37,4.73,5.33,2.23,-0.3600000000000003,-0.5099999999999998,-0.33999999999999986,0.0,-0.18999999999999995,-0.16999999999999993
2024-01-31,-0.018493196870644966,0.0002967108522890159,1.0,0.02213569197437736,0.05436932322721069,0.041237416189726823,0.08708234653227838,0.00031425889833275116,0.0003709893210596075,0.00036794596513190484,-0.0001932305750227633,-0.01618428085993532,0.00043262569734343166,0.0,3.88,4.23,5.33,2.16,-0.35000000000000053,-0.4900000000000002,-0.5,0.0,-0.06999999999999984,0.009999999999999787
2024-02-29,0.0,0.00032216332481654203,0.0,-0.018493196870644966,0.031861154241172696,0.002530249845472562,0.03472728531860762,0.0002967108522890159,0.0003728197413257604,0.00036384207628824494,-1.7548046043735274e-05,0.026949927726033936,0.00021100897112351447,0.0,3.99,4.27,5.33,2.26,-0.27999999999999936,0.11000000000000032,0.03999999999999915,0.0,0.09999999999999964,0.07000000000000117
2024-03-31,0.003951447488842611,0.00011987602188358676,0.0,0.0,0.003642495103732428,0.022177217104330318,0.05736976160801012,0.00032216332481654203,0.00031104435847943625,0.0003490715108033692,2.545247252752614e-05,0.009299110039145473,0.00023915714673864583,0.0,4.25,4.64,5.33,2.33,-0.3899999999999997,0.2599999999999998,0.3700000000000001,0.0,0.07000000000000028,-0.11000000000000032
2024-04-30,-0.004517200104341029,0.000337726254531269,0.0,0.003951447488842611,-0.01454174938180232,0.0398275738454083,0.0340967618238545,0.00011987602188358676,0.0002462500663297148,0.0003281199960649028,-0.00020228730293295527,0.009918604367553928,0.00019687673302211213,0.0,4.2,4.59,5.33,2.32,-0.3899999999999997,-0.04999999999999982,-0.04999999999999982,0.0,-0.010000000000000231,0.0
2024-05-31,0.014049130516791374,0.00019625545600661387,0.0,-0.004517200104341029,-0.0005657526154983833,0.031295401625674235,0.029579561719513474,0.000337726254531269,0.00025992186707713246,0.0003399893020057186,0.00021785023264768224,0.021273673403377096,0.00032774295662511154,0.0,4.69,5.04,5.33,2.41,-0.34999999999999964,0.4900000000000002,0.4500000000000002,0.0,0.0900000000000003,0.040000000000000036
2024-06-30,-0.011223562777312615,0.00016774877752756808,0.0,0.014049130516791374,0.01348337790129299,0.01712587300502534,0.05859738794850739,0.00019625545600661387,0.0002179525774738231,0.00031367468562133884,-0.00014147079852465513,-0.010754620151716182,0.0002113969328376528,0.0,4.51,4.89,5.33,2.35,-0.3799999999999999,-0.1800000000000006,-0.15000000000000036,0.0,-0.06000000000000005,-0.03000000000000025
2024-07-31,0.014009766161736225,0.00022559433424962033,0.0,-0.011223562777312615,-0.0016916323648622361,-0.01623338174666463,0.025004034443062206,0.00016774877752756808,0.00023391016268848352,0.000293190409340019,-2.8506678479045788e-05,0.015917229834940046,0.00023157327867932826,0.0,4.36,4.71,5.33,2.28,-0.34999999999999964,-0.14999999999999947,-0.17999999999999972,0.0,-0.07000000000000028,0.03000000000000025
2024-08-31,0.019289717698448783,0.0005008745550817355,0.0,0.014009766161736225,0.016835333901215017,0.01626958128571656,0.01879983113118914,0.00022559433424962033,0.000196532855927934,0.00028174948740669663,5.784555672205225e-05,-0.012783006154258807,0.00017101219103644665,0.0,4.09,4.29,5.33,2.24,-0.20000000000000018,-0.27000000000000046,-0.41999999999999993,0.0,-0.03999999999999959,0.14999999999999947
2024-09-30,0.02213311069049376,0.00023842190188757406,0.0,0.019289717698448783,0.022075921082872426,0.03555929898416534,0.05773651608849568,0.0005008745550817355,0.0002980725556196412,0.0002944573002447055,0.0002752802208321151,-0.017184337237237366,0.00044184720741821817,0.0,3.91,3.91,5.33,2.15,0.0,-0.17999999999999972,-0.3799999999999999,0.0,-0.0900000000000003,0.20000000000000018
2024-10-31,-0.02650945669039853,0.0003396493234267926,1.0,0.02213311069049376,0.055432594550678796,0.05374096218581649,0.09356853603122481,0.00023842190188757406,0.0003216302637396432,0.0002931949534543624,-0.0002624526531941614,-0.003188635372643394,0.00023084008823295537,0.0,3.81,3.66,4.83,2.18,0.1499999999999999,-0.10000000000000009,-0.25,-0.5,0.03000000000000025,0.1499999999999999
2024-11-30,-0.008257645164458833,0.000384685764145352,0.0,-0.02650945669039853,0.014913371698544047,0.031748705599758995,0.06304410722543324,0.0003396493234267926,0.0003596485934653673,0.00029723076444904866,0.00010122742153921853,0.03555613400800806,0.00019866742604522043,0.0,4.28,4.16,4.83,2.33,0.1200000000000001,0.4700000000000002,0.5,0.0,0.1499999999999999,-0.029999999999999805
2024-12-31,-0.014425569910787736,0.00029549277826330017,0.0,-0.008257645164458833,-0.012633991164363569,0.009441929918508785,0.02656780292353414,0.000384685764145352,0.0003209189964865728,0.00028699712201486847,4.503644071855939e-05,0.022016165686746865,0.0007356784026169292,0.0,4.18,4.13,4.58,2.26,0.04999999999999982,-0.10000000000000053,-0.03000000000000025,-0.25,-0.07000000000000028,-0.07000000000000028
2025-01-31,0.01931580235704931,0.0003552824547840886,0.0,-0.014425569910787736,-0.04919267176564507,0.006239922785033665,-0.009993458961630952,0.00029549277826330017,0.00033994262194514814,0.0002854332786757475,-8.919298588205181e-05,0.029630194556154874,0.00031509130933128583,0.0,4.58,4.25,4.33,2.34,0.33000000000000007,0.40000000000000036,0.1200000000000001,-0.25,0.08000000000000007,0.28000000000000025
2025-02-28,0.007507971144633882,0.0002534722768552651,0.0,0.01931580235704931,-0.003367412718197224,0.011545958980346748,0.027815540266063324,0.0003552824547840886,0.0003451536657309135,0.0002903142455503369,5.9789676520788425e-05,0.003054498977714858,0.0004862707560653286,0.0,4.58,4.22,4.33,2.42,0.3600000000000003,0.0,-0.03000000000000025,0.0,0.08000000000000007,0.03000000000000025
2025-03-31,0.011441790202562856,0.0003142937418691332,0.0,0.007507971144633882,0.01239820359089549,-0.00023578757346815263,0.03532351141069721,0.0002534722768552651,0.0003014158366342178,0.00028458999155356383,-0.0001018101779288235,-0.004074719781757989,0.0003921353793132005,0.0,4.24,3.99,4.33,2.38,0.25,-0.33999999999999986,-0.22999999999999954,0.0,-0.040000000000000036,-0.11000000000000032
2025-04-30,0.02582973761913879,0.0011820618699021847,0.0,0.011441790202562856,0.03826556370424608,-0.010927108061399057,0.042813854124417454,0.0003142937418691332,0.0003076828245028288,0.000300791468219026,6.082146501386809e-05,-0.029347829886652452,0.0004622660872813608,0.0,4.23,3.89,4.33,2.38,0.3400000000000003,-0.009999999999999787,-0.10000000000000009,0.0,0.0,0.0900000000000003
2025-05-31,0.016492815735670855,0.0005398896234850371,0.0,0.02582973761913879,0.04477949896633557,0.04141208624813826,0.07316079184789727,0.0011820618699021847,0.0005832759628755275,0.00037115276949993564,0.0008677681280330515,-0.040398760307453374,0.0014287249822153019,0.0,4.17,3.6,4.33,2.23,0.5699999999999998,-0.0600000000000005,-0.29000000000000004,0.0,-0.1499999999999999,0.22999999999999954
2025-06-30,0.019439108093363463,0.00021869327583773937,0.0,0.016492815735670855,0.053764343557372536,0.06616254714826794,0.07560447706677675,0.0005398896234850371,0.0006787484117521183,0.0003997889501231376,-0.0006421722464171475,0.0014583335618283703,0.0007036966604808626,0.0,4.41,3.89,4.33,2.34,0.52,0.2400000000000002,0.29000000000000004,0.0,0.10999999999999988,-0.04999999999999982
2025-07-31,-0.017804635898679644,0.0003083236834297287,1.0,0.019439108093363463,0.06176166144817315,0.10002722515241914,0.10626714793745282,0.00021869327583773937,0.0006468815897416536,0.00040403432498231856,-0.00032119634764729777,-0.020983728168030638,0.00036481746718833134,0.0,4.24,3.72,4.33,2.29,0.52,-0.16999999999999993,-0.16999999999999993,0.0,-0.04999999999999982,0.0
2025-08-31,0.017269790209188944,0.0002994319291363889,0.0,-0.017804635898679644,0.018127287930354712,0.06290678689669019,0.07445274587703696,0.0003083236834297287,0.0003556355275841682,0.00041092843741399426,8.963040759198934e-05,0.03724416906933065,0.00043726135787146286,0.0,4.37,3.94,4.33,2.39,0.43000000000000016,0.1299999999999999,0.21999999999999975,0.0,0.10000000000000009,-0.08999999999999986
2025-09-30,0.006931403339555376,0.0003129973935982792,0.0,0.017269790209188944,0.0189042624038728,0.07266860596124526,0.07243281838777713,0.0002994319291363889,0.00027548296280128555,0.00039414155191854866,-8.891754293339832e-06,-0.0191790937329967,0.00047292358115713857,0.0,4.23,3.59,4.33,2.41,0.6400000000000006,-0.13999999999999968,-0.3500000000000001,0.0,0.020000000000000018,0.2100000000000004
2025-10-31,0.010045094562385436,9.609039773628871e-05,0.0,0.006931403339555376,0.0063965576500647145,0.06815821909823777,0.05723111103683874,0.0003129973935982792,0.00030691766872146544,0.0004003561762277741,1.3565464461890331e-05,0.005102029878532329,0.0003403446981075845,0.0,4.16,3.6,4.09,2.36,0.56,-0.07000000000000028,0.010000000000000231,-0.2400000000000002,-0.050000000000000266,-0.08000000000000052
2025-11-30,0.005246558443007775,0.0001258279485056289,0.0,0.010045094562385436,0.03424628811112979,0.052373576041484425,0.0937856622896227,9.609039773628871e-05,0.00023617324015698545,0.0003800595990868988,-0.0002169069958619905,0.02512691324846948,0.0002643393693141966,0.0,4.11,3.6,3.86,2.3,0.5100000000000002,-0.04999999999999982,0.0,-0.22999999999999998,-0.06000000000000005,-0.04999999999999982
2025-12-31,0.013342264710068226,0.0001406332927687946,0.0,0.005246558443007775,0.022223056344948623,0.04112731874882134,0.1072898658970893,0.0001258279485056289,0.0001783052466133988,0.0003584881144502552,2.9737550769340186e-05,0.0,0.00011745940497257734,0.0,4.02,3.47,3.89,2.23,0.5499999999999994,-0.09000000000000075,-0.1299999999999999,0.03000000000000025,-0.06999999999999984,0.03999999999999915
2026-01-31,0.018868516371758546,0.0002677471945567147,0.0,0.013342264710068226,0.028633917715461477,0.03503047536552611,0.13505770051794527,0.0001406332927687946,0.00012085054633690392,0.00034558315732571306,1.4805344263165695e-05,-0.009146900995221372,0.00013188115647018274,0.0,4.18,3.47,3.64,2.25,0.7099999999999995,0.16000000000000014,0.0,-0.25,0.020000000000000018,0.16000000000000014
2026-02-28,0.010844365863489368,0.00026729647218059734,0.0,0.018868516371758546,0.037457339524834585,0.0717036276359643,0.1346104145326545,0.0002677471945567147,0.0001780694786103792,0.00033828855230676533,0.0001271139017879201,-0.006681550529133115,0.0005195961285303487,0.0,4.26,3.52,3.64,2.36,0.7399999999999998,0.08000000000000007,0.04999999999999982,0.0,0.10999999999999988,0.03000000000000025
2026-03-31,-0.025489015053691725,0.0010991842866578845,1.0,0.010844365863489368,0.043055146945316175,0.06527820329026472,0.13794680925150998,0.00026729647218059734,0.00022522565316870205,0.0003394405685838763,-4.5072237611734926e-07,0.008529610064408185,0.0001879866767413059,0.0,3.97,3.38,3.64,2.25,0.5900000000000003,-0.2899999999999996,-0.14000000000000012,0.0,-0.10999999999999988,-0.14999999999999947
2026-04-30,0.020855794094953247,0.000497007804966,0.0,-0.025489015053691725,0.004223867181556228,0.03285778489701763,0.10101600399525543,0.0010991842866578845,0.0005447426511317319,0.0004048481139829389,0.0008318878144772872,0.025520916816738088,0.0005178156585754884,0.0,4.3,3.79,3.64,2.3,0.5099999999999998,0.3299999999999996,0.41000000000000014,0.0,0.04999999999999982,-0.08000000000000052
2026-05-31,0.0036055461316109954,0.0002656480347371266,0.0,0.020855794094953247,0.006211144904750925,0.04366848442958543,0.09604206047106986,0.000497007804966,0.0006211628546014938,0.00034776027523825685,-0.0006021764816918845,-0.015234246980937671,0.0002625436884317134,0.0,4.4,3.88,3.64,2.46,0.5200000000000005,0.10000000000000053,0.08999999999999986,0.0,0.16000000000000014,0.010000000000000675
2026-06-30,-0.0010288301943626804,0.00028501235261967496,0.0,0.0036055461316109954,-0.0010276748271274478,0.042027472118188657,0.08315479086701001,0.0002656480347371266,0.0006206133754536701,0.0003249068095092643,-0.00023135977022887346,0.010905205657537335,0.0001446058887434301,0.0,4.45,3.98,3.62,2.38,0.4700000000000002,0.04999999999999982,0.10000000000000009,-0.020000000000000018,-0.08000000000000007,-0.050000000000000266
