DATE,VALUE
2017-12-01,86.95
2017-12-02,93.82
2017-12-03,87.52
2017-12-04,101.07
2017-12-05,95.44
2017-12-06,57.79
2017-12-07,40.69
2017-12-08,63.52
2017-12-09,129.89
2017-12-10,87.45
2017-12-11,81.46
2017-12-12,66.43
2017-12-13,52.01
2017-12-14,32.59
2017-12-15,104.84
2017-12-16,95.65
2017-12-17,141.38
2017-12-18,94.77
2017-12-19,82.4
2017-12-20,57.2
2017-12-21,92.94
2017-12-22,72.69
2017-12-23,133.94
2017-12-24,158.85
2017-12-25,101.81
2017-12-26,106.31
2017-12-27,58.44
2017-12-28,63.24
2017-12-29,146.43
2017-12-30,45.33
2017-12-31,174.9
2018-01-01,178.3
2018-01-02,111.2
2018-01-03,52.45
2018-01-04,243.48
2018-01-05,108.68
2018-01-06,83.81
2018-01-07,164.82
2018-01-08,77.28
2018-01-09,157.58
2018-01-10,89.18
2018-01-11,111.72
2018-01-12,107.69
2018-01-13,171.33
2018-01-14,176.99
2018-01-15,272.42
2018-01-16,61.57
2018-01-17,61.83
2018-01-18,115.86
2018-01-19,88.34
2018-01-20,85.4
2018-01-21,132.01
2018-01-22,110.72
2018-01-23,74.52
2018-01-24,93.27
2018-01-25,77.97
2018-01-26,110.0
2018-01-27,109.21
2018-01-28,105.65
2018-01-29,85.23
2018-01-30,68.45
2018-01-31,71.84
2018-02-01,49.78
2018-02-02,61.2
2018-02-03,44.0
2018-02-04,145.1
2018-02-05,145.79
2018-02-06,92.59
2018-02-07,58.29
2018-02-08,89.29
2018-02-09,82.68
2018-02-10,138.06
2018-02-11,145.19
2018-02-12,80.89
2018-02-13,104.55
2018-02-14,107.01
2018-02-15,88.63
2018-02-16,80.52
2018-02-17,63.93
2018-02-18,103.24
2018-02-19,53.44
2018-02-20,80.15
2018-02-21,95.81
2018-02-22,50.25
2018-02-23,55.72
2018-02-24,42.18
2018-02-25,126.87
2018-02-26,68.6
2018-02-27,52.64
2018-02-28,46.68
2018-03-01,69.3
2018-03-02,39.63
2018-03-03,34.62
2018-03-04,98.68
2018-03-05,148.37
2018-03-06,133.87
2018-03-07,87.33
2018-03-08,57.0
2018-03-09,132.57
2018-03-10,67.61
2018-03-11,170.78
2018-03-12,107.4
2018-03-13,54.85
2018-03-14,79.61
2018-03-15,43.98
2018-03-16,110.96
2018-03-17,132.51
2018-03-18,83.03
2018-03-19,74.64
2018-03-20,79.32
2018-03-21,55.83
2018-03-22,57.36
2018-03-23,66.64
2018-03-24,53.2
2018-03-25,61.37
2018-03-26,89.77
2018-03-27,22.48
2018-03-28,26.48
2018-03-29,16.75
2018-03-30,44.07
2018-03-31,67.64
2018-04-01,111.65
2018-04-02,167.71
2018-04-03,88.73
2018-04-04,52.9
2018-04-05,109.08
2018-04-06,70.62
2018-04-07,106.96
2018-04-08,151.12
2018-04-09,275.14
2018-04-10,56.17
2018-04-11,79.88
2018-04-12,190.11
2018-04-13,141.34
2018-04-14,71.29
2018-04-15,84.7
2018-04-16,65.26
2018-04-17,65.55
2018-04-18,71.44
2018-04-19,46.61
2018-04-20,47.54
2018-04-21,19.59
2018-04-22,70.06
2018-04-23,66.91
2018-04-24,35.09
2018-04-25,108.69
2018-04-26,68.42
2018-04-27,25.82
2018-04-28,57.83
2018-04-29,65.0
2018-04-30,86.67
2018-05-01,101.87
2018-05-02,95.92
2018-05-03,57.16
2018-05-04,38.51
2018-05-05,175.19
2018-05-06,122.37
2018-05-07,96.74
2018-05-08,100.02
2018-05-09,62.2
2018-05-10,74.02
2018-05-11,78.27
2018-05-12,115.07
2018-05-13,71.37
2018-05-14,127.21
2018-05-15,42.73
2018-05-16,50.06
2018-05-17,74.49
2018-05-18,129.32
2018-05-19,118.29
2018-05-20,57.04
2018-05-21,87.84
2018-05-22,92.17
2018-05-23,171.23
2018-05-24,48.9
2018-05-25,102.1
2018-05-26,45.88
2018-05-27,75.5
2018-05-28,49.45
2018-05-29,50.44
2018-05-30,135.21
2018-05-31,77.32
2018-06-01,109.62
2018-06-02,110.85
2018-06-03,56.64
2018-06-04,80.79
2018-06-05,36.31
2018-06-06,37.98
2018-06-07,55.99
2018-06-08,112.51
2018-06-09,152.77
2018-06-10,170.95
2018-06-11,138.36
2018-06-12,235.59
2018-06-13,137.07
2018-06-14,96.72
2018-06-15,68.71
2018-06-16,82.17
2018-06-17,105.3
2018-06-18,79.32
2018-06-19,165.86
2018-06-20,222.05
2018-06-21,71.67
2018-06-22,80.35
2018-06-23,40.76
2018-06-24,85.36
2018-06-25,63.53
2018-06-26,218.91
2018-06-27,39.58
2018-06-28,89.28
2018-06-29,54.02
2018-06-30,114.66
2018-07-01,136.2
2018-07-02,80.26
2018-07-03,119.73
2018-07-04,87.2
2018-07-05,80.07
2018-07-06,184.49
2018-07-07,121.36
2018-07-08,164.84
2018-07-09,110.48
2018-07-10,81.98
2018-07-11,40.76
2018-07-12,84.92
2018-07-13,74.75
2018-07-14,54.33
2018-07-15,146.72
2018-07-16,89.31
2018-07-17,58.55
2018-07-18,75.12
2018-07-19,55.33
2018-07-20,132.11
2018-07-21,108.3
2018-07-22,156.61
2018-07-23,78.59
2018-07-24,77.37
2018-07-25,57.92
2018-07-26,104.65
2018-07-27,61.47
2018-07-28,99.78
2018-07-29,117.4
2018-07-30,153.38
2018-07-31,91.35
2018-08-01,57.71
2018-08-02,117.93
2018-08-03,87.73
2018-08-04,107.88
2018-08-05,141.99
2018-08-06,112.91
2018-08-07,72.24
2018-08-08,56.98
2018-08-09,69.96
2018-08-10,76.97
2018-08-11,44.22
2018-08-12,109.73
2018-08-13,88.52
2018-08-14,55.18
2018-08-15,20.08
2018-08-16,30.89
2018-08-17,62.36
2018-08-18,96.63
2018-08-19,96.59
2018-08-20,45.18
2018-08-21,81.92
2018-08-22,38.52
2018-08-23,89.75
2018-08-24,80.33
2018-08-25,139.94
2018-08-26,96.04
2018-08-27,108.44
2018-08-28,165.65
2018-08-29,92.96
2018-08-30,90.46
2018-08-31,121.46
2018-09-01,46.12
2018-09-02,98.8
2018-09-03,115.11
2018-09-04,74.36
2018-09-05,37.66
2018-09-06,68.5
2018-09-07,67.9
2018-09-08,89.41
2018-09-09,92.74
2018-09-10,47.25
2018-09-11,49.37
2018-09-12,40.31
2018-09-13,29.73
2018-09-14,36.1
2018-09-15,62.01
2018-09-16,103.72
2018-09-17,100.71
2018-09-18,71.72
2018-09-19,74.06
2018-09-20,54.24
2018-09-21,88.17
2018-09-22,74.22
2018-09-23,124.25
2018-09-24,89.13
2018-09-25,55.65
2018-09-26,37.16
2018-09-27,22.95
2018-09-28,52.38
2018-09-29,33.38
2018-09-30,83.77
2018-10-01,166.69
2018-10-02,130.93
2018-10-03,107.49
2018-10-04,119.36
2018-10-05,66.64
2018-10-06,66.47
2018-10-07,197.77
2018-10-08,112.49
2018-10-09,31.39
2018-10-10,58.99
2018-10-11,68.38
2018-10-12,103.11
2018-10-13,70.22
2018-10-14,92.58
2018-10-15,85.8
2018-10-16,109.71
2018-10-17,77.94
2018-10-18,100.13
2018-10-19,70.3
2018-10-20,61.88
2018-10-21,118.94
2018-10-22,89.49
2018-10-23,52.04
2018-10-24,73.6
2018-10-25,89.53
2018-10-26,65.53
2018-10-27,79.2
2018-10-28,136.61
2018-10-29,64.23
2018-10-30,51.28
2018-10-31,79.07
2018-11-01,84.17
2018-11-02,82.99
2018-11-03,77.39
2018-11-04,223.53
2018-11-05,90.47
2018-11-06,148.95
2018-11-07,61.17
2018-11-08,51.63
2018-11-09,41.01
2018-11-10,54.44
2018-11-11,64.34
2018-11-12,42.33
2018-11-13,64.87
2018-11-14,53.94
2018-11-15,55.04
2018-11-16,30.47
2018-11-17,34.95
2018-11-18,90.25
2018-11-19,10.92
2018-11-20,29.26
2018-11-21,46.86
2018-11-22,21.81
2018-11-23,24.17
2018-11-24,49.06
2018-11-25,168.06
2018-11-26,168.44
2018-11-27,93.08
2018-11-28,100.92
2018-11-29,183.21
2018-11-30,136.43
2018-12-01,142.31
2018-12-02,167.46
2018-12-03,158.49
2018-12-04,109.29
2018-12-05,83.26
2018-12-06,110.19
2018-12-07,101.45
2018-12-08,123.21
2018-12-09,130.49
2018-12-10,71.08
2018-12-11,88.44
2018-12-12,57.97
2018-12-13,121.67
2018-12-14,86.56
2018-12-15,90.26
2018-12-16,186.66
2018-12-17,101.75
2018-12-18,103.24
2018-12-19,114.17
2018-12-20,79.38
2018-12-21,144.91
2018-12-22,10.92
2018-12-23,261.36
2018-12-24,141.79
2018-12-25,171.11
2018-12-26,198.19
2018-12-27,161.1
2018-12-28,156.65
2018-12-29,116.81
2018-12-30,213.53
2018-12-31,149.82
2019-01-01,204.03
2019-01-02,146.97
2019-01-03,212.58
2019-01-04,153.15
2019-01-05,4.7
2019-01-06,230.39
2019-01-07,148.61
2019-01-08,259.25
2019-01-09,120.42
2019-01-10,148.84
2019-01-11,170.68
2019-01-12,175.61
2019-01-13,120.96
2019-01-14,223.58
2019-01-15,104.39
2019-01-16,173.46
2019-01-17,168.92
2019-01-18,154.17
2019-01-19,109.0
2019-01-20,178.48
2019-01-21,216.29
2019-01-22,107.95
2019-01-23,88.26
2019-01-24,106.06
2019-01-25,105.17
2019-01-26,107.16
2019-01-27,218.94
2019-01-28,73.71
2019-01-29,62.53
2019-01-30,123.71
2019-01-31,126.24
2019-02-01,95.81
2019-02-02,82.06
2019-02-03,134.38
2019-02-04,216.31
2019-02-05,87.75
2019-02-06,145.25
2019-02-07,93.79
2019-02-08,76.81
2019-02-09,49.63
2019-02-10,95.37
2019-02-11,59.53
2019-02-12,45.91
2019-02-13,93.01
2019-02-14,35.99
2019-02-15,55.54
2019-02-16,27.08
2019-02-17,10.92
2019-02-18,57.35
2019-02-19,79.79
2019-02-20,65.36
2019-02-21,87.44
2019-02-22,115.34
2019-02-23,93.12
2019-02-24,4.05
2019-02-25,84.03
2019-02-26,68.54
2019-02-27,128.81
2019-02-28,125.24
2019-03-01,110.76
2019-03-02,118.68
2019-03-03,101.11
2019-03-04,71.01
2019-03-05,138.38
2019-03-06,78.64
2019-03-07,138.86
2019-03-08,81.81
2019-03-09,67.73
2019-03-10,138.96
2019-03-11,161.35
2019-03-12,93.23
2019-03-13,81.38
2019-03-14,56.33
2019-03-15,66.48
2019-03-16,65.37
2019-03-17,101.36
2019-03-18,77.23
2019-03-19,82.83
2019-03-20,75.89
2019-03-21,91.17
2019-03-22,83.99
2019-03-23,102.4
2019-03-24,127.53
2019-03-25,69.27
2019-03-26,78.28
2019-03-27,92.66
2019-03-28,53.74
2019-03-29,91.25
2019-03-30,101.92
2019-03-31,134.75
2019-04-01,117.34
2019-04-02,130.56
2019-04-03,81.95
2019-04-04,82.78
2019-04-05,50.15
2019-04-06,108.22
2019-04-07,127.54
2019-04-08,58.07
2019-04-09,60.19
2019-04-10,71.78
2019-04-11,54.57
2019-04-12,75.79
2019-04-13,66.73
2019-04-14,161.23
2019-04-15,76.25
2019-04-16,58.1
2019-04-17,63.24
2019-04-18,56.96
2019-04-19,48.34
2019-04-20,52.37
2019-04-21,83.39
2019-04-22,78.68
2019-04-23,56.96
2019-04-24,60.14
2019-04-25,76.31
2019-04-26,67.89
2019-04-27,56.25
2019-04-28,107.52
2019-04-29,97.53
2019-04-30,75.34
2019-05-01,112.75
2019-05-02,30.2
2019-05-03,57.65
2019-05-04,71.39
2019-05-05,98.38
2019-05-06,93.78
2019-05-07,111.09
2019-05-08,101.81
2019-05-09,67.46
2019-05-10,108.12
2019-05-11,46.84
2019-05-12,155.26
2019-05-13,94.65
2019-05-14,126.65
2019-05-15,132.3
2019-05-16,94.72
2019-05-17,117.89
2019-05-18,95.04
2019-05-19,95.86
2019-05-20,95.08
2019-05-21,73.8
2019-05-22,69.8
2019-05-23,71.04
2019-05-24,144.24
2019-05-25,151.55
2019-05-26,138.34
2019-05-27,102.04
2019-05-28,69.48
2019-05-29,55.62
2019-05-30,50.84
2019-05-31,94.35
2019-06-01,97.55
2019-06-02,159.79
2019-06-03,72.86
2019-06-04,120.06
2019-06-05,217.51
2019-06-06,137.43
2019-06-07,242.25
2019-06-08,139.29
2019-06-09,174.61
2019-06-10,162.1
2019-06-11,130.24
2019-06-12,116.03
2019-06-13,143.87
2019-06-14,145.07
2019-06-15,175.49
2019-06-16,198.5
2019-06-17,82.16
2019-06-18,146.35
2019-06-19,77.89
2019-06-20,116.67
2019-06-21,178.92
2019-06-22,127.09
2019-06-23,245.77
2019-06-24,92.75
2019-06-25,74.19
2019-06-26,142.51
2019-06-27,64.08
2019-06-28,129.48
2019-06-29,96.2
2019-06-30,114.41
2019-07-01,174.62
2019-07-02,144.12
2019-07-03,126.27
2019-07-04,96.84
2019-07-05,72.83
2019-07-06,93.29
2019-07-07,180.55
2019-07-08,72.06
2019-07-09,40.14
2019-07-10,45.62
2019-07-11,103.84
2019-07-12,72.49
2019-07-13,126.95
2019-07-14,58.43
2019-07-15,72.19
2019-07-16,53.41
2019-07-17,77.06
2019-07-18,61.63
2019-07-19,61.84
2019-07-20,28.88
2019-07-21,112.14
2019-07-22,75.32
2019-07-23,114.24
2019-07-24,79.72
2019-07-25,40.68
2019-07-26,116.11
2019-07-27,174.53
2019-07-28,133.67
2019-07-29,86.97
2019-07-30,139.24
2019-07-31,103.01
2019-08-01,150.2
2019-08-02,117.41
2019-08-03,153.64
2019-08-04,87.14
2019-08-05,83.03
2019-08-06,84.05
2019-08-07,92.22
2019-08-08,93.48
2019-08-09,92.35
2019-08-10,57.72
2019-08-11,123.95
2019-08-12,109.59
2019-08-13,70.1
2019-08-14,133.71
2019-08-15,144.25
2019-08-16,105.71
2019-08-17,176.17
2019-08-18,196.87
2019-08-19,144.84
2019-08-20,229.29
2019-08-21,278.29
2019-08-22,186.06
2019-08-23,268.83
2019-08-24,386.19
2019-08-25,321.21
2019-08-26,267.98
2019-08-27,173.5
2019-08-28,132.75
2019-08-29,100.25
2019-08-30,116.43
2019-08-31,135.02
2019-09-01,242.38
2019-09-02,229.98
2019-09-03,95.61
2019-09-04,92.02
2019-09-05,106.57
2019-09-06,130.51
2019-09-07,160.77
2019-09-08,128.76
2019-09-09,65.84
2019-09-10,64.63
2019-09-11,58.52
2019-09-12,100.33
2019-09-13,103.12
2019-09-14,103.05
2019-09-15,154.3
2019-09-16,67.24
2019-09-17,79.18
2019-09-18,72.64
2019-09-19,184.82
2019-09-20,98.34
2019-09-21,139.28
2019-09-22,133.98
2019-09-23,134.52
2019-09-24,120.81
2019-09-25,144.83
2019-09-26,60.07
2019-09-27,101.26
2019-09-28,97.83
2019-09-29,165.02
2019-09-30,113.0
2019-10-01,65.08
2019-10-02,92.82
2019-10-03,46.59
2019-10-04,105.75
2019-10-05,200.44
2019-10-06,192.8
2019-10-07,137.56
2019-10-08,165.35
2019-10-09,62.58
2019-10-10,119.93
2019-10-11,95.08
2019-10-12,88.08
2019-10-13,80.63
2019-10-14,108.55
2019-10-15,68.05
2019-10-16,114.65
2019-10-17,156.8
2019-10-18,64.05
2019-10-19,60.31
2019-10-20,56.13
2019-10-21,57.74
2019-10-22,42.25
2019-10-23,80.02
2019-10-24,56.27
2019-10-25,67.88
2019-10-26,78.83
2019-10-27,166.39
2019-10-28,28.94
2019-10-29,134.13
2019-10-30,111.12
2019-10-31,133.29
2019-11-01,35.14
2019-11-02,135.0
2019-11-03,143.99
2019-11-04,75.66
2019-11-05,129.4
2019-11-06,48.77
2019-11-07,67.84
2019-11-08,127.43
2019-11-09,125.21
2019-11-10,118.98
2019-11-11,101.72
2019-11-12,89.57
2019-11-13,106.88
2019-11-14,53.75
2019-11-15,56.77
2019-11-16,91.22
2019-11-17,125.9
2019-11-18,19.85
2019-11-19,33.14
2019-11-20,46.27
2019-11-21,65.17
2019-11-22,83.86
2019-11-23,63.35
2019-11-24,110.11
2019-11-25,41.17
2019-11-26,37.49
2019-11-27,37.18
2019-11-28,97.06
2019-11-29,122.19
2019-11-30,41.19
2019-12-01,99.73
2019-12-02,86.08
2019-12-03,69.28
2019-12-04,64.18
2019-12-05,36.86
2019-12-06,134.85
2019-12-07,174.94
2019-12-08,219.84
2019-12-09,130.15
2019-12-10,189.13
2019-12-11,111.83
2019-12-12,99.79
2019-12-13,164.4
2019-12-14,139.75
2019-12-15,110.44
2019-12-16,79.66
2019-12-17,140.79
2019-12-18,89.87
2019-12-19,70.52
2019-12-20,141.48
2019-12-21,155.23
2019-12-22,190.14
2019-12-23,110.91
2019-12-24,97.08
2019-12-25,43.46
2019-12-26,106.92
2019-12-27,127.92
2019-12-28,123.1
2019-12-29,245.14
2019-12-30,101.31
2019-12-31,105.75
2020-01-01,186.06
2020-01-02,139.13
2020-01-03,108.1
2020-01-04,212.82
2020-01-05,173.76
2020-01-06,147.96
2020-01-07,103.98
2020-01-08,91.15
2020-01-09,71.92
2020-01-10,74.58
2020-01-11,127.36
2020-01-12,159.24
2020-01-13,124.82
2020-01-14,109.27
2020-01-15,98.77
2020-01-16,88.05
2020-01-17,77.76
2020-01-18,89.29
2020-01-19,162.21
2020-01-20,96.05
2020-01-21,87.56
2020-01-22,77.19
2020-01-23,70.67
2020-01-24,48.48
2020-01-25,78.77
2020-01-26,137.56
2020-01-27,22.25
2020-01-28,94.68
2020-01-29,88.62
2020-01-30,142.05
2020-01-31,122.2
2020-02-01,147.37
2020-02-02,104.49
2020-02-03,124.15
2020-02-04,111.96
2020-02-05,84.94
2020-02-06,81.75
2020-02-07,130.27
2020-02-08,87.8
2020-02-09,113.95
2020-02-10,111.39
2020-02-11,152.71
2020-02-12,79.26
2020-02-13,82.23
2020-02-14,71.98
2020-02-15,82.1
2020-02-16,131.52
2020-02-17,82.54
2020-02-18,77.38
2020-02-19,56.47
2020-02-20,103.7
2020-02-21,106.59
2020-02-22,177.27
2020-02-23,144.34
2020-02-24,88.73
2020-02-25,147.84
2020-02-26,97.49
2020-02-27,106.55
2020-02-28,172.45
2020-02-29,225.32
2020-03-01,175.73
2020-03-02,153.53
2020-03-03,132.55
2020-03-04,197.2
2020-03-05,118.02
2020-03-06,132.5
2020-03-07,122.57
2020-03-08,250.63
2020-03-09,276.24
2020-03-10,296.12
2020-03-11,234.73
2020-03-12,187.08
2020-03-13,330.85
2020-03-14,236.03
2020-03-15,468.43
2020-03-16,323.71
2020-03-17,378.92
2020-03-18,455.45
2020-03-19,514.67
2020-03-20,633.51
2020-03-21,538.95
2020-03-22,651.07
2020-03-23,572.94
2020-03-24,596.78
2020-03-25,449.86
2020-03-26,670.3
2020-03-27,557.18
2020-03-28,515.39
2020-03-29,743.13
2020-03-30,361.46
2020-03-31,516.55
2020-04-01,474.81
2020-04-02,738.02
2020-04-03,540.5
2020-04-04,636.21
2020-04-05,739.55
2020-04-06,605.38
2020-04-07,468.08
2020-04-08,524.13
2020-04-09,417.54
2020-04-10,461.87
2020-04-11,547.4
2020-04-12,558.22
2020-04-13,638.81
2020-04-14,441.32
2020-04-15,455.68
2020-04-16,505.52
2020-04-17,573.7
2020-04-18,529.03
2020-04-19,594.11
2020-04-20,618.66
2020-04-21,599.13
2020-04-22,511.42
2020-04-23,505.54
2020-04-24,562.5
2020-04-25,555.71
2020-04-26,855.17
2020-04-27,642.66
2020-04-28,479.89
2020-04-29,439.11
2020-04-30,440.07
2020-05-01,516.72
2020-05-02,387.24
2020-05-03,541.24
2020-05-04,449.38
2020-05-05,807.66
2020-05-06,498.71
2020-05-07,504.24
2020-05-08,488.53
2020-05-09,621.96
2020-05-10,536.09
2020-05-11,527.36
2020-05-12,442.15
2020-05-13,553.21
2020-05-14,508.02
2020-05-15,374.22
2020-05-16,385.27
2020-05-17,861.1
2020-05-18,511.62
2020-05-19,363.66
2020-05-20,420.68
2020-05-21,361.11
2020-05-22,418.96
2020-05-23,441.45
2020-05-24,458.16
2020-05-25,462.96
2020-05-26,389.21
2020-05-27,355.1
2020-05-28,421.99
2020-05-29,426.28
2020-05-30,418.18
2020-05-31,557.19
2020-06-01,226.8
2020-06-02,257.49
2020-06-03,287.17
2020-06-04,231.24
2020-06-05,235.07
2020-06-06,277.42
2020-06-07,391.21
2020-06-08,318.64
2020-06-09,191.32
2020-06-10,237.88
2020-06-11,317.86
2020-06-12,293.12
2020-06-13,373.28
2020-06-14,397.45
2020-06-15,300.34
2020-06-16,319.69
2020-06-17,348.4
2020-06-18,322.96
2020-06-19,450.64
2020-06-20,515.46
2020-06-21,413.51
2020-06-22,259.55
2020-06-23,309.15
2020-06-24,224.4
2020-06-25,225.72
2020-06-26,260.33
2020-06-27,276.22
2020-06-28,561.21
2020-06-29,301.58
2020-06-30,292.37
2020-07-01,329.62
2020-07-02,249.7
2020-07-03,412.01
2020-07-04,347.74
2020-07-05,415.94
2020-07-06,389.2
2020-07-07,278.61
2020-07-08,319.33
2020-07-09,267.49
2020-07-10,259.27
2020-07-11,237.89
2020-07-12,496.99
2020-07-13,212.54
2020-07-14,308.28
2020-07-15,352.74
2020-07-16,313.71
2020-07-17,555.06
2020-07-18,388.97
2020-07-19,640.0
2020-07-20,430.14
2020-07-21,423.52
2020-07-22,297.02
2020-07-23,282.1
2020-07-24,290.25
2020-07-25,279.85
2020-07-26,465.25
2020-07-27,521.96
2020-07-28,315.73
2020-07-29,370.27
2020-07-30,307.77
2020-07-31,384.08
2020-08-01,304.7
2020-08-02,405.97
2020-08-03,271.04
2020-08-04,391.33
2020-08-05,253.99
2020-08-06,285.63
2020-08-07,276.7
2020-08-08,353.43
2020-08-09,398.91
2020-08-10,388.62
2020-08-11,359.14
2020-08-12,202.2
2020-08-13,282.72
2020-08-14,345.8
2020-08-15,324.57
2020-08-16,531.9
2020-08-17,350.55
2020-08-18,341.68
2020-08-19,216.18
2020-08-20,250.25
2020-08-21,286.03
2020-08-22,217.76
2020-08-23,380.2
2020-08-24,186.9
2020-08-25,213.68
2020-08-26,154.27
2020-08-27,180.61
2020-08-28,296.28
2020-08-29,339.77
2020-08-30,296.28
2020-08-31,169.1
2020-09-01,204.69
2020-09-02,237.83
2020-09-03,243.52
2020-09-04,224.01
2020-09-05,258.22
2020-09-06,484.25
2020-09-07,491.37
2020-09-08,208.78
2020-09-09,209.54
2020-09-10,218.1
2020-09-11,237.03
2020-09-12,218.84
2020-09-13,318.66
2020-09-14,270.62
2020-09-15,245.27
2020-09-16,244.64
2020-09-17,248.91
2020-09-18,244.41
2020-09-19,187.42
2020-09-20,437.15
2020-09-21,177.56
2020-09-22,126.1
2020-09-23,161.46
2020-09-24,246.25
2020-09-25,252.32
2020-09-26,134.92
2020-09-27,317.07
2020-09-28,189.79
2020-09-29,185.6
2020-09-30,207.77
2020-10-01,259.5
2020-10-02,390.29
2020-10-03,340.62
2020-10-04,332.63
2020-10-05,273.84
2020-10-06,334.28
2020-10-07,426.88
2020-10-08,294.91
2020-10-09,306.7
2020-10-10,396.92
2020-10-11,492.14
2020-10-12,289.7
2020-10-13,220.87
2020-10-14,341.81
2020-10-15,141.19
2020-10-16,200.48
2020-10-17,161.13
2020-10-18,285.62
2020-10-19,249.35
2020-10-20,234.01
2020-10-21,158.05
2020-10-22,167.77
2020-10-23,138.34
2020-10-24,129.44
2020-10-25,369.86
2020-10-26,294.62
2020-10-27,187.07
2020-10-28,234.14
2020-10-29,298.36
2020-10-30,277.43
2020-10-31,186.36
2020-11-01,271.71
2020-11-02,418.93
2020-11-03,335.3
2020-11-04,370.7
2020-11-05,303.07
2020-11-06,390.29
2020-11-07,452.23
2020-11-08,416.76
2020-11-09,254.34
2020-11-10,192.03
2020-11-11,252.06
2020-11-12,184.25
2020-11-13,123.79
2020-11-14,225.66
2020-11-15,218.9
2020-11-16,254.24
2020-11-17,196.81
2020-11-18,154.81
2020-11-19,224.65
2020-11-20,230.2
2020-11-21,196.02
2020-11-22,359.33
2020-11-23,415.59
2020-11-24,262.51
2020-11-25,276.82
2020-11-26,157.55
2020-11-27,238.32
2020-11-28,149.05
2020-11-29,258.52
2020-11-30,156.15
2020-12-01,248.2
2020-12-02,156.7
2020-12-03,189.91
2020-12-04,215.13
2020-12-05,141.89
2020-12-06,363.84
2020-12-07,269.89
2020-12-08,259.64
2020-12-09,144.77
2020-12-10,256.04
2020-12-11,122.3
2020-12-12,141.22
2020-12-13,379.17
2020-12-14,186.91
2020-12-15,139.29
2020-12-16,136.12
2020-12-17,195.87
2020-12-18,146.67
2020-12-19,154.77
2020-12-20,196.41
2020-12-21,246.79
2020-12-22,147.55
2020-12-23,291.07
2020-12-24,256.16
2020-12-25,174.42
2020-12-26,699.78
2020-12-27,358.97
2020-12-28,217.47
2020-12-29,286.36
2020-12-30,368.46
2020-12-31,307.12
2021-01-01,429.48
2021-01-02,190.39
2021-01-03,324.05
2021-01-04,233.3
2021-01-05,208.61
2021-01-06,139.81
2021-01-07,124.29
2021-01-08,104.8
2021-01-09,115.22
2021-01-10,283.14
2021-01-11,308.7
2021-01-12,229.15
2021-01-13,223.57
2021-01-14,157.94
2021-01-15,149.93
2021-01-16,228.3
2021-01-17,209.94
2021-01-18,159.6
2021-01-19,170.18
2021-01-20,309.33
2021-01-21,280.95
2021-01-22,192.0
2021-01-23,147.81
2021-01-24,291.37
2021-01-25,241.85
2021-01-26,254.93
2021-01-27,251.13
2021-01-28,150.0
2021-01-29,248.96
2021-01-30,139.41
2021-01-31,199.79
2021-02-01,144.04
2021-02-02,282.75
2021-02-03,145.65
2021-02-04,129.36
2021-02-05,111.2
2021-02-06,99.84
2021-02-07,200.27
2021-02-08,232.61
2021-02-09,84.45
2021-02-10,113.01
2021-02-11,121.93
2021-02-12,211.29
2021-02-13,180.0
2021-02-14,153.61
2021-02-15,152.79
2021-02-16,150.29
2021-02-17,84.88
2021-02-18,148.02
2021-02-19,106.51
2021-02-20,107.05
2021-02-21,135.8
2021-02-22,132.3
2021-02-23,145.25
2021-02-24,186.94
2021-02-25,124.74
2021-02-26,223.25
2021-02-27,220.62
2021-02-28,194.65
2021-03-01,257.79
2021-03-02,122.0
2021-03-03,103.44
2021-03-04,76.48
2021-03-05,231.03
2021-03-06,206.96
2021-03-07,229.1
2021-03-08,328.48
2021-03-09,167.78
2021-03-10,195.33
2021-03-11,275.24
2021-03-12,106.71
2021-03-13,108.34
2021-03-14,216.17
2021-03-15,206.85
2021-03-16,87.46
2021-03-17,187.89
2021-03-18,180.02
2021-03-19,211.66
2021-03-20,301.26
2021-03-21,152.98
2021-03-22,275.36
2021-03-23,193.53
2021-03-24,126.24
2021-03-25,142.05
2021-03-26,108.99
2021-03-27,87.78
2021-03-28,155.99
2021-03-29,177.66
2021-03-30,121.16
2021-03-31,136.03
2021-04-01,76.09
2021-04-02,130.61
2021-04-03,120.78
2021-04-04,210.38
2021-04-05,181.6
2021-04-06,125.46
2021-04-07,205.44
2021-04-08,115.07
2021-04-09,115.04
2021-04-10,138.65
2021-04-11,300.55
2021-04-12,69.6
2021-04-13,112.82
2021-04-14,65.13
2021-04-15,111.93
2021-04-16,86.85
2021-04-17,108.04
2021-04-18,128.86
2021-04-19,92.0
2021-04-20,89.99
2021-04-21,100.71
2021-04-22,70.82
2021-04-23,102.84
2021-04-24,76.35
2021-04-25,106.95
2021-04-26,84.99
2021-04-27,165.42
2021-04-28,102.3
2021-04-29,153.32
2021-04-30,125.83
2021-05-01,107.85
2021-05-02,184.5
2021-05-03,297.27
2021-05-04,119.21
2021-05-05,176.89
2021-05-06,142.39
2021-05-07,170.41
2021-05-08,134.18
2021-05-09,114.95
2021-05-10,168.8
2021-05-11,175.89
2021-05-12,78.7
2021-05-13,94.65
2021-05-14,100.11
2021-05-15,53.8
2021-05-16,129.76
2021-05-17,128.94
2021-05-18,96.41
2021-05-19,147.69
2021-05-20,189.22
2021-05-21,108.94
2021-05-22,80.84
2021-05-23,181.82
2021-05-24,183.43
2021-05-25,145.6
2021-05-26,71.66
2021-05-27,70.25
2021-05-28,171.86
2021-05-29,20.63
2021-05-30,91.45
2021-05-31,74.69
2021-06-01,176.43
2021-06-02,83.31
2021-06-03,109.44
2021-06-04,68.0
2021-06-05,48.51
2021-06-06,122.76
2021-06-07,111.43
2021-06-08,109.81
2021-06-09,131.85
2021-06-10,122.88
2021-06-11,97.74
2021-06-12,63.44
2021-06-13,127.53
2021-06-14,117.23
2021-06-15,109.37
2021-06-16,104.83
2021-06-17,94.44
2021-06-18,142.32
2021-06-19,64.25
2021-06-20,95.85
2021-06-21,174.11
2021-06-22,100.0
2021-06-23,60.28
2021-06-24,113.04
2021-06-25,92.88
2021-06-26,73.15
2021-06-27,302.87
2021-06-28,168.47
2021-06-29,74.51
2021-06-30,133.65
2021-07-01,82.66
2021-07-02,133.09
2021-07-03,82.15
2021-07-04,160.07
2021-07-05,144.78
2021-07-06,199.58
2021-07-07,57.23
2021-07-08,67.69
2021-07-09,84.3
2021-07-10,113.6
2021-07-11,118.92
2021-07-12,144.11
2021-07-13,192.35
2021-07-14,98.68
2021-07-15,153.82
2021-07-16,140.71
2021-07-17,126.48
2021-07-18,216.59
2021-07-19,103.99
2021-07-20,130.37
2021-07-21,185.19
2021-07-22,91.1
2021-07-23,138.66
2021-07-24,89.31
2021-07-25,170.04
2021-07-26,125.45
2021-07-27,132.55
2021-07-28,152.66
2021-07-29,144.4
2021-07-30,133.44
2021-07-31,116.35
2021-08-01,125.09
2021-08-02,124.58
2021-08-03,77.81
2021-08-04,67.39
2021-08-05,179.01
2021-08-06,107.12
2021-08-07,57.9
2021-08-08,241.48
2021-08-09,134.96
2021-08-10,399.87
2021-08-11,96.07
2021-08-12,90.39
2021-08-13,101.4
2021-08-14,95.63
2021-08-15,91.76
2021-08-16,131.18
2021-08-17,113.72
2021-08-18,113.23
2021-08-19,78.58
2021-08-20,85.35
2021-08-21,70.76
2021-08-22,304.68
2021-08-23,177.96
2021-08-24,86.77
2021-08-25,74.18
2021-08-26,54.9
2021-08-27,69.52
2021-08-28,147.47
2021-08-29,105.19
2021-08-30,77.75
2021-08-31,166.77
2021-09-01,88.74
2021-09-02,72.75
2021-09-03,88.32
2021-09-04,78.8
2021-09-05,229.72
2021-09-06,222.33
2021-09-07,165.86
2021-09-08,118.66
2021-09-09,56.89
2021-09-10,72.22
2021-09-11,96.32
2021-09-12,152.3
2021-09-13,209.02
2021-09-14,135.76
2021-09-15,106.93
2021-09-16,44.76
2021-09-17,83.45
2021-09-18,63.85
2021-09-19,91.65
2021-09-20,159.31
2021-09-21,196.08
2021-09-22,98.64
2021-09-23,79.1
2021-09-24,86.86
2021-09-25,82.85
2021-09-26,108.75
2021-09-27,243.51
2021-09-28,126.3
2021-09-29,104.63
2021-09-30,142.53
2021-10-01,88.83
2021-10-02,100.28
2021-10-03,166.17
2021-10-04,148.03
2021-10-05,97.14
2021-10-06,145.53
2021-10-07,100.93
2021-10-08,96.69
2021-10-09,248.61
2021-10-10,122.3
2021-10-11,85.57
2021-10-12,90.52
2021-10-13,111.12
2021-10-14,94.34
2021-10-15,65.19
2021-10-16,86.82
2021-10-17,238.11
2021-10-18,159.77
2021-10-19,73.95
2021-10-20,59.85
2021-10-21,69.73
2021-10-22,101.73
2021-10-23,69.32
2021-10-24,185.92
2021-10-25,102.62
2021-10-26,99.45
2021-10-27,63.73
2021-10-28,90.49
2021-10-29,77.35
2021-10-30,61.28
2021-10-31,97.73
2021-11-01,136.17
2021-11-02,110.75
2021-11-03,188.57
2021-11-04,156.8
2021-11-05,211.53
2021-11-06,205.66
2021-11-07,264.34
2021-11-08,363.38
2021-11-09,149.84
2021-11-10,39.0
2021-11-11,65.66
2021-11-12,202.74
2021-11-13,79.21
2021-11-14,173.41
2021-11-15,107.9
2021-11-16,112.32
2021-11-17,114.88
2021-11-18,141.8
2021-11-19,120.37
2021-11-20,192.7
2021-11-21,87.77
2021-11-22,92.12
2021-11-23,98.64
2021-11-24,131.12
2021-11-25,58.34
2021-11-26,57.97
2021-11-27,44.45
2021-11-28,126.1
2021-11-29,103.8
2021-11-30,117.24
2021-12-01,108.42
2021-12-02,90.4
2021-12-03,219.57
2021-12-04,169.9
2021-12-05,173.55
2021-12-06,90.05
2021-12-07,121.78
2021-12-08,94.23
2021-12-09,59.47
2021-12-10,78.93
2021-12-11,84.96
2021-12-12,184.54
2021-12-13,214.47
2021-12-14,76.16
2021-12-15,103.8
2021-12-16,152.15
2021-12-17,130.93
2021-12-18,111.46
2021-12-19,185.69
2021-12-20,118.72
2021-12-21,164.17
2021-12-22,130.79
2021-12-23,171.54
2021-12-24,98.9
2021-12-25,203.29
2021-12-26,271.9
2021-12-27,179.41
2021-12-28,113.84
2021-12-29,84.18
2021-12-30,131.66
2021-12-31,132.09
2022-01-01,169.59
2022-01-02,157.01
2022-01-03,146.6
2022-01-04,192.08
2022-01-05,111.08
2022-01-06,235.1
2022-01-07,57.41
2022-01-08,139.45
2022-01-09,115.26
2022-01-10,120.25
2022-01-11,77.55
2022-01-12,91.97
2022-01-13,57.28
2022-01-14,73.63
2022-01-15,169.9
2022-01-16,507.73
2022-01-17,174.94
2022-01-18,77.0
2022-01-19,71.25
2022-01-20,72.93
2022-01-21,126.04
2022-01-22,52.51
2022-01-23,122.72
2022-01-24,273.48
2022-01-25,190.88
2022-01-26,146.78
2022-01-27,164.89
2022-01-28,129.34
2022-01-29,126.32
2022-01-30,179.99
2022-01-31,184.81
2022-02-01,143.53
2022-02-02,101.01
2022-02-03,93.56
2022-02-04,171.57
2022-02-05,111.26
2022-02-06,121.68
2022-02-07,97.27
2022-02-08,115.82
2022-02-09,83.48
2022-02-10,84.38
2022-02-11,67.68
2022-02-12,85.27
2022-02-13,155.44
2022-02-14,201.81
2022-02-15,109.46
2022-02-16,73.91
2022-02-17,107.1
2022-02-18,180.25
2022-02-19,139.8
2022-02-20,133.87
2022-02-21,114.2
2022-02-22,180.27
2022-02-23,89.64
2022-02-24,156.68
2022-02-25,161.59
2022-02-26,175.73
2022-02-27,160.39
2022-02-28,167.06
2022-03-01,188.05
2022-03-02,134.88
2022-03-03,204.82
2022-03-04,219.09
2022-03-05,212.98
2022-03-06,142.22
2022-03-07,164.7
2022-03-08,165.06
2022-03-09,142.59
2022-03-10,150.53
2022-03-11,232.96
2022-03-12,174.06
2022-03-13,352.88
2022-03-14,222.54
2022-03-15,154.33
2022-03-16,216.66
2022-03-17,137.82
2022-03-18,171.27
2022-03-19,100.89
2022-03-20,161.71
2022-03-21,239.83
2022-03-22,137.53
2022-03-23,116.56
2022-03-24,128.23
2022-03-25,209.01
2022-03-26,204.08
2022-03-27,396.7
2022-03-28,322.1
2022-03-29,193.93
2022-03-30,105.19
2022-03-31,81.85
2022-04-01,114.29
2022-04-02,160.34
2022-04-03,65.82
2022-04-04,115.67
2022-04-05,126.89
2022-04-06,168.21
2022-04-07,171.04
2022-04-08,124.74
2022-04-09,92.39
2022-04-10,324.04
2022-04-11,241.25
2022-04-12,103.12
2022-04-13,90.43
2022-04-14,142.29
2022-04-15,98.36
2022-04-16,85.21
2022-04-17,105.38
2022-04-18,93.03
2022-04-19,276.08
2022-04-20,95.07
2022-04-21,89.05
2022-04-22,148.56
2022-04-23,112.1
2022-04-24,131.87
2022-04-25,126.9
2022-04-26,130.06
2022-04-27,69.39
2022-04-28,80.21
2022-04-29,126.12
2022-04-30,281.5
2022-05-01,150.39
2022-05-02,99.33
2022-05-03,103.64
2022-05-04,123.78
2022-05-05,87.92
2022-05-06,212.5
2022-05-07,108.42
2022-05-08,307.96
2022-05-09,97.81
2022-05-10,135.75
2022-05-11,102.02
2022-05-12,144.73
2022-05-13,140.0
2022-05-14,130.88
2022-05-15,184.23
2022-05-16,124.37
2022-05-17,101.23
2022-05-18,97.83
2022-05-19,157.59
2022-05-20,185.12
2022-05-21,157.27
2022-05-22,247.4
2022-05-23,135.77
2022-05-24,135.79
2022-05-25,100.89
2022-05-26,132.56
2022-05-27,145.02
2022-05-28,61.72
2022-05-29,79.32
2022-05-30,82.99
2022-05-31,72.9
2022-06-01,161.66
2022-06-02,144.13
2022-06-03,163.85
2022-06-04,88.7
2022-06-05,139.95
2022-06-06,127.27
2022-06-07,167.65
2022-06-08,110.13
2022-06-09,112.11
2022-06-10,93.65
2022-06-11,80.16
2022-06-12,124.32
2022-06-13,95.37
2022-06-14,120.62
2022-06-15,140.82
2022-06-16,189.54
2022-06-17,108.29
2022-06-18,143.96
2022-06-19,184.49
2022-06-20,165.42
2022-06-21,140.11
2022-06-22,96.97
2022-06-23,96.96
2022-06-24,111.86
2022-06-25,91.56
2022-06-26,239.87
2022-06-27,140.94
2022-06-28,129.96
2022-06-29,135.33
2022-06-30,158.37
2022-07-01,177.73
2022-07-02,130.95
2022-07-03,135.95
2022-07-04,309.83
2022-07-05,116.59
2022-07-06,91.52
2022-07-07,93.67
2022-07-08,104.33
2022-07-09,104.17
2022-07-10,210.3
2022-07-11,200.3
2022-07-12,126.67
2022-07-13,52.82
2022-07-14,203.03
2022-07-15,210.77
2022-07-16,214.9
2022-07-17,195.72
2022-07-18,182.94
2022-07-19,177.18
2022-07-20,113.33
2022-07-21,132.76
2022-07-22,138.82
2022-07-23,100.99
2022-07-24,209.57
2022-07-25,120.62
2022-07-26,94.68
2022-07-27,181.99
2022-07-28,111.0
2022-07-29,130.23
2022-07-30,61.72
2022-07-31,118.84
2022-08-01,141.32
2022-08-02,96.66
2022-08-03,115.69
2022-08-04,78.43
2022-08-05,107.43
2022-08-06,265.44
2022-08-07,187.1
2022-08-08,227.88
2022-08-09,189.05
2022-08-10,84.3
2022-08-11,99.36
2022-08-12,48.55
2022-08-13,112.14
2022-08-14,95.08
2022-08-15,145.63
2022-08-16,103.94
2022-08-17,75.77
2022-08-18,92.67
2022-08-19,98.49
2022-08-20,49.35
2022-08-21,149.65
2022-08-22,169.02
2022-08-23,93.31
2022-08-24,137.29
2022-08-25,66.37
2022-08-26,121.88
2022-08-27,96.29
2022-08-28,138.76
2022-08-29,97.52
2022-08-30,83.23
2022-08-31,126.46
2022-09-01,75.93
2022-09-02,65.23
2022-09-03,65.72
2022-09-04,95.37
2022-09-05,158.69
2022-09-06,91.55
2022-09-07,87.66
2022-09-08,47.62
2022-09-09,66.03
2022-09-10,64.78
2022-09-11,141.95
2022-09-12,162.37
2022-09-13,95.35
2022-09-14,116.73
2022-09-15,118.58
2022-09-16,123.3
2022-09-17,125.98
2022-09-18,131.17
2022-09-19,65.09
2022-09-20,78.61
2022-09-21,70.88
2022-09-22,139.2
2022-09-23,133.87
2022-09-24,114.37
2022-09-25,127.96
2022-09-26,85.96
2022-09-27,194.98
2022-09-28,155.79
2022-09-29,93.12
2022-09-30,192.84
2022-10-01,101.92
2022-10-02,296.28
2022-10-03,146.03
2022-10-04,148.79
2022-10-05,153.24
2022-10-06,168.97
2022-10-07,139.82
2022-10-08,100.81
2022-10-09,128.12
2022-10-10,181.4
2022-10-11,155.85
2022-10-12,186.85
2022-10-13,169.02
2022-10-14,180.93
2022-10-15,120.4
2022-10-16,208.79
2022-10-17,129.16
2022-10-18,73.35
2022-10-19,70.66
2022-10-20,78.35
2022-10-21,107.34
2022-10-22,72.32
2022-10-23,140.06
2022-10-24,168.29
2022-10-25,104.95
2022-10-26,84.81
2022-10-27,150.79
2022-10-28,204.29
2022-10-29,87.03
2022-10-30,114.98
2022-10-31,161.13
2022-11-01,127.48
2022-11-02,98.2
2022-11-03,140.73
2022-11-04,122.07
2022-11-05,66.38
2022-11-06,116.64
2022-11-07,245.52
2022-11-08,123.6
2022-11-09,146.6
2022-11-10,119.57
2022-11-11,183.98
2022-11-12,198.23
2022-11-13,228.73
2022-11-14,215.52
2022-11-15,95.09
2022-11-16,107.83
2022-11-17,91.22
2022-11-18,133.39
2022-11-19,110.6
2022-11-20,255.53
2022-11-21,122.23
2022-11-22,125.51
2022-11-23,183.38
2022-11-24,226.25
2022-11-25,189.26
2022-11-26,119.31
2022-11-27,173.32
2022-11-28,183.05
2022-11-29,90.52
2022-11-30,89.9
2022-12-01,177.11
2022-12-02,48.03
2022-12-03,83.3
2022-12-04,339.06
2022-12-05,187.14
2022-12-06,105.68
2022-12-07,151.37
2022-12-08,81.81
2022-12-09,114.31
2022-12-10,61.0
2022-12-11,223.06
2022-12-12,169.7
2022-12-13,122.35
2022-12-14,120.9
2022-12-15,114.95
2022-12-16,99.07
2022-12-17,84.76
2022-12-18,103.12
2022-12-19,87.27
2022-12-20,72.84
2022-12-21,147.63
2022-12-22,98.69
2022-12-23,84.14
2022-12-24,73.31
2022-12-25,343.59
2022-12-26,170.29
2022-12-27,69.63
2022-12-28,85.9
2022-12-29,123.69
2022-12-30,199.3
2022-12-31,162.78
2023-01-01,433.38
2023-01-02,185.33
2023-01-03,117.51
2023-01-04,114.2
2023-01-05,176.01
2023-01-06,158.88
2023-01-07,168.63
2023-01-08,204.85
2023-01-09,152.46
2023-01-10,386.4
2023-01-11,363.54
2023-01-12,189.12
2023-01-13,141.9
2023-01-14,176.67
2023-01-15,261.68
2023-01-16,166.4
2023-01-17,73.48
2023-01-18,310.22
2023-01-19,106.09
2023-01-20,119.89
2023-01-21,89.56
2023-01-22,258.78
2023-01-23,326.16
2023-01-24,123.28
2023-01-25,113.38
2023-01-26,72.53
2023-01-27,110.89
2023-01-28,114.2
2023-01-29,225.17
2023-01-30,190.98
2023-01-31,158.19
2023-02-01,137.21
2023-02-02,116.99
2023-02-03,115.81
2023-02-04,99.82
2023-02-05,90.75
2023-02-06,219.03
2023-02-07,190.34
2023-02-08,139.63
2023-02-09,129.06
2023-02-10,99.82
2023-02-11,118.66
2023-02-12,54.4
2023-02-13,70.05
2023-02-14,105.73
2023-02-15,200.6
2023-02-16,223.17
2023-02-17,97.82
2023-02-18,153.22
2023-02-19,101.26
2023-02-20,88.82
2023-02-21,68.9
2023-02-22,140.33
2023-02-23,188.33
2023-02-24,82.35
2023-02-25,57.93
2023-02-26,78.14
2023-02-27,130.62
2023-02-28,88.38
2023-03-01,79.33
2023-03-02,158.83
2023-03-03,90.05
2023-03-04,109.74
2023-03-05,120.29
2023-03-06,88.74
2023-03-07,97.28
2023-03-08,71.68
2023-03-09,99.01
2023-03-10,167.33
2023-03-11,111.64
2023-03-12,63.42
2023-03-13,226.43
2023-03-14,246.38
2023-03-15,165.53
2023-03-16,191.67
2023-03-17,236.53
2023-03-18,80.16
2023-03-19,213.92
2023-03-20,158.68
2023-03-21,102.69
2023-03-22,215.3
2023-03-23,190.0
2023-03-24,163.72
2023-03-25,132.95
2023-03-26,153.05
2023-03-27,141.81
2023-03-28,117.77
2023-03-29,127.01
2023-03-30,82.78
2023-03-31,144.99
2023-04-01,118.19
2023-04-02,407.69
2023-04-03,150.38
2023-04-04,154.53
2023-04-05,108.51
2023-04-06,40.4
2023-04-07,65.4
2023-04-08,124.42
2023-04-09,210.2
2023-04-10,116.65
2023-04-11,155.38
2023-04-12,109.82
2023-04-13,258.05
2023-04-14,38.2
2023-04-15,50.4
2023-04-16,279.06
2023-04-17,51.34
2023-04-18,186.52
2023-04-19,128.99
2023-04-20,98.98
2023-04-21,118.21
2023-04-22,113.76
2023-04-23,127.64
2023-04-24,149.57
2023-04-25,111.25
2023-04-26,135.07
2023-04-27,157.01
2023-04-28,94.05
2023-04-29,93.97
2023-04-30,209.08
2023-05-01,435.03
2023-05-02,249.56
2023-05-03,139.92
2023-05-04,105.0
2023-05-05,100.93
2023-05-06,87.09
2023-05-07,152.42
2023-05-08,311.34
2023-05-09,163.06
2023-05-10,69.51
2023-05-11,155.22
2023-05-12,190.28
2023-05-13,250.04
2023-05-14,189.55
2023-05-15,99.1
2023-05-16,67.14
2023-05-17,113.54
2023-05-18,210.79
2023-05-19,111.5
2023-05-20,206.6
2023-05-21,328.45
2023-05-22,398.71
2023-05-23,156.99
2023-05-24,301.54
2023-05-25,237.84
2023-05-26,220.29
2023-05-27,154.91
2023-05-28,241.49
2023-05-29,80.39
2023-05-30,111.1
2023-05-31,264.79
2023-06-01,108.62
2023-06-02,96.48
2023-06-03,63.27
2023-06-04,150.73
2023-06-05,133.01
2023-06-06,62.63
2023-06-07,119.0
2023-06-08,96.83
2023-06-09,58.14
2023-06-10,64.39
2023-06-11,90.27
2023-06-12,204.38
2023-06-13,110.96
2023-06-14,147.42
2023-06-15,71.0
2023-06-16,56.58
2023-06-17,61.35
2023-06-18,126.36
2023-06-19,277.07
2023-06-20,213.08
2023-06-21,65.39
2023-06-22,72.75
2023-06-23,74.02
2023-06-24,161.0
2023-06-25,340.25
2023-06-26,150.9
2023-06-27,127.96
2023-06-28,152.99
2023-06-29,117.91
2023-06-30,96.85
2023-07-01,86.8
2023-07-02,123.9
2023-07-03,65.32
2023-07-04,60.81
2023-07-05,137.28
2023-07-06,40.77
2023-07-07,93.53
2023-07-08,139.58
2023-07-09,71.88
2023-07-10,39.18
2023-07-11,37.82
2023-07-12,89.22
2023-07-13,75.95
2023-07-14,206.65
2023-07-15,53.17
2023-07-16,79.3
2023-07-17,155.95
2023-07-18,104.21
2023-07-19,37.11
2023-07-20,260.18
2023-07-21,80.78
2023-07-22,81.81
2023-07-23,142.45
2023-07-24,105.67
2023-07-25,37.76
2023-07-26,220.51
2023-07-27,95.33
2023-07-28,82.35
2023-07-29,108.35
2023-07-30,156.43
2023-07-31,81.19
2023-08-01,151.79
2023-08-02,121.59
2023-08-03,62.21
2023-08-04,60.58
2023-08-05,52.64
2023-08-06,85.29
2023-08-07,59.3
2023-08-08,49.89
2023-08-09,77.25
2023-08-10,46.74
2023-08-11,170.3
2023-08-12,73.28
2023-08-13,64.02
2023-08-14,236.53
2023-08-15,53.33
2023-08-16,128.55
2023-08-17,101.81
2023-08-18,36.93
2023-08-19,59.85
2023-08-20,141.46
2023-08-21,130.14
2023-08-22,52.69
2023-08-23,141.21
2023-08-24,76.47
2023-08-25,137.35
2023-08-26,172.14
2023-08-27,109.45
2023-08-28,70.13
2023-08-29,69.2
2023-08-30,66.94
2023-08-31,167.14
2023-09-01,57.38
2023-09-02,141.49
2023-09-03,180.96
2023-09-04,41.29
2023-09-05,66.39
2023-09-06,41.02
2023-09-07,95.66
2023-09-08,37.05
2023-09-09,65.78
2023-09-10,70.26
2023-09-11,82.18
2023-09-12,99.71
2023-09-13,132.91
2023-09-14,111.69
2023-09-15,63.69
2023-09-16,29.01
2023-09-17,132.64
2023-09-18,63.82
2023-09-19,146.72
2023-09-20,82.86
2023-09-21,106.49
2023-09-22,42.8
2023-09-23,52.98
2023-09-24,62.13
2023-09-25,14.69
2023-09-26,143.47
2023-09-27,150.04
2023-09-28,111.89
2023-09-29,136.08
2023-09-30,113.8
2023-10-01,143.15
2023-10-02,77.03
2023-10-03,100.4
2023-10-04,181.95
2023-10-05,47.99
2023-10-06,95.46
2023-10-07,89.38
2023-10-08,228.9
2023-10-09,264.13
2023-10-10,143.27
2023-10-11,192.77
2023-10-12,189.71
2023-10-13,58.76
2023-10-14,70.39
2023-10-15,512.8
2023-10-16,136.3
2023-10-17,97.8
2023-10-18,90.33
2023-10-19,279.65
2023-10-20,287.49
2023-10-21,82.04
2023-10-22,159.3
2023-10-23,150.87
2023-10-24,79.87
2023-10-25,124.21
2023-10-26,37.91
2023-10-27,90.17
2023-10-28,57.07
2023-10-29,67.84
2023-10-30,164.09
2023-10-31,42.38
2023-11-01,132.01
2023-11-02,58.14
2023-11-03,72.02
2023-11-04,34.76
2023-11-05,85.27
2023-11-06,342.88
2023-11-07,122.59
2023-11-08,119.34
2023-11-09,142.71
2023-11-10,127.96
2023-11-11,54.07
2023-11-12,145.04
2023-11-13,116.21
2023-11-14,198.44
2023-11-15,68.82
2023-11-16,149.23
2023-11-17,168.58
2023-11-18,62.79
2023-11-19,124.34
2023-11-20,42.9
2023-11-21,295.43
2023-11-22,65.95
2023-11-23,15.44
2023-11-24,94.64
2023-11-25,46.51
2023-11-26,127.55
2023-11-27,89.08
2023-11-28,101.83
2023-11-29,83.76
2023-11-30,147.72
2023-12-01,38.37
2023-12-02,56.37
2023-12-03,119.31
2023-12-04,51.19
2023-12-05,328.17
2023-12-06,88.12
2023-12-07,73.65
2023-12-08,64.67
2023-12-09,89.99
2023-12-10,178.8
2023-12-11,117.01
2023-12-12,36.95
2023-12-13,95.78
2023-12-14,89.93
2023-12-15,61.4
2023-12-16,51.97
2023-12-17,94.75
2023-12-18,264.75
2023-12-19,632.37
2023-12-20,69.49
2023-12-21,95.99
2023-12-22,52.02
2023-12-23,174.58
2023-12-24,83.17
2023-12-25,74.35
2023-12-26,111.18
2023-12-27,145.72
2023-12-28,168.59
2023-12-29,107.55
2023-12-30,131.31
2023-12-31,221.29
2024-01-01,110.48
2024-01-02,138.57
2024-01-03,162.46
2024-01-04,118.85
2024-01-05,106.49
2024-01-06,145.36
2024-01-07,10.92
2024-01-08,153.56
2024-01-09,1026.38
2024-01-10,73.6
2024-01-11,57.0
2024-01-12,76.85
2024-01-13,92.97
2024-01-14,126.89
2024-01-15,80.09
2024-01-16,248.39
2024-01-17,69.96
2024-01-18,121.41
2024-01-19,147.36
2024-01-20,57.76
2024-01-21,142.04
2024-01-22,175.55
2024-01-23,71.62
2024-01-24,91.92
2024-01-25,114.57
2024-01-26,85.29
2024-01-27,80.68
2024-01-28,109.4
2024-01-29,212.58
2024-01-30,144.27
2024-01-31,81.76
2024-02-01,97.99
2024-02-02,55.14
2024-02-03,95.61
2024-02-04,213.37
2024-02-05,209.6
2024-02-06,109.35
2024-02-07,178.57
2024-02-08,153.72
2024-02-09,67.61
2024-02-10,55.65
2024-02-11,216.31
2024-02-12,215.18
2024-02-13,183.22
2024-02-14,86.93
2024-02-15,83.03
2024-02-16,58.32
2024-02-17,147.98
2024-02-18,309.05
2024-02-19,88.77
2024-02-20,149.95
2024-02-21,111.52
2024-02-22,70.29
2024-02-23,117.11
2024-02-24,192.21
2024-02-25,68.12
2024-02-26,167.77
2024-02-27,117.39
2024-02-28,143.19
2024-02-29,105.86
2024-03-01,58.59
2024-03-02,72.85
2024-03-03,85.57
2024-03-04,185.31
2024-03-05,98.25
2024-03-06,107.93
2024-03-07,56.71
2024-03-08,36.66
2024-03-09,230.58
2024-03-10,221.18
2024-03-11,159.06
2024-03-12,104.69
2024-03-13,159.16
2024-03-14,69.68
2024-03-15,181.53
2024-03-16,110.1
2024-03-17,180.66
2024-03-18,140.24
2024-03-19,91.96
2024-03-20,202.01
2024-03-21,77.59
2024-03-22,73.05
2024-03-23,147.64
2024-03-24,93.1
2024-03-25,79.67
2024-03-26,85.54
2024-03-27,97.9
2024-03-28,59.31
2024-03-29,90.04
2024-03-30,49.51
2024-03-31,89.56
2024-04-01,113.74
2024-04-02,64.34
2024-04-03,87.02
2024-04-04,79.84
2024-04-05,65.9
2024-04-06,286.44
2024-04-07,136.54
2024-04-08,96.86
2024-04-09,127.5
2024-04-10,134.32
2024-04-11,116.38
2024-04-12,164.38
2024-04-13,83.15
2024-04-14,351.28
2024-04-15,148.0
2024-04-16,205.0
2024-04-17,89.86
2024-04-18,73.0
2024-04-19,69.55
2024-04-20,105.0
2024-04-21,129.65
2024-04-22,63.52
2024-04-23,50.68
2024-04-24,103.13
2024-04-25,228.77
2024-04-26,71.47
2024-04-27,53.88
2024-04-28,105.58
2024-04-29,80.35
2024-04-30,111.88
2024-05-01,52.26
2024-05-02,80.5
2024-05-03,55.72
2024-05-04,43.53
2024-05-05,165.5
2024-05-06,76.56
2024-05-07,38.92
2024-05-08,35.93
2024-05-09,51.54
2024-05-10,103.08
2024-05-11,262.99
2024-05-12,245.08
2024-05-13,36.94
2024-05-14,135.19
2024-05-15,96.41
2024-05-16,55.17
2024-05-17,54.29
2024-05-18,71.86
2024-05-19,228.26
2024-05-20,92.53
2024-05-21,62.26
2024-05-22,55.15
2024-05-23,77.2
2024-05-24,153.24
2024-05-25,58.73
2024-05-26,40.78
2024-05-27,52.47
2024-05-28,56.95
2024-05-29,123.02
2024-05-30,92.78
2024-05-31,72.4
2024-06-01,87.64
2024-06-02,58.35
2024-06-03,191.95
2024-06-04,67.8
2024-06-05,35.32
2024-06-06,80.15
2024-06-07,55.59
2024-06-08,102.97
2024-06-09,82.89
2024-06-10,92.67
2024-06-11,59.32
2024-06-12,100.25
2024-06-13,94.21
2024-06-14,88.92
2024-06-15,62.45
2024-06-16,48.63
2024-06-17,64.98
2024-06-18,72.11
2024-06-19,52.65
2024-06-20,89.94
2024-06-21,76.15
2024-06-22,109.47
2024-06-23,197.14
2024-06-24,99.49
2024-06-25,49.78
2024-06-26,66.89
2024-06-27,88.91
2024-06-28,56.38
2024-06-29,134.0
2024-06-30,130.99
2024-07-01,244.08
2024-07-02,41.45
2024-07-03,58.82
2024-07-04,33.75
2024-07-05,778.95
2024-07-06,307.38
2024-07-07,104.43
2024-07-08,109.45
2024-07-09,85.73
2024-07-10,182.9
2024-07-11,29.57
2024-07-12,109.49
2024-07-13,275.41
2024-07-14,182.93
2024-07-15,99.68
2024-07-16,96.85
2024-07-17,129.38
2024-07-18,376.84
2024-07-19,88.76
2024-07-20,87.09
2024-07-21,190.99
2024-07-22,78.76
2024-07-23,141.71
2024-07-24,79.17
2024-07-25,39.71
2024-07-26,68.12
2024-07-27,78.03
2024-07-28,174.08
2024-07-29,66.23
2024-07-30,73.45
2024-07-31,53.04
2024-08-01,60.98
2024-08-02,97.69
2024-08-03,61.69
2024-08-04,89.47
2024-08-05,150.14
2024-08-06,207.85
2024-08-07,53.33
2024-08-08,18.65
2024-08-09,122.7
2024-08-10,81.78
2024-08-11,223.61
2024-08-12,76.44
2024-08-13,88.36
2024-08-14,120.48
2024-08-15,221.13
2024-08-16,194.96
2024-08-17,142.54
2024-08-18,300.83
2024-08-19,88.54
2024-08-20,54.32
2024-08-21,116.81
2024-08-22,87.14
2024-08-23,69.6
2024-08-24,30.03
2024-08-25,100.22
2024-08-26,63.73
2024-08-27,35.71
2024-08-28,64.09
2024-08-29,92.28
2024-08-30,60.89
2024-08-31,66.18
2024-09-01,137.9
2024-09-02,601.26
2024-09-03,70.88
2024-09-04,92.74
2024-09-05,54.83
2024-09-06,103.01
2024-09-07,57.59
2024-09-08,136.16
2024-09-09,55.57
2024-09-10,117.97
2024-09-11,38.01
2024-09-12,58.47
2024-09-13,92.86
2024-09-14,62.32
2024-09-15,76.57
2024-09-16,59.1
2024-09-17,110.52
2024-09-18,152.08
2024-09-19,126.07
2024-09-20,66.37
2024-09-21,77.27
2024-09-22,56.52
2024-09-23,73.57
2024-09-24,72.44
2024-09-25,103.88
2024-09-26,82.08
2024-09-27,90.48
2024-09-28,53.03
2024-09-29,31.33
2024-09-30,116.24
2024-10-01,58.83
2024-10-02,133.57
2024-10-03,76.65
2024-10-04,74.53
2024-10-05,93.95
2024-10-06,77.36
2024-10-07,48.33
2024-10-08,127.04
2024-10-09,71.55
2024-10-10,96.67
2024-10-11,247.06
2024-10-12,211.55
2024-10-13,154.13
2024-10-14,68.25
2024-10-15,140.41
2024-10-16,79.68
2024-10-17,114.8
2024-10-18,70.12
2024-10-19,89.05
2024-10-20,176.02
2024-10-21,283.8
2024-10-22,116.02
2024-10-23,98.6
2024-10-24,67.34
2024-10-25,83.65
2024-10-26,245.79
2024-10-27,187.75
2024-10-28,75.66
2024-10-29,88.98
2024-10-30,70.46
2024-10-31,107.64
2024-11-01,116.29
2024-11-02,384.15
2024-11-03,298.74
2024-11-04,231.81
2024-11-05,312.49
2024-11-06,142.57
2024-11-07,323.52
2024-11-08,308.41
2024-11-09,125.18
2024-11-10,484.55
2024-11-11,386.33
2024-11-12,225.35
2024-11-13,170.4
2024-11-14,135.73
2024-11-15,268.42
2024-11-16,154.6
2024-11-17,450.74
2024-11-18,463.22
2024-11-19,214.05
2024-11-20,181.81
2024-11-21,219.91
2024-11-22,135.37
2024-11-23,104.89
2024-11-24,311.54
2024-11-25,87.75
2024-11-26,150.15
2024-11-27,132.14
2024-11-28,162.72
2024-11-29,174.81
2024-11-30,123.13
2024-12-01,140.43
2024-12-02,78.68
2024-12-03,92.19
2024-12-04,177.91
2024-12-05,97.39
2024-12-06,390.69
2024-12-07,376.57
2024-12-08,114.97
2024-12-09,233.8
2024-12-10,218.39
2024-12-11,219.72
2024-12-12,125.44
2024-12-13,141.68
2024-12-14,167.31
2024-12-15,244.9
2024-12-16,288.93
2024-12-17,86.94
2024-12-18,251.99
2024-12-19,171.71
2024-12-20,180.8
2024-12-21,180.08
2024-12-22,381.65
2024-12-23,139.02
2024-12-24,252.18
2024-12-25,190.79
2024-12-26,118.16
2024-12-27,104.31
2024-12-28,150.11
2024-12-29,167.91
2024-12-30,138.37
2024-12-31,109.44
2025-01-01,202.92
2025-01-02,188.9
2025-01-03,167.41
2025-01-04,213.62
2025-01-05,571.19
2025-01-06,222.31
2025-01-07,260.94
2025-01-08,212.01
2025-01-09,230.71
2025-01-10,147.76
2025-01-11,403.4
2025-01-12,678.32
2025-01-13,179.6
2025-01-14,185.4
2025-01-15,110.72
2025-01-16,134.68
2025-01-17,173.63
2025-01-18,234.19
2025-01-19,508.27
2025-01-20,193.71
2025-01-21,225.37
2025-01-22,121.77
2025-01-23,176.52
2025-01-24,189.16
2025-01-25,159.12
2025-01-26,178.55
2025-01-27,159.42
2025-01-28,262.69
2025-01-29,342.27
2025-01-30,293.51
2025-01-31,495.78
2025-02-01,256.1
2025-02-02,314.4
2025-02-03,327.16
2025-02-04,393.35
2025-02-05,226.19
2025-02-06,372.45
2025-02-07,332.89
2025-02-08,578.84
2025-02-09,613.98
2025-02-10,290.34
2025-02-11,230.88
2025-02-12,285.28
2025-02-13,236.69
2025-02-14,297.91
2025-02-15,229.66
2025-02-16,294.91
2025-02-17,372.7
2025-02-18,280.36
2025-02-19,341.49
2025-02-20,367.92
2025-02-21,375.62
2025-02-22,203.15
2025-02-23,476.69
2025-02-24,355.9
2025-02-25,232.14
2025-02-26,275.17
2025-02-27,288.54
2025-02-28,345.22
2025-03-01,522.4
2025-03-02,476.54
2025-03-03,429.75
2025-03-04,447.53
2025-03-05,391.3
2025-03-06,726.26
2025-03-07,556.7
2025-03-08,684.13
2025-03-09,714.21
2025-03-10,403.78
2025-03-11,704.03
2025-03-12,433.5
2025-03-13,463.36
2025-03-14,442.46
2025-03-15,494.6
2025-03-16,731.78
2025-03-17,649.53
2025-03-18,614.24
2025-03-19,565.45
2025-03-20,458.66
2025-03-21,390.35
2025-03-22,488.06
2025-03-23,538.36
2025-03-24,498.84
2025-03-25,472.98
2025-03-26,316.49
2025-03-27,313.11
2025-03-28,362.44
2025-03-29,284.53
2025-03-30,612.15
2025-03-31,426.16
2025-04-01,642.48
2025-04-02,445.6
2025-04-03,438.93
2025-04-04,550.44
2025-04-05,975.6
2025-04-06,773.67
2025-04-07,574.97
2025-04-08,565.99
2025-04-09,590.08
2025-04-10,623.53
2025-04-11,833.81
2025-04-12,589.49
2025-04-13,910.15
2025-04-14,495.65
2025-04-15,371.94
2025-04-16,505.79
2025-04-17,508.01
2025-04-18,417.47
2025-04-19,431.85
2025-04-20,526.52
2025-04-21,407.95
2025-04-22,439.04
2025-04-23,337.82
2025-04-24,419.9
2025-04-25,515.91
2025-04-26,473.09
2025-04-27,664.45
2025-04-28,787.79
2025-04-29,575.26
2025-04-30,433.1
2025-05-01,890.82
2025-05-02,592.35
2025-05-03,706.16
2025-05-04,636.65
2025-05-05,346.64
2025-05-06,553.82
2025-05-07,428.17
2025-05-08,567.82
2025-05-09,535.71
2025-05-10,676.42
2025-05-11,777.17
2025-05-12,667.23
2025-05-13,512.95
2025-05-14,776.77
2025-05-15,469.0
2025-05-16,516.56
2025-05-17,581.6
2025-05-18,681.45
2025-05-19,390.58
2025-05-20,408.7
2025-05-21,319.48
2025-05-22,283.69
2025-05-23,328.74
2025-05-24,247.2
2025-05-25,353.81
2025-05-26,293.68
2025-05-27,409.58
2025-05-28,282.29
2025-05-29,340.04
2025-05-30,514.0
2025-05-31,389.5
2025-06-01,902.62
2025-06-02,445.03
2025-06-03,475.75
2025-06-04,420.42
2025-06-05,340.8
2025-06-06,351.94
2025-06-07,367.07
2025-06-08,620.59
2025-06-09,328.87
2025-06-10,273.63
2025-06-11,281.91
2025-06-12,484.65
2025-06-13,270.05
2025-06-14,346.92
2025-06-15,534.57
2025-06-16,340.61
2025-06-17,445.72
2025-06-18,477.28
2025-06-19,315.71
2025-06-20,326.33
2025-06-21,252.25
2025-06-22,463.29
2025-06-23,229.7
2025-06-24,326.19
2025-06-25,342.66
2025-06-26,239.86
2025-06-27,305.07
2025-06-28,385.22
2025-06-29,583.73
2025-06-30,511.44
2025-07-01,444.86
2025-07-02,376.21
2025-07-03,750.31
2025-07-04,631.92
2025-07-05,352.05
2025-07-06,489.75
2025-07-07,406.62
2025-07-08,226.19
2025-07-09,270.45
2025-07-10,539.55
2025-07-11,322.44
2025-07-12,356.31
2025-07-13,347.85
2025-07-14,379.41
2025-07-15,573.74
2025-07-16,468.19
2025-07-17,444.91
2025-07-18,428.28
2025-07-19,405.06
2025-07-20,513.08
2025-07-21,289.39
2025-07-22,220.87
2025-07-23,233.7
2025-07-24,301.78
2025-07-25,227.42
2025-07-26,175.31
2025-07-27,221.77
2025-07-28,282.48
2025-07-29,199.35
2025-07-30,274.14
2025-07-31,378.15
2025-08-01,563.27
2025-08-02,401.51
2025-08-03,660.0
2025-08-04,259.95
2025-08-05,251.56
2025-08-06,229.33
2025-08-07,280.6
2025-08-08,239.92
2025-08-09,190.2
2025-08-10,327.82
2025-08-11,309.88
2025-08-12,275.89
2025-08-13,241.27
2025-08-14,199.49
2025-08-15,323.06
2025-08-16,274.55
2025-08-17,242.09
2025-08-18,336.75
2025-08-19,216.13
2025-08-20,177.74
2025-08-21,158.27
2025-08-22,155.54
2025-08-23,224.66
2025-08-24,483.1
2025-08-25,467.56
2025-08-26,441.53
2025-08-27,269.38
2025-08-28,279.5
2025-08-29,250.15
2025-08-30,458.07
2025-08-31,326.52
2025-09-01,223.11
2025-09-02,488.48
2025-09-03,185.22
2025-09-04,388.69
2025-09-05,601.23
2025-09-06,309.36
2025-09-07,301.49
2025-09-08,319.23
2025-09-09,243.41
2025-09-10,280.99
2025-09-11,311.82
2025-09-12,268.43
2025-09-13,214.76
2025-09-14,629.68
2025-09-15,273.8
2025-09-16,243.91
2025-09-17,400.05
2025-09-18,284.37
2025-09-19,204.23
2025-09-20,187.61
2025-09-21,610.55
2025-09-22,548.21
2025-09-23,248.3
2025-09-24,356.04
2025-09-25,190.78
2025-09-26,409.49
2025-09-27,310.97
2025-09-28,534.23
2025-09-29,282.61
2025-09-30,406.64
2025-10-01,307.12
2025-10-02,438.91
2025-10-03,306.79
2025-10-04,359.09
2025-10-05,547.04
2025-10-06,326.43
2025-10-07,225.8
2025-10-08,354.2
2025-10-09,391.93
2025-10-10,314.78
2025-10-11,230.57
2025-10-12,571.89
2025-10-13,401.18
2025-10-14,444.68
2025-10-15,160.15
2025-10-16,363.38
2025-10-17,551.3
2025-10-18,304.61
2025-10-19,399.42
2025-10-20,338.92
2025-10-21,279.64
2025-10-22,490.22
2025-10-23,226.47
2025-10-24,327.22
2025-10-25,198.82
2025-10-26,483.74
2025-10-27,386.2
2025-10-28,269.14
2025-10-29,260.35
2025-10-30,280.03
2025-10-31,439.77
2025-11-01,495.89
2025-11-02,335.63
2025-11-03,5.39
2025-11-04,285.7
2025-11-05,300.81
2025-11-06,316.74
2025-11-07,337.82
2025-11-08,598.34
2025-11-09,494.36
2025-11-10,473.61
2025-11-11,332.87
2025-11-12,224.47
2025-11-13,475.99
2025-11-14,302.37
2025-11-15,255.94
2025-11-16,403.64
2025-11-17,575.78
2025-11-18,617.41
2025-11-19,226.6
2025-11-20,312.65
2025-11-21,265.43
2025-11-22,182.64
2025-11-23,354.59
2025-11-24,199.1
2025-11-25,323.74
2025-11-26,231.59
2025-11-27,334.67
2025-11-28,323.26
2025-11-29,168.25
2025-11-30,321.03
2025-12-01,257.88
2025-12-02,292.27
2025-12-03,357.52
2025-12-04,520.11
2025-12-05,236.11
2025-12-06,113.63
2025-12-07,354.92
2025-12-08,483.24
2025-12-09,583.98
2025-12-10,336.6
2025-12-11,524.45
2025-12-12,355.26
2025-12-13,629.56
2025-12-14,418.09
2025-12-15,254.98
2025-12-16,258.94
2025-12-17,230.87
2025-12-18,350.41
2025-12-19,313.6
2025-12-20,283.5
2025-12-21,547.81
2025-12-22,238.58
2025-12-23,264.35
2025-12-24,204.03
2025-12-25,181.39
2025-12-26,513.83
2025-12-27,281.48
2025-12-28,462.89
2025-12-29,445.72
2025-12-30,305.8
2025-12-31,307.63
2026-01-01,288.09
2026-01-02,296.92
2026-01-03,314.9
2026-01-04,552.46
2026-01-05,539.83
2026-01-06,251.35
2026-01-07,253.69
2026-01-08,474.73
2026-01-09,231.37
2026-01-10,310.71
2026-01-11,375.53
2026-01-12,281.74
2026-01-13,357.58
2026-01-14,369.14
2026-01-15,409.97
2026-01-16,257.45
2026-01-17,193.48
2026-01-18,349.32
2026-01-19,355.15
2026-01-20,360.3
2026-01-21,541.38
2026-01-22,474.48
2026-01-23,308.57
2026-01-24,410.43
2026-01-25,547.97
2026-01-26,289.49
2026-01-27,402.55
2026-01-28,343.94
2026-01-29,248.94
2026-01-30,211.46
2026-01-31,239.36
2026-02-01,298.23
2026-02-02,196.39
2026-02-03,321.6
2026-02-04,303.36
2026-02-05,291.35
2026-02-06,176.17
2026-02-07,523.6
2026-02-08,486.27
2026-02-09,221.9
2026-02-10,205.87
2026-02-11,251.66
2026-02-12,438.29
2026-02-13,337.34
2026-02-14,361.7
2026-02-15,343.98
2026-02-16,280.85
2026-02-17,278.08
2026-02-18,238.41
2026-02-19,493.8
2026-02-20,473.44
2026-02-21,412.53
2026-02-22,625.08
2026-02-23,695.45
2026-02-24,672.5
2026-02-25,369.27
2026-02-26,319.09
2026-02-27,320.15
2026-02-28,150.05
2026-03-01,380.69
2026-03-02,440.29
2026-03-03,544.62
2026-03-04,230.31
2026-03-05,387.92
2026-03-06,466.69
2026-03-07,392.88
2026-03-08,763.29
2026-03-09,479.74
2026-03-10,288.44
2026-03-11,420.76
2026-03-12,362.89
2026-03-13,450.36
2026-03-14,433.7
2026-03-15,486.49
2026-03-16,243.05
2026-03-17,325.21
2026-03-18,347.7
2026-03-19,372.46
2026-03-20,308.76
2026-03-21,492.11
2026-03-22,535.47
2026-03-23,348.81
2026-03-24,494.5
2026-03-25,273.75
2026-03-26,509.77
2026-03-27,301.58
2026-03-28,271.21
2026-03-29,475.14
2026-03-30,381.86
2026-03-31,383.38
2026-04-01,359.72
2026-04-02,268.47
2026-04-03,392.85
2026-04-04,294.11
2026-04-05,697.34
2026-04-06,255.85
2026-04-07,242.86
2026-04-08,245.51
2026-04-09,293.56
2026-04-10,266.59
2026-04-11,822.48
2026-04-12,353.43
2026-04-13,383.18
