week_end,STLFSI
2020-01-03,
2020-01-10,
2020-01-17,
2020-01-24,
2020-01-31,
2020-02-07,
2020-02-14,
2020-02-21,
2020-02-28,
2020-03-06,
2020-03-13,
2020-03-20,
2020-03-27,
2020-04-03,
2020-04-10,
2020-04-17,
2020-04-24,
2020-05-01,
2020-05-08,
2020-05-15,
2020-05-22,
2020-05-29,
2020-06-05,
2020-06-12,
2020-06-19,
2020-06-26,
2020-07-03,
2020-07-10,
2020-07-17,
2020-07-24,
2020-07-31,
2020-08-07,
2020-08-14,
2020-08-21,
2020-08-28,
2020-09-04,
2020-09-11,
2020-09-18,
2020-09-25,
2020-10-02,
2020-10-09,
2020-10-16,
2020-10-23,
2020-10-30,
2020-11-06,
2020-11-13,
2020-11-20,
2020-11-27,
2020-12-04,
2020-12-11,
2020-12-18,
2020-12-25,
2021-01-01,
2021-01-08,
2021-01-15,
2021-01-22,
2021-01-29,
2021-02-05,
2021-02-12,
2021-02-19,
2021-02-26,
2021-03-05,
2021-03-12,
2021-03-19,
2021-03-26,
2021-04-02,
2021-04-09,
2021-04-16,
2021-04-23,
2021-04-30,
2021-05-07,
2021-05-14,
2021-05-21,
2021-05-28,
2021-06-04,
2021-06-11,
2021-06-18,
2021-06-25,
2021-07-02,
2021-07-09,
2021-07-16,
2021-07-23,
2021-07-30,
2021-08-06,
2021-08-13,
2021-08-20,
2021-08-27,
2021-09-03,
2021-09-10,
2021-09-17,
2021-09-24,
2021-10-01,
2021-10-08,
2021-10-15,
2021-10-22,
2021-10-29,
2021-11-05,
2021-11-12,
2021-11-19,
2021-11-26,
2021-12-03,
2021-12-10,
2021-12-17,
2021-12-24,
2021-12-31,
2022-01-07,
2022-01-14,
2022-01-21,
2022-01-28,
2022-02-04,
2022-02-11,
2022-02-18,
2022-02-25,
2022-03-04,
2022-03-11,
2022-03-18,
2022-03-25,
2022-04-01,
2022-04-08,
2022-04-15,
2022-04-22,
2022-04-29,
2022-05-06,
2022-05-13,
2022-05-20,
2022-05-27,
2022-06-03,
2022-06-10,
2022-06-17,
2022-06-24,
2022-07-01,
2022-07-08,
2022-07-15,
2022-07-22,
2022-07-29,
2022-08-05,
2022-08-12,
2022-08-19,
2022-08-26,
2022-09-02,
2022-09-09,
2022-09-16,
2022-09-23,
2022-09-30,
2022-10-07,
2022-10-14,
2022-10-21,
2022-10-28,
2022-11-04,
2022-11-11,-0.5782
2022-11-18,-0.3728
2022-11-25,-0.2611
2022-12-02,-0.256
2022-12-09,-0.0367
2022-12-16,0.248
2022-12-23,0.4171
2022-12-30,0.0761
2023-01-06,-0.0134
2023-01-13,-0.0802
2023-01-20,-0.3061
2023-01-27,-0.3025
2023-02-03,-0.4892
2023-02-10,-0.5782
2023-02-17,-0.7704
2023-02-24,-0.569
2023-03-03,-0.2324
2023-03-10,-0.4735
2023-03-17,-0.2879
2023-03-24,1.5746
2023-03-31,0.3406
2023-04-07,-0.3265
2023-04-14,-0.0086
2023-04-21,-0.5502
2023-04-28,-0.7184
2023-05-05,-0.2641
2023-05-12,-0.346
2023-05-19,-0.5209
2023-05-26,-0.4794
2023-06-02,-0.6017
2023-06-09,-0.3689
2023-06-16,-0.6529
2023-06-23,-0.5672
2023-06-30,-0.5525
2023-07-07,-0.7117
2023-07-14,-0.7897
2023-07-21,-0.6724
2023-07-28,-0.7293
2023-08-04,-0.7956
2023-08-11,-0.7707
2023-08-18,-0.6801
2023-08-25,-0.6711
2023-09-01,-0.722
2023-09-08,-0.6556
2023-09-15,-0.7535
2023-09-22,-0.6938
2023-09-29,-0.7316
2023-10-06,-0.5545
2023-10-13,-0.4893
2023-10-20,-0.4851
2023-10-27,-0.5136
2023-11-03,-0.3351
2023-11-10,-0.5559
2023-11-17,-0.6715
2023-11-24,-0.5468
2023-12-01,-0.6839
2023-12-08,-0.444
2023-12-15,-0.4063
2023-12-22,-0.5182
2023-12-29,-0.4711
2024-01-05,-0.5546
2024-01-12,-0.5486
2024-01-19,-0.6798
2024-01-26,-0.8037
2024-02-02,-0.8163
2024-02-09,-0.7332
2024-02-16,-0.7855
2024-02-23,-0.8423
2024-03-01,-0.8666
2024-03-08,-0.776
2024-03-15,-0.7718
2024-03-22,-0.9347
2024-03-29,-0.9372
2024-04-05,-0.9203
2024-04-12,-0.8663
2024-04-19,-0.8186
2024-04-26,-0.6062
2024-05-03,-0.8367
2024-05-10,-0.8302
2024-05-17,-0.9006
2024-05-24,-0.8993
2024-05-31,-0.9676
2024-06-07,-0.8634
2024-06-14,-0.8036
2024-06-21,-0.8508
2024-06-28,-0.7931
2024-07-05,-0.8121
2024-07-12,-0.8206
2024-07-19,-0.7898
2024-07-26,-0.7775
2024-08-02,-0.5959
2024-08-09,-0.2784
2024-08-16,-0.1432
2024-08-23,-0.7105
2024-08-30,-0.6143
2024-09-06,-0.6258
2024-09-13,-0.3763
2024-09-20,-0.2977
2024-09-27,-0.4285
2024-10-04,-0.3947
2024-10-11,-0.6174
2024-10-18,-0.6079
2024-10-25,-0.5358
2024-11-01,-0.4004
2024-11-08,-0.3062
2024-11-15,-0.57
2024-11-22,-0.8092
2024-11-29,-0.6153
2024-12-06,-0.6083
2024-12-13,-0.5299
2024-12-20,-0.5906
2024-12-27,-0.5224
2025-01-03,-0.6404
2025-01-10,-0.6291
2025-01-17,-0.8199
2025-01-24,-0.8225
2025-01-31,-0.9762
2025-02-07,-0.764
2025-02-14,-0.7872
2025-02-21,-0.8378
2025-02-28,-0.7601
2025-03-07,-0.4518
2025-03-14,-0.3601
2025-03-21,-0.2264
2025-03-28,-0.6489
2025-04-04,-0.6316
2025-04-11,0.0944
2025-04-18,0.5535
2025-04-25,-0.2104
2025-05-02,-0.2767
2025-05-09,-0.3478
2025-05-16,-0.4793
2025-05-23,-0.9036
2025-05-30,-0.5089
2025-06-06,-0.5433
2025-06-13,-0.8111
2025-06-20,-0.7856
2025-06-27,-0.6635
2025-07-04,-0.7036
2025-07-11,-0.879
2025-07-18,-0.7526
2025-07-25,-0.7175
2025-08-01,-0.795
2025-08-08,-0.6777
2025-08-15,-0.5681
2025-08-22,-0.8153
2025-08-29,-0.7505
2025-09-05,-0.7126
2025-09-12,-0.4211
2025-09-19,-0.5655
2025-09-26,-0.5903
2025-10-03,-0.534
2025-10-10,-0.4941
2025-10-17,-0.4834
2025-10-24,-0.3683
2025-10-31,-0.5081
2025-11-07,-0.5405
2025-11-14,-0.3091
2025-11-21,-0.5064
2025-11-28,-0.1331
2025-12-05,-0.3964
2025-12-12,-0.4257
2025-12-19,-0.3606
2025-12-26,-0.342
2026-01-02,-0.5822
2026-01-09,-0.5656
2026-01-16,-0.6644
2026-01-23,-0.651
2026-01-30,-0.7123
2026-02-06,-0.6784
2026-02-13,-0.6558
2026-02-20,-0.6208
2026-02-27,-0.5981
2026-03-06,-0.4436
2026-03-13,-0.4279
2026-03-20,-0.299
2026-03-27,-0.3677
2026-04-03,-0.1828
2026-04-10,-0.2412
2026-04-17,-0.6475
2026-04-24,-0.7584
