,M1_base,M2_vix,M3_epu,M4_finstress,M5_sentiment,M6_all,M7_altonly
2019-01-31,-1.880799105281503,-1.8829284228917178,-1.8872056164644953,-1.8944187741301164,-1.8997364895543536,-1.8964470900110553,-1.89910217737773
2019-02-28,-2.521439457802855,-2.522347701152917,-2.5319360115797425,-2.53823844351218,-2.5413785334181958,-2.5551310648642827,-2.5546609783676133
2019-03-31,-2.3868624107064074,-2.3899240865398155,-2.3873892430595163,-2.3894512151256126,-2.3944298378901108,-2.3831570884977413,-2.3840836358545063
2019-04-30,-2.7766713223478097,-2.788914495252135,-2.775337176535578,-2.7817795772657163,-2.768942630594455,-2.779045326365397,-2.77445419767425
2019-05-31,-1.9396078504874548,-1.922028056365609,-1.9580683417463163,-1.953211595120381,-1.9418241651946793,-1.9073512891756093,-1.9259645499343663
2019-06-30,-2.3752734378936964,-2.3793803751140334,-2.3703757648075765,-2.3854540817966665,-2.376048946378226,-2.380206774996584,-2.380328746190649
2019-07-31,-2.636831352184617,-2.6368093978214207,-2.6307371003664164,-2.6419259520159146,-2.6530501297135554,-2.6561513078368577,-2.656606459203577
2019-08-31,-1.2818794014963766,-1.243882268098767,-1.3345407000742457,-1.2908018289684233,-1.2225797044389575,-1.062228478948175,-1.1418637645079452
2019-09-30,-2.4027830350329356,-2.419378148108182,-2.3992348732000273,-2.437740709267081,-2.4186967287231744,-2.438993104433834,-2.430963181718696
2019-10-31,-2.225823496616591,-2.2325345240800694,-2.2426004423135986,-2.2306478958687435,-2.21219742833659,-2.193712356665478,-2.1994023324243646
2019-11-30,-2.7802421016511087,-2.7921955405473864,-2.7570500423853685,-2.7897048156210906,-2.774151844374902,-2.8049587404373066,-2.793439464668277
2019-12-31,-2.8078423081158577,-2.811274442608153,-2.7936778499497295,-2.800774756507984,-2.782625487801672,-2.799443012742207,-2.793826730328388
2020-01-31,-2.3495765875827423,-2.34726820182666,-2.3603317832274637,-2.3534281404507427,-2.3278631910750347,-2.334481592861141,-2.336918787695823
2020-02-29,-1.4038478891005097,-1.3654456249187565,-1.4459536603150636,-1.3920831608734272,-1.3905750557524066,-1.3160119736392408,-1.3560551307000428
2020-03-31,1.3958403964233161,1.4852162581476867,1.3550207884941874,1.6181447651561025,1.6146575706262385,1.7333848866947674,1.6876480828422542
2020-04-30,-1.014967998248073,-1.0278923989235598,-1.0288328963986533,-1.043838675543434,-1.0439037048034772,-1.0494002651916978,-1.0457811974415583
2020-05-31,-1.706288186976042,-1.697690488969735,-1.6867141416387401,-1.7091424090086753,-1.58873429788344,-1.6319819628693342,-1.6319353185194223
2020-06-30,-1.3846209672850602,-1.420889753875637,-1.4627728976478767,-1.411584174130685,-1.3643165604027399,-1.470021114585119,-1.4691019074971516
2020-07-31,-2.0863662637095404,-2.070293110804454,-1.9907057016734666,-2.0941104009342997,-2.149058456222352,-2.1220154436951826,-2.111940819941826
2020-08-31,-2.5205895228978803,-2.466507569696731,-2.4453386898411735,-2.516053591971132,-2.5976557778458638,-2.595335981893421,-2.5985927010061936
2020-09-30,-1.3255469170903758,-1.456331884067334,-1.4617345159759343,-1.3512053773463655,-1.1715049525869201,-1.0878260945456426,-1.0582310376536639
2020-10-31,-1.824391750035994,-1.8219106395446776,-1.8186502167412204,-1.8249525323338174,-1.824929154739732,-1.8242601964096996,-1.8242660428587238
2020-11-30,-1.9908167275215982,-1.9800822651920211,-1.9806315856261454,-1.9937417835345494,-1.992964955871869,-1.992040250951681,-1.993850459330381
2020-12-31,-2.4866177218205423,-2.450617245307852,-2.4485622723010394,-2.5012554633713773,-2.499606028436972,-2.507424335301976,-2.5119356063081857
2021-01-31,-2.0527273205452055,-2.089746721345766,-2.085507622919143,-2.049151150243238,-2.057582307195787,-2.0569191952523016,-2.0429903246684766
2021-02-28,-2.2341393923724624,-2.218427999986926,-2.224162410386857,-2.239509724369154,-2.236786780014752,-2.238769653479606,-2.2413886709695534
2021-03-31,-2.0024475358649463,-2.0137303724474656,-2.0097558330245757,-1.9944306528136462,-1.9995233064616276,-1.992954537559211,-1.9865790022013183
2021-04-30,-2.378586039980757,-2.3648213208786864,-2.351027109751779,-2.3970536436967333,-2.3556765423810866,-2.3694387061653277,-2.3732639959324127
2021-05-31,-2.2522514053926628,-2.2533037437666903,-2.252604663571008,-2.2500171053645346,-2.232243591251719,-2.234281290480509,-2.235839108080574
2021-06-30,-2.576079788329687,-2.5587636652325063,-2.6523117294067573,-2.594988366870525,-2.57656411427598,-2.5856474048378955,-2.604526084790457
2021-07-31,-2.429402530187801,-2.4282297892749725,-2.380092988798936,-2.429032536944999,-2.4294116355107014,-2.428026221052485,-2.42479975837439
2021-08-31,-2.626199056134671,-2.616438819656694,-2.6634102609471775,-2.640980559478171,-2.6253974340768984,-2.6443808609035946,-2.650980662413342
2021-09-30,-2.26901486356786,-2.2765118011629353,-2.2540296651563754,-2.2644354613175945,-2.275338452472822,-2.255836998839845,-2.2523957206458913
2021-10-31,-2.3676110052363892,-2.359326241365527,-2.3742779830315013,-2.373994947576472,-2.358742149763786,-2.3722025760017935,-2.374810636523493
2021-11-30,-2.313647393784069,-2.3120319631777537,-2.3146101836277655,-2.314782236294022,-2.308688825416776,-2.3147554788824634,-2.31478253863827
2021-12-31,-1.9754539191257179,-1.982244725347708,-1.9649053516811061,-1.9642312022355697,-1.9817363507917383,-1.95277037438583,-1.9508421187717058
2022-01-31,-1.9397502063563006,-1.941864630810917,-1.9351187140781707,-1.934483677201689,-1.940700246269383,-1.9319595720201754,-1.9305936621976272
2022-02-28,-1.7871030188993502,-1.7942215657626361,-1.782573456616319,-1.7771914805182256,-1.794195557005165,-1.7796102224384498,-1.776186090424402
2022-03-31,-1.6413547248033482,-1.6510640433783283,-1.6381198507295263,-1.6261192461661502,-1.6532448335826953,-1.6337353688340608,-1.6295747373580525
2022-04-30,-1.6179087899158135,-1.622977293132265,-1.6062121211251248,-1.6108025731801066,-1.6246944944966735,-1.6128189977871081,-1.6100322657069477
2022-05-31,-1.3591754996619367,-1.3619079612803164,-1.3479119550015546,-1.3426262384743697,-1.3678523942051308,-1.3346541382878974,-1.3411399292179256
2022-06-30,-1.4401451554741986,-1.44193929323498,-1.434639933682494,-1.4309775612859483,-1.4464069075050874,-1.4358360093240543,-1.435786511633373
2022-07-31,-1.8534153060352567,-1.8517211039742971,-1.8581630522235604,-1.859093057224712,-1.8292492093202437,-1.8498045285345865,-1.8474277716351342
2022-08-31,-1.8436506391670466,-1.847245999665023,-1.8430035714919142,-1.8447288110519373,-1.8481121618288392,-1.8476730594974446,-1.8475071141365558
2022-09-30,-1.6013407162402291,-1.6063843062289134,-1.6005625518261655,-1.602324660837836,-1.6204231616921159,-1.6046631758495373,-1.60877629053875
2022-10-31,-1.4920772644558329,-1.5002465724498153,-1.48834218084905,-1.4878664077436927,-1.5060668550616638,-1.4982695810299262,-1.4957261256539465
2022-11-30,-1.5341229332293473,-1.5380175671082268,-1.529653928132347,-1.5319382801914527,-1.5396017524683099,-1.5374090131678055,-1.5354315661706182
2022-12-31,-1.9180101148995043,-1.9211441717352975,-1.9205456670865524,-1.9210641258210104,-1.9031591687675435,-1.9187891134887143,-1.913144509928701
2023-01-31,-2.0465294897210193,-2.0445392628572794,-2.0458484487742608,-2.044845769037971,-2.0354683672128546,-2.041026035093452,-2.0397996581054447
2023-02-28,-2.161847857027576,-2.1593566246361013,-2.1594719792276376,-2.158552493648231,-2.1498600871857265,-2.154474250912026,-2.152834819525685
2023-03-31,-1.8913976979577378,-1.8990382184290449,-1.8963626953198969,-1.8968370755158677,-1.9005060710154644,-1.8943927641413045,-1.8976356213836811
2023-04-30,-2.3372471516980196,-2.3295224578919167,-2.3348353078871913,-2.3376813548028377,-2.3053089210768727,-2.3219976525220387,-2.320481135338559
2023-05-31,-2.30116058297539,-2.300195685387027,-2.300148648850561,-2.2979615912034337,-2.2930684161024257,-2.296202899687914,-2.2942263286126745
2023-06-30,-2.4041550085391523,-2.401632761813458,-2.399123258806254,-2.3934666401728464,-2.3792122723473224,-2.393195777344172,-2.385435817669646
2023-07-31,-2.6687743791100287,-2.688841073731675,-2.6519902169619938,-2.6437260543581296,-2.6292073320331806,-2.671795319347427,-2.633657404017469
2023-08-31,-2.29645528255163,-2.2912679479461078,-2.303165406903621,-2.307288947569189,-2.3073782330525594,-2.3041989262039255,-2.3085495343100977
2023-09-30,-2.418792454039561,-2.4229226355747544,-2.4154465392122475,-2.412820833147261,-2.4087576467818126,-2.417621110375672,-2.41043906877755
2023-10-31,-2.1973207100349414,-2.19492176055987,-2.1989609273577164,-2.2003501811925568,-2.201626724255515,-2.199464705061252,-2.2012992842521033
2023-11-30,-2.2939475420836484,-2.2906147573897644,-2.2927048497575644,-2.2915423073238053,-2.2828866063908073,-2.287076889030664,-2.288037342573335
2023-12-31,-2.5211443876301542,-2.538886470846199,-2.511766509072188,-2.511747870831857,-2.4869238242519005,-2.5280261934000814,-2.500516323231307
2024-01-31,-2.449785077099485,-2.452941364120524,-2.447543879107082,-2.4443184582801227,-2.444537168628659,-2.4521382986549094,-2.4441900258366553
2024-02-29,-2.348377379439037,-2.349143098290307,-2.3477885162128054,-2.346948183402197,-2.3471188252134585,-2.3494102440772515,-2.3468081750134737
2024-03-31,-2.5354216633615665,-2.5521876460291977,-2.5241994811421984,-2.5321427698063337,-2.515620264578412,-2.5442174705375433,-2.5216685103841683
2024-04-30,-2.2315679841700273,-2.223375075511258,-2.2357089027551695,-2.23539910229207,-2.232555778913388,-2.2229271832739803,-2.2344013904291273
2024-05-31,-2.4753983883004818,-2.4817219694753256,-2.469964911755027,-2.4757047382195663,-2.4697459149036147,-2.4820119426792235,-2.473618669664752
2024-06-30,-2.813700955189607,-2.8461240051571752,-2.7969176340792137,-2.8024425951707608,-2.7783416587337264,-2.8340295429638536,-2.7922069890690047
2024-07-31,-2.092346987511241,-2.062935219904369,-2.105461044682081,-2.1178303237096983,-2.122959483866725,-2.085885386362472,-2.1181529795329013
2024-08-31,-1.85675119608118,-1.8354903075042552,-1.855478569278021,-1.858524840727414,-1.8697726594048374,-1.8447146632078761,-1.8616166298488168
2024-09-30,-2.2281250291909194,-2.2311314034347833,-2.2244572878578763,-2.2323517769153955,-2.2177480494631676,-2.2358186158741344,-2.228839498863912
2024-10-31,-2.3904929446093863,-2.3876920654258127,-2.3875531798529925,-2.3879204762284485,-2.3825489057993066,-2.3864842316395194,-2.386542661082305
2024-11-30,-2.351436369949914,-2.3442766192210063,-2.3491082481579757,-2.3506688664475477,-2.346468706002341,-2.343863358460259,-2.3493109066931566
2024-12-31,-2.1933739711592137,-2.1928077001017257,-2.194498869974446,-2.193702822084557,-2.194905822147595,-2.1933997366241895,-2.194498135271136
2025-01-31,-2.24637810417853,-2.2488739137344,-2.2421862410544104,-2.247291121678657,-2.2442793428127343,-2.250976157331669,-2.247306635281844
2025-02-28,-2.3330312118611483,-2.3341610758610614,-2.3297869475596586,-2.334357574287197,-2.331006414606609,-2.340700233758223,-2.3356946514723926
2025-03-31,-1.709795444035256,-1.7145880235994735,-1.7172772981349609,-1.7060399917263305,-1.7458904104712183,-1.6819797708930233,-1.712739942384824
2025-04-30,-0.242307036816928,-0.2576347160391408,-0.25838213955061606,-0.17413743983300956,-0.29947471481897114,-0.10017977264260969,-0.17362451206774532
2025-05-31,-1.7486740109412884,-1.7768410949424216,-1.7425990734643695,-1.7866845334312724,-1.7415542236141865,-1.7932979395625717,-1.7689655070384267
2025-06-30,-2.4205446647163935,-2.4108303861538176,-2.403439333475733,-2.4241667807251077,-2.375477969447907,-2.4300099866622134,-2.4053083020755874
2025-07-31,-2.7865261842150097,-2.7574014307600914,-2.762376210597341,-2.7775381080481436,-2.7374821475220195,-2.7936586643531256,-2.7667541219753926
2025-08-31,-2.370130966035493,-2.378400159120574,-2.375053910689825,-2.374366481355815,-2.3811266669420226,-2.3633532921781706,-2.3744295025039928
2025-09-30,-2.6969259517946864,-2.704344687505508,-2.6959630594643467,-2.7001723805273423,-2.659597955076065,-2.7385202600346603,-2.6984224126812526
2025-10-31,-2.1465424645805653,-2.1585501054470857,-2.149466381756107,-2.152786984273144,-2.181353304427689,-2.1340613774749837,-2.15676018958421
2025-11-30,-2.1917564689854587,-2.1912569032546445,-2.192025615639168,-2.192456300780668,-2.184154864090556,-2.192417316395372,-2.1920978636552704
2025-12-31,-2.5649821987201764,-2.5461132139533955,-2.5675564728583122,-2.573726370625572,-2.5186039757649854,-2.575495083835056,-2.565401783558634
2026-01-31,-2.549276058209131,-2.547537494887071,-2.5510521328757023,-2.547888137221393,-2.5312426545356934,-2.556573653665252,-2.5490154958718807
2026-02-28,-2.329383402572975,-2.329639602680496,-2.3291636510254894,-2.32943592896346,-2.328490062920155,-2.323042915078048,-2.328944722575385
2026-03-31,-1.8903137580688794,-1.9064457629121703,-1.8820815184368398,-1.8829372403463538,-1.9054932617986955,-1.8677696982923506,-1.874417232480048
