Date,Close
2012-01-03,7053.34814453125
2012-01-04,7082.93798828125
2012-01-05,7130.8271484375
2012-01-06,7120.47705078125
2012-01-09,7093.0078125
2012-01-10,7178.8369140625
2012-01-11,7188.1767578125
2012-01-12,7186.546875
2012-01-13,7181.5068359375
2012-01-16,7103.587890625
2012-01-17,7221.046875
2012-01-18,7233.65673828125
2012-01-30,7407.3759765625
2012-01-31,7517.04541015625
2012-02-01,7549.1748046875
2012-02-02,7652.4248046875
2012-02-03,7674.955078125
2012-02-06,7687.94482421875
2012-02-07,7707.40478515625
2012-02-08,7869.87353515625
2012-02-09,7910.74267578125
2012-02-10,7862.2333984375
2012-02-13,7912.873046875
2012-02-14,7884.04296875
2012-02-15,8005.20263671875
2012-02-16,7869.66357421875
2012-02-17,7894.32275390625
2012-02-20,7954.78271484375
2012-02-21,7921.462890625
2012-02-22,8001.642578125
2012-02-23,7937.2626953125
2012-02-24,7959.302734375
2012-02-29,8121.40234375
2012-03-01,8118.30224609375
2012-03-02,8144.00244140625
2012-03-05,8004.70263671875
2012-03-06,7937.93310546875
2012-03-07,7903.04296875
2012-03-08,7984.5224609375
2012-03-09,8015.97216796875
2012-03-12,7927.5126953125
2012-03-13,8031.47216796875
2012-03-14,8125.22216796875
2012-03-15,8121.58251953125
2012-03-16,8054.90234375
2012-03-19,8043.88232421875
2012-03-20,7972.6630859375
2012-03-21,7981.90234375
2012-03-22,8059.90234375
2012-03-23,8076.572265625
2012-03-26,7967.5830078125
2012-03-27,8029.42236328125
2012-03-28,8038.0322265625
2012-03-29,7872.62353515625
2012-03-30,7932.962890625
2012-04-02,7862.86328125
2012-04-03,7760.814453125
2012-04-05,7639.78466796875
2012-04-06,7706.224609375
2012-04-09,7600.8349609375
2012-04-10,7640.64501953125
2012-04-11,7656.634765625
2012-04-12,7662.884765625
2012-04-13,7788.234375
2012-04-16,7729.82470703125
2012-04-17,7585.8349609375
2012-04-18,7604.96484375
2012-04-19,7622.65478515625
2012-04-20,7507.11572265625
2012-04-23,7481.0556640625
2012-04-24,7498.8056640625
2012-04-25,7563.14501953125
2012-04-26,7521.3154296875
2012-04-27,7480.4658203125
2012-04-30,7501.68603515625
2012-05-02,7676.77490234375
2012-05-03,7659.49462890625
2012-05-04,7700.9150390625
2012-05-07,7538.04541015625
2012-05-08,7545.6748046875
2012-05-09,7475.67578125
2012-05-10,7483.9755859375
2012-05-11,7401.3359375
2012-05-14,7377.14599609375
2012-05-15,7395.60595703125
2012-05-16,7234.53662109375
2012-05-17,7356.736328125
2012-05-18,7151.1572265625
2012-05-21,7192.19677734375
2012-05-22,7274.8564453125
2012-05-23,7147.71728515625
2012-05-24,7124.857421875
2012-05-25,7071.59814453125
2012-05-28,7135.96728515625
2012-05-29,7342.25634765625
2012-05-30,7261.76611328125
2012-05-31,7301.46630859375
2012-06-01,7106.0576171875
2012-06-04,6894.62841796875
2012-06-05,7000.41845703125
2012-06-06,7056.1181640625
2012-06-07,7080.27783203125
2012-06-08,6999.6181640625
2012-06-11,7120.197265625
2012-06-12,7072.04833984375
2012-06-13,7088.7978515625
2012-06-14,7075.06787109375
2012-06-15,7155.79736328125
2012-06-18,7281.46630859375
2012-06-19,7273.09619140625
2012-06-20,7334.59619140625
2012-06-21,7279.01611328125
2012-06-22,7222.0166015625
2012-06-25,7166.34716796875
2012-06-26,7137.8974609375
2012-06-27,7182.9765625
2012-06-28,7169.57666015625
2012-06-29,7296.24609375
2012-07-02,7345.12646484375
2012-07-03,7418.32568359375
2012-07-04,7422.5556640625
2012-07-05,7387.74560546875
2012-07-06,7368.55615234375
2012-07-09,7309.92626953125
2012-07-10,7251.31640625
2012-07-11,7257.87646484375
2012-07-12,7130.8974609375
2012-07-13,7104.23779296875
2012-07-16,7090.0078125
2012-07-17,7126.96728515625
2012-07-18,7049.01806640625
2012-07-19,7148.537109375
2012-07-20,7164.6474609375
2012-07-23,7028.6982421875
2012-07-24,7008.318359375
2012-07-25,6979.09814453125
2012-07-26,6970.658203125
2012-07-27,7124.45751953125
2012-07-30,7158.84716796875
2012-07-31,7270.45654296875
2012-08-01,7267.92626953125
2012-08-03,7217.4765625
2012-08-06,7286.29638671875
2012-08-07,7295.42626953125
2012-08-08,7319.76611328125
2012-08-09,7433.666015625
2012-08-10,7441.0859375
2012-08-13,7436.265625
2012-08-14,7479.2158203125
2012-08-15,7467.7060546875
2012-08-16,7490.17578125
2012-08-17,7467.8857421875
2012-08-20,7431.8759765625
2012-08-21,7506.77587890625
2012-08-22,7496.5458984375
2012-08-23,7505.1357421875
2012-08-24,7477.49560546875
2012-08-27,7468.18603515625
2012-08-28,7361.90625
2012-08-29,7391.11572265625
2012-08-30,7371.40625
2012-08-31,7397.02587890625
2012-09-03,7450.49560546875
2012-09-04,7451.31591796875
2012-09-05,7367.40625
2012-09-06,7326.6865234375
2012-09-07,7424.8759765625
2012-09-10,7482.7060546875
2012-09-11,7485.095703125
2012-09-12,7570.4150390625
2012-09-13,7578.7646484375
2012-09-14,7738.01416015625
2012-09-17,7762.1845703125
2012-09-18,7734.224609375
2012-09-19,7781.87451171875
2012-09-20,7727.5146484375
2012-09-21,7754.55419921875
2012-09-24,7768.26416015625
2012-09-25,7734.0947265625
2012-09-26,7669.5947265625
2012-09-27,7683.7646484375
2012-09-28,7715.125
2012-10-01,7675.68505859375
2012-10-02,7718.64501953125
2012-10-03,7684.5947265625
2012-10-04,7682.3046875
2012-10-05,7690.61474609375
2012-10-08,7615.85498046875
2012-10-09,7591.974609375
2012-10-11,7451.68603515625
2012-10-12,7437.005859375
2012-10-15,7418.86572265625
2012-10-16,7470.98583984375
2012-10-17,7464.36572265625
2012-10-18,7465.3759765625
2012-10-19,7408.7255859375
2012-10-22,7373.005859375
2012-10-23,7337.4462890625
2012-10-24,7314.84619140625
2012-10-25,7262.04638671875
2012-10-26,7134.02734375
2012-10-29,7091.6376953125
2012-10-30,7182.556640625
2012-10-31,7166.01708984375
2012-11-01,7179.60693359375
2012-11-02,7210.43701171875
2012-11-05,7185.32666015625
2012-11-06,7236.64697265625
2012-11-07,7287.146484375
2012-11-08,7242.5966796875
2012-11-09,7293.1865234375
2012-11-12,7267.71630859375
2012-11-13,7136.01708984375
2012-11-14,7159.71728515625
2012-11-15,7143.80712890625
2012-11-16,7130.037109375
2012-11-19,7129.00732421875
2012-11-20,7145.7373046875
2012-11-21,7088.4580078125
2012-11-22,7105.7275390625
2012-11-23,7325.97607421875
2012-11-26,7407.3359375
2012-11-27,7430.166015625
2012-11-28,7434.89599609375
2012-11-29,7503.515625
2012-11-30,7580.134765625
2012-12-03,7599.875
2012-12-04,7600.94482421875
2012-12-05,7649.0146484375
2012-12-06,7623.224609375
2012-12-07,7642.224609375
2012-12-10,7609.46484375
2012-12-11,7613.65478515625
2012-12-12,7690.15478515625
2012-12-13,7757.05419921875
2012-12-14,7698.73486328125
2012-12-17,7631.24462890625
2012-12-18,7643.705078125
2012-12-19,7677.43505859375
2012-12-20,7595.4248046875
2012-12-21,7519.8955078125
2012-12-24,7535.4853515625
2012-12-25,7636.53466796875
2012-12-26,7634.15478515625
2012-12-27,7648.375
2012-12-28,7699.46484375
2013-01-02,7779.1845703125
2013-01-03,7836.8037109375
2013-01-04,7805.95458984375
2013-01-07,7755.05419921875
2013-01-08,7721.625
2013-01-09,7738.6044921875
2013-01-10,7811.6044921875
2013-01-11,7819.1142578125
2013-01-14,7823.93408203125
2013-01-15,7764.984375
2013-01-16,7700.39501953125
2013-01-17,7616.60498046875
2013-01-18,7732.8349609375
2013-01-21,7724.884765625
2013-01-22,7759.064453125
2013-01-23,7744.14453125
2013-01-24,7695.955078125
2013-01-25,7672.544921875
2013-01-28,7714.634765625
2013-01-29,7801.96435546875
2013-01-30,7832.94384765625
2013-01-31,7849.98388671875
2013-02-01,7855.93359375
2013-02-04,7923.123046875
2013-02-05,7886.90283203125
2013-02-06,7906.61279296875
2013-02-18,7943.49267578125
2013-02-19,7960.8427734375
2013-02-20,8029.0625
2013-02-21,7957.4228515625
2013-02-22,7947.68310546875
2013-02-25,7947.64306640625
2013-02-26,7880.86279296875
2013-02-27,7897.94287109375
2013-03-01,7964.5927734375
2013-03-04,7867.30322265625
2013-03-05,7932.6728515625
2013-03-06,7950.2626953125
2013-03-07,7960.47265625
2013-03-08,8015.1025390625
2013-03-11,8038.6826171875
2013-03-12,7994.67236328125
2013-03-13,7995.47216796875
2013-03-14,7951.72265625
2013-03-15,7927.453125
2013-03-18,7811.30419921875
2013-03-19,7838.43408203125
2013-03-20,7797.994140625
2013-03-21,7811.80419921875
2013-03-22,7796.1845703125
2013-03-25,7856.08349609375
2013-03-26,7856.3232421875
2013-03-27,7894.0830078125
2013-03-28,7866.84326171875
2013-03-29,7918.57275390625
2013-04-01,7899.203125
2013-04-02,7913.14306640625
2013-04-03,7942.31298828125
2013-04-08,7752.75439453125
2013-04-09,7728.5048828125
2013-04-10,7752.76416015625
2013-04-11,7857.943359375
2013-04-12,7821.59375
2013-04-15,7763.494140625
2013-04-16,7801.01416015625
2013-04-17,7809.0341796875
2013-04-18,7791.314453125
2013-04-19,7930.7626953125
2013-04-22,7970.3427734375
2013-04-23,7942.73291015625
2013-04-24,8023.67236328125
2013-04-25,8021.71240234375
2013-04-26,8022.0224609375
2013-04-29,8029.70263671875
2013-04-30,8093.62255859375
2013-05-02,8128.47216796875
2013-05-03,8134.9921875
2013-05-06,8169.01220703125
2013-05-07,8163.0224609375
2013-05-08,8267.0498046875
2013-05-09,8285.849609375
2013-05-10,8280.2197265625
2013-05-13,8248.2802734375
2013-05-14,8251.7802734375
2013-05-15,8318.5498046875
2013-05-16,8390.009765625
2013-05-17,8368.150390625
2013-05-20,8377.009765625
2013-05-21,8383.009765625
2013-05-22,8398.7998046875
2013-05-23,8237.7900390625
2013-05-24,8209.740234375
2013-05-27,8280.0595703125
2013-05-28,8263.009765625
2013-05-29,8337.8603515625
2013-05-30,8243.25
2013-05-31,8254.759765625
2013-06-03,8200.9794921875
2013-06-04,8191.1826171875
2013-06-05,8181.87255859375
2013-06-06,8096.1025390625
2013-06-07,8095.16259765625
2013-06-10,8160.51220703125
2013-06-11,8116.1123046875
2013-06-13,7951.623046875
2013-06-14,7937.703125
2013-06-17,7992.8525390625
2013-06-18,8010.982421875
2013-06-19,8007.3525390625
2013-06-20,7898.873046875
2013-06-21,7793.2744140625
2013-06-24,7757.994140625
2013-06-25,7663.19482421875
2013-06-26,7784.76416015625
2013-06-27,7883.86279296875
2013-06-28,8062.17236328125
2013-07-01,8035.96240234375
2013-07-02,8015.822265625
2013-07-03,7911.3828125
2013-07-04,7893.68310546875
2013-07-05,8001.7822265625
2013-07-08,7886.302734375
2013-07-09,7971.14306640625
2013-07-10,8011.65234375
2013-07-11,8179.50244140625
2013-07-12,8220.4501953125
2013-07-15,8254.6396484375
2013-07-16,8260.0703125
2013-07-17,8258.91015625
2013-07-18,8194.83984375
2013-07-19,8061.9921875
2013-07-22,8105.41259765625
2013-07-23,8214.6103515625
2013-07-24,8196.150390625
2013-07-25,8163.54248046875
2013-07-26,8149.3623046875
2013-07-29,8084.46240234375
2013-07-30,8163.51220703125
2013-07-31,8107.90234375
2013-08-01,8056.1826171875
2013-08-02,8099.84228515625
2013-08-05,8138.59228515625
2013-08-06,8038.87255859375
2013-08-07,7921.2529296875
2013-08-08,7907.6328125
2013-08-09,7856.103515625
2013-08-12,7903.3427734375
2013-08-13,7986.232421875
2013-08-14,7951.29296875
2013-08-15,7887.22265625
2013-08-16,7924.962890625
2013-08-19,7900.1728515625
2013-08-20,7832.61376953125
2013-08-22,7814.34423828125
2013-08-23,7873.2734375
2013-08-26,7894.93310546875
2013-08-27,7820.8037109375
2013-08-28,7824.50390625
2013-08-29,7917.623046875
2013-08-30,8021.8525390625
2013-09-02,8038.822265625
2013-09-03,8088.33251953125
2013-09-04,8083.40234375
2013-09-05,8169.0625
2013-09-06,8164.16259765625
2013-09-09,8192.0703125
2013-09-10,8208.7294921875
2013-09-11,8208.9501953125
2013-09-12,8225.3203125
2013-09-13,8168.16259765625
2013-09-16,8255.2998046875
2013-09-17,8249.740234375
2013-09-18,8209.1396484375
2013-09-23,8292.7900390625
2013-09-24,8299.080078125
2013-09-25,8283.8603515625
2013-09-26,8184.642578125
2013-09-27,8230.6396484375
2013-09-30,8173.83251953125
2013-10-01,8186.982421875
2013-10-02,8216.4794921875
2013-10-03,8358.9794921875
2013-10-04,8364.509765625
2013-10-07,8333.6201171875
2013-10-08,8375.6103515625
2013-10-09,8344.6904296875
2013-10-11,8349.330078125
2013-10-14,8273.919921875
2013-10-15,8367.83984375
2013-10-16,8332.1396484375
2013-10-17,8374.6396484375
2013-10-18,8441.150390625
2013-10-21,8419.2802734375
2013-10-22,8418.2294921875
2013-10-23,8393.580078125
2013-10-24,8413.6796875
2013-10-25,8346.580078125
2013-10-28,8407.7900390625
2013-10-29,8420.9404296875
2013-10-30,8465.01953125
2013-10-31,8450.01953125
2013-11-01,8388.1396484375
2013-11-04,8354.099609375
2013-11-05,8262.16015625
2013-11-06,8281.9296875
2013-11-07,8283.669921875
2013-11-08,8229.5498046875
2013-11-11,8182.5224609375
2013-11-12,8195.2197265625
2013-11-13,8104.22216796875
2013-11-14,8134.87255859375
2013-11-15,8177.08251953125
2013-11-18,8191.42236328125
2013-11-19,8260.169921875
2013-11-20,8204.419921875
2013-11-21,8099.41259765625
2013-11-22,8116.7421875
2013-11-25,8187.47216796875
2013-11-26,8247.9794921875
2013-11-27,8295.83984375
2013-11-28,8362.3896484375
2013-11-29,8406.7900390625
2013-12-02,8414.5703125
2013-12-03,8392.509765625
2013-12-04,8417.9599609375
2013-12-05,8375.5
2013-12-06,8367.6796875
2013-12-09,8444.580078125
2013-12-10,8443.349609375
2013-12-11,8433.7294921875
2013-12-12,8361.2900390625
2013-12-13,8376.900390625
2013-12-16,8313.830078125
2013-12-17,8352.8896484375
2013-12-18,8349.0
2013-12-19,8407.3603515625
2013-12-20,8408.490234375
2013-12-23,8456.419921875
2013-12-24,8450.4501953125
2013-12-25,8467.7197265625
2013-12-26,8485.849609375
2013-12-27,8535.0
2013-12-30,8623.3896484375
2013-12-31,8611.4697265625
2014-01-02,8612.5
2014-01-03,8546.5
2014-01-06,8499.9697265625
2014-01-07,8512.259765625
2014-01-08,8555.9697265625
2014-01-09,8514.6396484375
2014-01-10,8529.3095703125
2014-01-13,8566.16015625
2014-01-14,8548.099609375
2014-01-15,8602.509765625
2014-01-16,8612.0703125
2014-01-17,8595.9599609375
2014-01-20,8621.51953125
2014-01-21,8599.8603515625
2014-01-22,8625.259765625
2014-01-23,8595.0595703125
2014-01-24,8598.26953125
2014-01-27,8462.5302734375
2014-02-05,8264.4404296875
2014-02-06,8310.9697265625
2014-02-07,8387.3095703125
2014-02-10,8391.91015625
2014-02-11,8430.51953125
2014-02-12,8510.830078125
2014-02-13,8467.66015625
2014-02-14,8513.6396484375
2014-02-17,8519.509765625
2014-02-18,8556.1904296875
2014-02-19,8576.9697265625
2014-02-20,8524.580078125
2014-02-21,8601.8203125
2014-02-24,8560.5703125
2014-02-25,8575.580078125
2014-02-26,8600.8203125
2014-02-27,8639.5400390625
2014-03-03,8601.9404296875
2014-03-04,8554.5
2014-03-05,8632.8896484375
2014-03-06,8713.75
2014-03-07,8713.919921875
2014-03-10,8665.2001953125
2014-03-11,8702.2900390625
2014-03-12,8684.6904296875
2014-03-13,8747.75
2014-03-14,8687.58984375
2014-03-17,8700.0595703125
2014-03-18,8731.900390625
2014-03-19,8689.419921875
2014-03-20,8597.2900390625
2014-03-21,8577.1298828125
2014-03-24,8605.33984375
2014-03-25,8689.259765625
2014-03-26,8737.2294921875
2014-03-27,8779.5302734375
2014-03-28,8774.599609375
2014-03-31,8849.240234375
2014-04-01,8873.1103515625
2014-04-02,8905.4091796875
2014-04-03,8888.4990234375
2014-04-07,8876.3994140625
2014-04-08,8888.208984375
2014-04-09,8930.529296875
2014-04-10,8948.05859375
2014-04-11,8908.0087890625
2014-04-14,8857.3798828125
2014-04-15,8916.6689453125
2014-04-16,8923.779296875
2014-04-17,8944.119140625
2014-04-18,8966.619140625
2014-04-21,8951.1494140625
2014-04-22,8974.6689453125
2014-04-23,8956.87890625
2014-04-24,8945.4091796875
2014-04-25,8774.080078125
2014-04-28,8809.669921875
2014-04-29,8872.0703125
2014-04-30,8791.400390625
2014-05-02,8867.2802734375
2014-05-05,8870.3896484375
2014-05-06,8912.3486328125
2014-05-07,8893.1787109375
2014-05-08,8930.859375
2014-05-09,8889.6494140625
2014-05-12,8808.5703125
2014-05-13,8817.900390625
2014-05-14,8875.119140625
2014-05-15,8880.609375
2014-05-16,8888.4091796875
2014-05-19,8899.859375
2014-05-20,8887.7490234375
2014-05-21,8862.3798828125
2014-05-22,8969.5888671875
2014-05-23,9008.1787109375
2014-05-26,9036.0791015625
2014-05-27,9055.248046875
2014-05-28,9121.66796875
2014-05-29,9108.9580078125
2014-05-30,9075.8681640625
2014-06-03,9123.41796875
2014-06-04,9119.91796875
2014-06-05,9140.677734375
2014-06-06,9134.41796875
2014-06-09,9162.6982421875
2014-06-10,9222.328125
2014-06-11,9229.7578125
2014-06-12,9204.6083984375
2014-06-13,9196.34765625
2014-06-16,9202.8876953125
2014-06-17,9240.5576171875
2014-06-18,9279.8876953125
2014-06-19,9316.767578125
2014-06-20,9273.748046875
2014-06-23,9228.3076171875
2014-06-24,9246.158203125
2014-06-25,9242.1181640625
2014-06-26,9320.8984375
2014-06-27,9306.7880859375
2014-06-30,9393.0283203125
2014-07-01,9441.8779296875
2014-07-02,9484.9169921875
2014-07-03,9526.1875
2014-07-04,9510.0068359375
2014-07-07,9520.1572265625
2014-07-08,9530.9375
2014-07-09,9489.9375
2014-07-10,9565.076171875
2014-07-11,9495.796875
2014-07-14,9520.2568359375
2014-07-15,9569.1259765625
2014-07-16,9484.6875
2014-07-17,9408.1982421875
2014-07-18,9400.927734375
2014-07-21,9440.927734375
2014-07-22,9499.3173828125
2014-07-23,9499.3173828125
2014-07-24,9527.4970703125
2014-07-25,9439.248046875
2014-07-28,9420.1376953125
2014-07-29,9391.837890625
2014-07-30,9446.9775390625
2014-07-31,9315.8076171875
2014-08-01,9266.4677734375
2014-08-04,9330.1484375
2014-08-05,9141.3984375
2014-08-06,9143.927734375
2014-08-07,9131.3984375
2014-08-08,9085.91796875
2014-08-11,9172.8681640625
2014-08-12,9163.078125
2014-08-13,9231.267578125
2014-08-14,9230.568359375
2014-08-15,9206.767578125
2014-08-18,9141.267578125
2014-08-19,9243.73828125
2014-08-20,9288.0078125
2014-08-21,9253.337890625
2014-08-22,9380.0576171875
2014-08-25,9390.578125
2014-08-26,9393.91796875
2014-08-27,9485.546875
2014-08-28,9478.3271484375
2014-08-29,9436.2275390625
2014-09-01,9513.0166015625
2014-09-02,9399.677734375
2014-09-03,9450.3076171875
2014-09-04,9428.84765625
2014-09-05,9407.8984375
2014-09-09,9434.7275390625
2014-09-10,9357.568359375
2014-09-11,9322.908203125
2014-09-12,9223.1376953125
2014-09-15,9217.41796875
2014-09-16,9133.3583984375
2014-09-17,9195.1279296875
2014-09-18,9236.98828125
2014-09-19,9240.408203125
2014-09-22,9134.6083984375
2014-09-23,9084.8583984375
2014-09-24,9098.4482421875
2014-09-25,9011.548828125
2014-09-26,8989.779296875
2014-09-29,8960.71875
2014-09-30,8966.87890625
2014-10-01,8990.21875
2014-10-02,8975.1494140625
2014-10-03,9106.23828125
2014-10-06,9095.09765625
2014-10-07,9040.7685546875
2014-10-08,8955.138671875
2014-10-09,8966.3994140625
2014-10-13,8711.349609375
2014-10-14,8768.349609375
2014-10-15,8655.4697265625
2014-10-16,8633.650390625
2014-10-17,8512.83984375
2014-10-20,8663.099609375
2014-10-21,8654.599609375
2014-10-22,8748.7900390625
2014-10-23,8731.0302734375
2014-10-24,8645.9697265625
2014-10-27,8627.740234375
2014-10-28,8773.509765625
2014-10-29,8903.638671875
2014-10-30,8888.029296875
2014-10-31,8974.71875
2014-11-03,9004.8193359375
2014-11-04,8989.138671875
2014-11-05,8962.55859375
2014-11-06,8890.978515625
2014-11-07,8912.5791015625
2014-11-10,9049.939453125
2014-11-11,9034.0986328125
2014-11-12,8918.9091796875
2014-11-13,8980.62890625
2014-11-14,8982.8388671875
2014-11-17,8884.3486328125
2014-11-18,8859.0302734375
2014-11-19,8963.19921875
2014-11-20,9078.828125
2014-11-21,9091.48828125
2014-11-24,9122.2880859375
2014-11-25,9116.1982421875
2014-11-26,9122.34765625
2014-11-27,9165.267578125
2014-11-28,9187.1083984375
2014-12-01,9117.66796875
2014-12-02,9034.7490234375
2014-12-03,9175.2177734375
2014-12-04,9225.068359375
2014-12-05,9206.5283203125
2014-12-08,9187.248046875
2014-12-09,9128.8583984375
2014-12-10,9032.119140625
2014-12-11,9013.029296875
2014-12-12,9027.2890625
2014-12-15,8985.5888671875
2014-12-16,8950.869140625
2014-12-17,8828.3203125
2014-12-18,8878.5888671875
2014-12-19,8999.478515625
2014-12-22,9094.9580078125
2014-12-23,9097.66796875
2014-12-24,9186.1376953125
2014-12-25,9158.658203125
2014-12-26,9214.0283203125
2014-12-29,9286.23828125
2014-12-30,9268.3876953125
2014-12-31,9307.2177734375
2015-01-05,9274.068359375
2015-01-06,9048.298828125
2015-01-07,9080.0478515625
2015-01-08,9237.98828125
2015-01-09,9215.5380859375
2015-01-12,9178.2578125
2015-01-13,9231.7578125
2015-01-14,9180.1884765625
2015-01-15,9165.0478515625
2015-01-16,9138.248046875
2015-01-19,9174.017578125
2015-01-20,9251.6484375
2015-01-21,9319.66796875
2015-01-22,9369.4677734375
2015-01-23,9470.8974609375
2015-01-26,9477.626953125
2015-01-27,9521.546875
2015-01-28,9510.876953125
2015-01-29,9426.8583984375
2015-01-30,9361.8681640625
2015-02-02,9386.9482421875
2015-02-03,9448.6884765625
2015-02-04,9513.876953125
2015-02-05,9512.0068359375
2015-02-06,9456.13671875
2015-02-09,9421.4580078125
2015-02-10,9393.658203125
2015-02-11,9462.1767578125
2015-02-12,9496.2666015625
2015-02-13,9529.466796875
2015-02-24,9629.326171875
2015-02-25,9699.4951171875
2015-02-26,9622.0556640625
2015-03-02,9601.31640625
2015-03-03,9605.7255859375
2015-03-04,9621.6865234375
2015-03-05,9595.0458984375
2015-03-06,9645.7255859375
2015-03-09,9562.9365234375
2015-03-10,9536.4873046875
2015-03-11,9523.13671875
2015-03-12,9595.9560546875
2015-03-13,9579.3056640625
2015-03-16,9512.8671875
2015-03-17,9539.3974609375
2015-03-18,9653.3857421875
2015-03-19,9736.685546875
2015-03-20,9749.6455078125
2015-03-23,9758.044921875
2015-03-24,9731.615234375
2015-03-25,9667.7861328125
2015-03-26,9619.076171875
2015-03-27,9503.6767578125
2015-03-30,9521.8271484375
2015-03-31,9586.396484375
2015-04-01,9507.6171875
2015-04-02,9600.2763671875
2015-04-07,9641.8564453125
2015-04-08,9571.92578125
2015-04-09,9567.99609375
2015-04-10,9617.65625
2015-04-13,9666.4755859375
2015-04-14,9642.17578125
2015-04-15,9540.0166015625
2015-04-16,9656.826171875
2015-04-17,9570.8857421875
2015-04-20,9552.806640625
2015-04-21,9533.9375
2015-04-22,9612.9560546875
2015-04-23,9797.4453125
2015-04-24,9913.2353515625
2015-04-27,9973.07421875
2015-04-28,9956.7841796875
2015-04-29,9853.78515625
2015-04-30,9820.0048828125
2015-05-04,9844.9951171875
2015-05-05,9820.0849609375
2015-05-06,9818.1552734375
2015-05-07,9704.0654296875
2015-05-08,9691.955078125
2015-05-11,9663.67578125
2015-05-12,9680.6865234375
2015-05-13,9724.0654296875
2015-05-14,9610.7861328125
2015-05-15,9579.4365234375
2015-05-18,9606.0556640625
2015-05-19,9716.724609375
2015-05-20,9685.2646484375
2015-05-21,9578.515625
2015-05-22,9638.755859375
2015-05-25,9645.1259765625
2015-05-26,9669.3662109375
2015-05-27,9693.4951171875
2015-05-28,9712.794921875
2015-05-29,9701.025390625
2015-06-01,9625.646484375
2015-06-02,9614.2158203125
2015-06-03,9556.4765625
2015-06-04,9348.587890625
2015-06-05,9340.087890625
2015-06-08,9368.3876953125
2015-06-09,9191.828125
2015-06-10,9298.4580078125
2015-06-11,9302.4482421875
2015-06-12,9301.8876953125
2015-06-15,9259.4384765625
2015-06-16,9212.73828125
2015-06-17,9189.7880859375
2015-06-18,9218.328125
2015-06-22,9341.7275390625
2015-06-23,9391.09765625
2015-06-24,9397.267578125
2015-06-25,9476.296875
2015-06-26,9462.52734375
2015-06-29,9236.0576171875
2015-06-30,9322.9775390625
2015-07-01,9375.1884765625
2015-07-02,9379.1982421875
2015-07-03,9358.1884765625
2015-07-06,9255.91796875
2015-07-07,9250.1181640625
2015-07-08,8976.0693359375
2015-07-09,8914.0888671875
2015-07-13,9033.87890625
2015-07-14,9041.71875
2015-07-15,9054.1591796875
2015-07-16,9042.1689453125
2015-07-17,9045.939453125
2015-07-20,8974.958984375
2015-07-21,9005.9189453125
2015-07-22,8918.6591796875
2015-07-23,8791.080078125
2015-07-24,8767.8203125
2015-07-27,8556.6396484375
2015-07-28,8582.4501953125
2015-07-29,8563.4404296875
2015-07-30,8651.4501953125
2015-07-31,8665.2998046875
2015-08-03,8524.3701171875
2015-08-04,8510.8203125
2015-08-05,8542.2294921875
2015-08-06,8449.51953125
2015-08-07,8442.25
2015-08-10,8466.7998046875
2015-08-11,8394.099609375
2015-08-12,8283.33984375
2015-08-13,8311.7001953125
2015-08-14,8305.599609375
2015-08-17,8213.3798828125
2015-08-18,8177.1826171875
2015-08-19,8021.80224609375
2015-08-20,8029.7724609375
2015-08-21,7786.88427734375
2015-08-24,7410.3056640625
2015-08-25,7675.60498046875
2015-08-26,7715.5546875
2015-08-27,7824.513671875
2015-08-28,8019.142578125
2015-08-31,8174.88232421875
2015-09-01,8017.5224609375
2015-09-02,8035.25244140625
2015-09-03,8095.91259765625
2015-09-04,8000.5625
2015-09-07,7986.5224609375
2015-09-08,8001.46240234375
2015-09-09,8286.8798828125
2015-09-10,8268.6396484375
2015-09-11,8305.7802734375
2015-09-14,8307.25
2015-09-15,8259.9501953125
2015-09-16,8333.25
2015-09-17,8445.4599609375
2015-09-18,8462.099609375
2015-09-21,8307.0
2015-09-22,8365.8798828125
2015-09-23,8193.3798828125
2015-09-24,8123.0625
2015-09-25,8132.3125
2015-09-30,8181.20263671875
2015-10-01,8295.900390625
2015-10-02,8304.990234375
2015-10-05,8352.3203125
2015-10-06,8394.0595703125
2015-10-07,8495.1904296875
2015-10-08,8445.919921875
2015-10-12,8573.6796875
2015-10-13,8567.8798828125
2015-10-14,8522.4697265625
2015-10-15,8601.4794921875
2015-10-16,8604.91015625
2015-10-19,8631.4599609375
2015-10-20,8653.5595703125
2015-10-21,8609.1904296875
2015-10-22,8608.419921875
2015-10-23,8673.76953125
2015-10-26,8745.3203125
2015-10-27,8701.2802734375
2015-10-28,8665.9501953125
2015-10-29,8571.0400390625
2015-10-30,8554.26953125
2015-11-02,8614.7294921875
2015-11-03,8713.150390625
2015-11-04,8856.9794921875
2015-11-05,8850.1396484375
2015-11-06,8693.5302734375
2015-11-09,8642.4404296875
2015-11-10,8536.8603515625
2015-11-11,8414.9697265625
2015-11-12,8428.0498046875
2015-11-13,8329.4599609375
2015-11-16,8295.3603515625
2015-11-17,8419.3798828125
2015-11-18,8340.4296875
2015-11-19,8477.16015625
2015-11-20,8465.41015625
2015-11-23,8485.6904296875
2015-11-24,8400.099609375
2015-11-25,8386.08984375
2015-11-26,8484.8603515625
2015-11-27,8398.3603515625
2015-11-30,8320.5703125
2015-12-01,8463.259765625
2015-12-02,8457.3603515625
2015-12-03,8456.01953125
2015-12-04,8398.5595703125
2015-12-07,8454.2294921875
2015-12-08,8343.8203125
2015-12-09,8229.580078125
2015-12-10,8216.1298828125
2015-12-11,8115.8525390625
2015-12-14,8040.12255859375
2015-12-15,8073.3125
2015-12-16,8184.62255859375
2015-12-17,8319.6298828125
2015-12-18,8257.2802734375
2015-12-21,8282.1298828125
2015-12-22,8292.7001953125
2015-12-23,8315.66015625
2015-12-24,8324.3203125
2015-12-25,8363.240234375
2015-12-28,8358.4501953125
2015-12-29,8293.8701171875
2015-12-30,8279.9501953125
2015-12-31,8338.01953125
2016-01-04,8114.22216796875
2016-01-05,8075.072265625
2016-01-06,7990.3525390625
2016-01-07,7852.0234375
2016-01-08,7893.93310546875
2016-01-11,7788.38427734375
2016-01-12,7768.41455078125
2016-01-13,7824.57373046875
2016-01-14,7742.84423828125
2016-01-15,7761.97412109375
2016-01-18,7811.14453125
2016-01-19,7854.84326171875
2016-01-20,7699.0849609375
2016-01-21,7663.974609375
2016-01-22,7756.14453125
2016-01-25,7894.11279296875
2016-01-26,7828.6337890625
2016-01-27,7849.7939453125
2016-01-28,7905.06298828125
2016-01-29,8080.5625
2016-02-01,8156.92236328125
2016-02-02,8131.20263671875
2016-02-03,8062.96533203125
2016-02-15,8066.484375
2016-02-16,8212.04296875
2016-02-17,8214.22265625
2016-02-18,8314.642578125
2016-02-19,8325.0126953125
2016-02-22,8326.65234375
2016-02-23,8334.6123046875
2016-02-24,8282.8330078125
2016-02-25,8365.8330078125
2016-02-26,8411.1328125
2016-03-01,8485.6630859375
2016-03-02,8544.0224609375
2016-03-03,8611.7626953125
2016-03-04,8643.5224609375
2016-03-07,8659.5224609375
2016-03-08,8664.2822265625
2016-03-09,8634.0830078125
2016-03-10,8660.6728515625
2016-03-11,8706.1123046875
2016-03-14,8747.873046875
2016-03-15,8611.15234375
2016-03-16,8699.1123046875
2016-03-17,8734.5126953125
2016-03-18,8810.6826171875
2016-03-21,8812.6728515625
2016-03-22,8785.65234375
2016-03-23,8766.0625
2016-03-24,8743.3525390625
2016-03-25,8704.9423828125
2016-03-28,8690.4228515625
2016-03-29,8617.322265625
2016-03-30,8737.0126953125
2016-03-31,8744.802734375
2016-04-01,8657.5224609375
2016-04-06,8513.2724609375
2016-04-07,8490.22265625
2016-04-08,8541.47265625
2016-04-11,8562.5625
2016-04-12,8531.15234375
2016-04-13,8652.052734375
2016-04-14,8667.6826171875
2016-04-15,8700.3623046875
2016-04-18,8665.982421875
2016-04-19,8633.6923828125
2016-04-20,8514.453125
2016-04-21,8568.623046875
2016-04-22,8535.72265625
2016-04-25,8560.2529296875
2016-04-26,8581.54296875
2016-04-27,8563.0224609375
2016-04-28,8473.8427734375
2016-04-29,8377.873046875
2016-05-03,8294.0927734375
2016-05-04,8185.44482421875
2016-05-05,8167.9345703125
2016-05-06,8146.40478515625
2016-05-09,8131.8046875
2016-05-10,8156.2646484375
2016-05-11,8135.53466796875
2016-05-12,8108.0244140625
2016-05-13,8053.66455078125
2016-05-16,8067.57470703125
2016-05-17,8140.45458984375
2016-05-18,8159.65478515625
2016-05-19,8095.95458984375
2016-05-20,8131.234375
2016-05-23,8344.4130859375
2016-05-24,8300.6328125
2016-05-25,8396.1728515625
2016-05-26,8394.0927734375
2016-05-27,8463.5830078125
2016-05-30,8535.8427734375
2016-05-31,8535.5625
2016-06-01,8597.1328125
2016-06-02,8555.9921875
2016-06-03,8587.3330078125
2016-06-06,8597.0830078125
2016-06-07,8679.873046875
2016-06-08,8715.453125
2016-06-13,8536.19921875
2016-06-14,8576.099609375
2016-06-15,8606.349609375
2016-06-16,8494.119140625
2016-06-17,8568.0595703125
2016-06-20,8625.8994140625
2016-06-21,8684.8291015625
2016-06-22,8716.2294921875
2016-06-23,8676.6591796875
2016-06-24,8476.9697265625
2016-06-27,8458.849609375
2016-06-28,8505.4892578125
2016-06-29,8586.5390625
2016-06-30,8666.5595703125
2016-07-01,8738.2197265625
2016-07-04,8760.5595703125
2016-07-05,8716.0498046875
2016-07-06,8575.7294921875
2016-07-07,8640.8896484375
2016-07-08,8640.8896484375
2016-07-11,8786.44921875
2016-07-12,8841.439453125
2016-07-13,8857.7294921875
2016-07-14,8866.33984375
2016-07-15,8949.828125
2016-07-18,9008.1884765625
2016-07-19,9034.8486328125
2016-07-20,9007.658203125
2016-07-21,9056.5380859375
2016-07-22,9013.1181640625
2016-07-25,8991.6484375
2016-07-26,9024.7685546875
2016-07-27,9063.3681640625
2016-07-28,9076.6181640625
2016-07-29,8984.388671875
2016-08-01,9080.6884765625
2016-08-02,9068.73828125
2016-08-03,9001.6884765625
2016-08-04,9024.6884765625
2016-08-05,9092.0986328125
2016-08-08,9150.23828125
2016-08-09,9155.05859375
2016-08-10,9200.3984375
2016-08-11,9131.80859375
2016-08-12,9150.3681640625
2016-08-15,9148.48828125
2016-08-16,9110.3388671875
2016-08-17,9117.6787109375
2016-08-18,9122.478515625
2016-08-19,9034.248046875
2016-08-22,8981.7880859375
2016-08-23,9030.908203125
2016-08-24,9017.3583984375
2016-08-25,9115.4482421875
2016-08-26,9131.6982421875
2016-08-29,9110.1484375
2016-08-30,9110.5380859375
2016-08-31,9068.8291015625
2016-09-01,9001.1298828125
2016-09-02,8987.529296875
2016-09-05,9090.109375
2016-09-06,9181.8291015625
2016-09-07,9259.0498046875
2016-09-08,9262.869140625
2016-09-09,9164.859375
2016-09-12,8947.0390625
2016-09-13,8940.8095703125
2016-09-14,8902.279296875
2016-09-19,9152.859375
2016-09-20,9161.5595703125
2016-09-21,9228.4794921875
2016-09-22,9235.2392578125
2016-09-23,9284.599609375
2016-09-26,9194.4990234375
2016-09-29,9270.8798828125
2016-09-30,9166.8291015625
2016-10-03,9234.1796875
2016-10-04,9287.7490234375
2016-10-05,9272.259765625
2016-10-06,9284.2890625
2016-10-07,9265.7890625
2016-10-11,9219.7998046875
2016-10-12,9252.5791015625
2016-10-13,9219.1494140625
2016-10-14,9165.1494140625
2016-10-17,9176.19921875
2016-10-18,9222.5595703125
2016-10-19,9283.9697265625
2016-10-20,9317.2197265625
2016-10-21,9306.5498046875
2016-10-24,9322.4794921875
2016-10-25,9385.6298828125
2016-10-26,9362.2294921875
2016-10-27,9299.529296875
2016-10-28,9306.8994140625
2016-10-31,9290.099609375
2016-11-01,9272.6796875
2016-11-02,9139.01953125
2016-11-03,9067.2490234375
2016-11-04,9068.1298828125
2016-11-07,9189.8193359375
2016-11-08,9217.4091796875
2016-11-09,8943.1796875
2016-11-10,9152.1591796875
2016-11-11,8957.7392578125
2016-11-14,8940.3798828125
2016-11-15,8931.009765625
2016-11-16,8962.19921875
2016-11-17,8995.2392578125
2016-11-18,9008.76953125
2016-11-21,9041.08984375
2016-11-22,9133.369140625
2016-11-23,9178.2099609375
2016-11-24,9152.08984375
2016-11-25,9159.0498046875
2016-11-28,9222.2197265625
2016-11-29,9192.365234375
2016-11-30,9240.6953125
2016-12-01,9263.515625
2016-12-02,9189.4755859375
2016-12-05,9160.6455078125
2016-12-06,9250.7548828125
2016-12-07,9263.8779296875
2016-12-08,9375.8486328125
2016-12-09,9392.66796875
2016-12-12,9349.9287109375
2016-12-13,9382.1279296875
2016-12-14,9368.5078125
2016-12-15,9360.337890625
2016-12-16,9326.7685546875
2016-12-19,9239.30859375
2016-12-20,9242.3984375
2016-12-21,9204.248046875
2016-12-22,9118.73828125
2016-12-23,9078.6279296875
2016-12-26,9110.5283203125
2016-12-27,9109.2626953125
2016-12-28,9201.3935546875
2016-12-29,9153.0830078125
2016-12-30,9253.4931640625
2017-01-03,9272.873046875
2017-01-04,9286.953125
2017-01-05,9358.1328125
2017-01-06,9372.212890625
2017-01-09,9342.4130859375
2017-01-10,9349.6328125
2017-01-11,9345.7333984375
2017-01-12,9410.1728515625
2017-01-13,9378.8232421875
2017-01-16,9292.3232421875
2017-01-17,9354.5234375
2017-01-18,9341.962890625
2017-01-19,9318.11328125
2017-01-20,9331.453125
2017-01-23,9424.04296875
2017-01-24,9447.943359375
2017-02-02,9428.962890625
2017-02-03,9455.552734375
2017-02-06,9538.0029296875
2017-02-07,9554.552734375
2017-02-08,9543.2431640625
2017-02-09,9590.1728515625
2017-02-10,9665.5830078125
2017-02-13,9710.3134765625
2017-02-14,9718.7734375
2017-02-15,9799.7529296875
2017-02-16,9771.2431640625
2017-02-17,9759.7529296875
2017-02-20,9753.193359375
2017-02-21,9763.9228515625
2017-02-22,9778.7734375
2017-02-23,9769.302734375
2017-02-24,9750.462890625
2017-03-01,9674.7734375
2017-03-02,9691.79296875
2017-03-03,9648.203125
2017-03-06,9682.623046875
2017-03-07,9738.0634765625
2017-03-08,9753.443359375
2017-03-09,9658.603515625
2017-03-10,9627.8828125
2017-03-13,9697.3330078125
2017-03-14,9744.203125
2017-03-15,9740.302734375
2017-03-16,9837.8232421875
2017-03-17,9908.68359375
2017-03-20,9912.962890625
2017-03-21,9972.4833984375
2017-03-22,9922.6533203125
2017-03-23,9930.7333984375
2017-03-24,9902.9736328125
2017-03-27,9876.7626953125
2017-03-28,9876.443359375
2017-03-29,9856.2431640625
2017-03-30,9848.1435546875
2017-03-31,9811.5126953125
2017-04-05,9949.4736328125
2017-04-06,9897.79296875
2017-04-07,9873.36328125
2017-04-10,9882.533203125
2017-04-11,9832.4130859375
2017-04-12,9817.6728515625
2017-04-13,9836.6728515625
2017-04-14,9732.9228515625
2017-04-17,9716.3935546875
2017-04-18,9746.552734375
2017-04-19,9639.93359375
2017-04-20,9632.68359375
2017-04-21,9717.4033203125
2017-04-24,9717.943359375
2017-04-25,9841.703125
2017-04-26,9856.443359375
2017-04-27,9860.61328125
2017-04-28,9871.9931640625
2017-05-02,9941.2626953125
2017-05-03,9955.3232421875
2017-05-04,9967.6396484375
2017-05-05,9899.9404296875
2017-05-08,9937.25
2017-05-09,9915.48046875
2017-05-10,9968.3203125
2017-05-11,10001.48046875
2017-05-12,9986.8203125
2017-05-15,10036.8203125
2017-05-16,10031.490234375
2017-05-17,10013.669921875
2017-05-18,9969.4501953125
2017-05-19,9947.6201171875
2017-05-22,9997.259765625
2017-05-23,10007.83984375
2017-05-24,10044.419921875
2017-05-25,10108.490234375
2017-05-26,10101.9501953125
2017-05-31,10040.7197265625
2017-06-01,10087.419921875
2017-06-02,10152.5302734375
2017-06-05,10226.83984375
2017-06-06,10206.1796875
2017-06-07,10209.990234375
2017-06-08,10225.7802734375
2017-06-09,10199.650390625
2017-06-12,10109.9599609375
2017-06-13,10128.150390625
2017-06-14,10072.4599609375
2017-06-15,10088.349609375
2017-06-16,10156.73046875
2017-06-19,10250.599609375
2017-06-20,10324.4599609375
2017-06-21,10349.7197265625
2017-06-22,10399.0595703125
2017-06-23,10377.7001953125
2017-06-26,10513.9599609375
2017-06-27,10512.0595703125
2017-06-28,10390.5498046875
2017-06-29,10421.650390625
2017-06-30,10395.0703125
2017-07-03,10412.7900390625
2017-07-04,10347.7802734375
2017-07-05,10404.7900390625
2017-07-06,10368.2001953125
2017-07-07,10297.25
2017-07-10,10289.91015625
2017-07-11,10415.5703125
2017-07-12,10420.6796875
2017-07-13,10460.150390625
2017-07-14,10443.91015625
2017-07-17,10457.5400390625
2017-07-18,10481.259765625
2017-07-19,10506.099609375
2017-07-20,10499.3603515625
2017-07-21,10436.7001953125
2017-07-24,10461.2802734375
2017-07-25,10463.150390625
2017-07-26,10419.1103515625
2017-07-27,10508.3701171875
2017-07-28,10423.0498046875
2017-07-31,10427.330078125
2017-08-01,10437.2900390625
2017-08-02,10519.26953125
2017-08-03,10469.8798828125
2017-08-04,10506.5595703125
2017-08-07,10579.3798828125
2017-08-08,10568.9697265625
2017-08-09,10470.3798828125
2017-08-10,10329.740234375
2017-08-11,10329.5703125
2017-08-14,10225.2802734375
2017-08-15,10311.16015625
2017-08-16,10290.3896484375
2017-08-17,10369.3701171875
2017-08-18,10321.330078125
2017-08-21,10326.3896484375
2017-08-22,10392.0703125
2017-08-23,10406.8095703125
2017-08-24,10488.9599609375
2017-08-25,10515.509765625
2017-08-28,10525.98046875
2017-08-29,10496.5703125
2017-08-30,10569.400390625
2017-08-31,10585.7802734375
2017-09-01,10594.8203125
2017-09-04,10569.8701171875
2017-09-05,10617.83984375
2017-09-06,10547.8603515625
2017-09-07,10538.509765625
2017-09-08,10609.9501953125
2017-09-11,10572.16015625
2017-09-12,10610.349609375
2017-09-13,10532.8798828125
2017-09-14,10553.5703125
2017-09-15,10580.41015625
2017-09-18,10631.5703125
2017-09-19,10576.1396484375
2017-09-20,10519.169921875
2017-09-21,10578.4404296875
2017-09-22,10449.6796875
2017-09-25,10335.8896484375
2017-09-26,10257.01953125
2017-09-27,10326.6796875
2017-09-28,10296.4501953125
2017-09-29,10329.9404296875
2017-10-02,10465.16015625
2017-10-03,10469.349609375
2017-10-05,10518.26953125
2017-10-06,10532.8095703125
2017-10-11,10641.1904296875
2017-10-12,10711.4404296875
2017-10-13,10724.08984375
2017-10-16,10774.2099609375
2017-10-17,10723.150390625
2017-10-18,10720.2802734375
2017-10-19,10760.2900390625
2017-10-20,10728.8798828125
2017-10-23,10735.2099609375
2017-10-24,10743.7802734375
2017-10-25,10750.5703125
2017-10-26,10734.759765625
2017-10-27,10709.1103515625
2017-10-30,10756.8701171875
2017-10-31,10793.7998046875
2017-11-01,10806.3603515625
2017-11-02,10788.509765625
2017-11-03,10800.76953125
2017-11-06,10786.1904296875
2017-11-07,10840.33984375
2017-11-08,10818.990234375
2017-11-09,10743.26953125
2017-11-10,10732.669921875
2017-11-13,10683.919921875
2017-11-14,10687.1796875
2017-11-15,10630.650390625
2017-11-16,10625.0400390625
2017-11-17,10701.6396484375
2017-11-20,10664.5498046875
2017-11-21,10779.240234375
2017-11-22,10822.58984375
2017-11-23,10854.5703125
2017-11-24,10854.08984375
2017-11-27,10750.9296875
2017-11-28,10707.0703125
2017-11-29,10713.5498046875
2017-11-30,10560.4404296875
2017-12-01,10600.3701171875
2017-12-04,10651.1103515625
2017-12-05,10566.849609375
2017-12-06,10393.919921875
2017-12-07,10355.759765625
2017-12-08,10398.6201171875
2017-12-11,10473.08984375
2017-12-12,10443.2802734375
2017-12-13,10470.7001953125
2017-12-14,10538.009765625
2017-12-15,10491.4404296875
2017-12-18,10506.51953125
2017-12-19,10467.33984375
2017-12-20,10504.51953125
2017-12-21,10488.9697265625
2017-12-22,10537.26953125
2017-12-25,10522.490234375
2017-12-26,10421.91015625
2017-12-27,10486.669921875
2017-12-28,10567.6396484375
2017-12-29,10642.8603515625
2018-01-02,10710.73046875
2018-01-03,10801.5703125
2018-01-04,10848.6298828125
2018-01-05,10879.7998046875
2018-01-08,10915.75
2018-01-09,10914.8896484375
2018-01-10,10831.08984375
2018-01-11,10810.0595703125
2018-01-12,10883.9599609375
2018-01-15,10956.3095703125
2018-01-16,10986.1103515625
2018-01-17,11004.7998046875
2018-01-18,11071.5703125
2018-01-19,11150.849609375
2018-01-22,11231.4599609375
2018-01-23,11253.1103515625
2018-01-24,11152.16015625
2018-01-25,11165.9501953125
2018-01-26,11147.099609375
2018-01-29,11221.8095703125
2018-01-30,11076.7802734375
2018-01-31,11103.7900390625
2018-02-01,11160.25
2018-02-02,11126.23046875
2018-02-05,10946.25
2018-02-06,10404.0
2018-02-07,10551.5400390625
2018-02-08,10528.51953125
2018-02-09,10371.75
2018-02-12,10421.08984375
2018-02-21,10714.4404296875
2018-02-22,10662.3798828125
2018-02-23,10794.5498046875
2018-02-26,10836.7001953125
2018-02-27,10815.4697265625
2018-03-01,10785.7900390625
2018-03-02,10698.169921875
2018-03-05,10642.900390625
2018-03-06,10784.33984375
2018-03-07,10745.3203125
2018-03-08,10823.240234375
2018-03-09,10864.8203125
2018-03-12,11002.099609375
2018-03-13,11095.6298828125
2018-03-14,11038.7998046875
2018-03-15,11018.4501953125
2018-03-16,11027.7001953125
2018-03-19,11046.900390625
2018-03-20,11010.83984375
2018-03-21,11011.0703125
2018-03-22,11005.83984375
2018-03-23,10823.330078125
2018-03-26,10840.0498046875
2018-03-27,10986.7900390625
2018-03-28,10865.66015625
2018-03-29,10845.919921875
2018-03-30,10906.2197265625
2018-04-02,10888.26953125
2018-04-03,10821.5302734375
2018-04-09,10893.5302734375
2018-04-10,10927.1796875
2018-04-11,10974.01953125
2018-04-12,10955.2900390625
2018-04-13,10965.3896484375
2018-04-16,10954.5498046875
2018-04-17,10810.4501953125
2018-04-18,10847.8896484375
2018-04-19,10971.2197265625
2018-04-20,10779.3798828125
2018-04-23,10697.1298828125
2018-04-24,10579.5
2018-04-25,10559.9697265625
2018-04-26,10488.580078125
2018-04-27,10553.4296875
2018-04-30,10657.8798828125
2018-05-02,10618.8095703125
2018-05-03,10514.1796875
2018-05-04,10529.3701171875
2018-05-07,10604.91015625
2018-05-08,10691.3798828125
2018-05-09,10703.349609375
2018-05-10,10760.2099609375
2018-05-11,10858.98046875
2018-05-14,10952.3896484375
2018-05-15,10874.73046875
2018-05-16,10897.5703125
2018-05-17,10833.8095703125
2018-05-18,10830.83984375
2018-05-21,10966.2001953125
2018-05-22,10938.73046875
2018-05-23,10886.1796875
2018-05-24,10936.9296875
2018-05-25,10942.2998046875
2018-05-28,10987.76953125
2018-05-29,10964.1201171875
2018-05-30,10821.169921875
2018-05-31,10874.9599609375
2018-06-01,10949.080078125
2018-06-04,11109.5
2018-06-05,11100.1103515625
2018-06-06,11201.830078125
2018-06-07,11251.75
2018-06-08,11156.419921875
2018-06-11,11149.23046875
2018-06-12,11144.7900390625
2018-06-13,11173.2099609375
2018-06-14,11013.98046875
2018-06-15,11087.4697265625
2018-06-19,10904.1904296875
2018-06-20,10927.4404296875
2018-06-21,10941.0703125
2018-06-22,10899.2802734375
2018-06-25,10786.4599609375
2018-06-26,10742.169921875
2018-06-27,10701.0302734375
2018-06-28,10654.2802734375
2018-06-29,10836.91015625
2018-07-02,10777.9404296875
2018-07-03,10715.7197265625
2018-07-04,10721.8701171875
2018-07-05,10611.8095703125
2018-07-06,10608.5703125
2018-07-09,10720.2802734375
2018-07-10,10756.8896484375
2018-07-11,10676.83984375
2018-07-12,10738.3798828125
2018-07-13,10864.5400390625
2018-07-16,10817.4501953125
2018-07-17,10778.990234375
2018-07-18,10842.4599609375
2018-07-19,10835.3798828125
2018-07-20,10932.1103515625
2018-07-23,10946.8896484375
2018-07-24,10995.3896484375
2018-07-25,10965.7900390625
2018-07-26,11010.6103515625
2018-07-27,11075.7802734375
2018-07-30,11033.5400390625
2018-07-31,11057.509765625
2018-08-01,11098.1298828125
2018-08-02,10929.76953125
2018-08-03,11012.4296875
2018-08-06,11024.099609375
2018-08-07,10983.4404296875
2018-08-08,11075.25
2018-08-09,11028.0703125
2018-08-10,10983.6796875
2018-08-13,10748.919921875
2018-08-14,10824.23046875
2018-08-15,10716.75
2018-08-16,10683.900390625
2018-08-17,10690.9599609375
2018-08-20,10699.0498046875
2018-08-21,10792.2001953125
2018-08-22,10804.2001953125
2018-08-23,10863.1298828125
2018-08-24,10809.349609375
2018-08-27,10902.2099609375
2018-08-28,10989.5498046875
2018-08-29,11099.5703125
2018-08-30,11093.75
2018-08-31,11063.9404296875
2018-09-03,10964.2197265625
2018-09-04,11021.3798828125
2018-09-05,10995.1298828125
2018-09-06,10924.2998046875
2018-09-07,10846.990234375
2018-09-10,10725.7998046875
2018-09-11,10752.2998046875
2018-09-12,10722.5703125
2018-09-13,10727.23046875
2018-09-14,10868.1396484375
2018-09-17,10828.6103515625
2018-09-18,10760.2099609375
2018-09-19,10857.26953125
2018-09-20,10831.41015625
2018-09-21,10972.41015625
2018-09-25,10978.849609375
2018-09-26,10974.1904296875
2018-09-27,11034.1904296875
2018-09-28,11006.33984375
2018-10-01,11051.7998046875
2018-10-02,10919.6298828125
2018-10-03,10863.9404296875
2018-10-04,10718.91015625
2018-10-05,10517.1201171875
2018-10-08,10455.9296875
2018-10-09,10466.830078125
2018-10-11,9806.1103515625
2018-10-12,10045.8095703125
2018-10-15,9901.1201171875
2018-10-16,9981.099609375
2018-10-17,9979.1396484375
2018-10-18,9953.73046875
2018-10-19,9919.259765625
2018-10-22,9974.2802734375
2018-10-23,9775.2001953125
2018-10-24,9759.400390625
2018-10-25,9520.7900390625
2018-10-26,9489.1796875
2018-10-29,9516.3203125
2018-10-30,9526.1103515625
2018-10-31,9802.1298828125
2018-11-01,9844.740234375
2018-11-02,9906.58984375
2018-11-05,9889.8095703125
2018-11-06,9824.9501953125
2018-11-07,9908.349609375
2018-11-08,9945.3095703125
2018-11-09,9830.009765625
2018-11-12,9831.2099609375
2018-11-13,9775.83984375
2018-11-14,9791.8798828125
2018-11-15,9826.4599609375
2018-11-16,9797.08984375
2018-11-19,9828.6904296875
2018-11-20,9743.990234375
2018-11-21,9741.51953125
2018-11-22,9714.7099609375
2018-11-23,9667.2998046875
2018-11-26,9765.3603515625
2018-11-27,9778.6201171875
2018-11-28,9884.3095703125
2018-11-29,9885.3603515625
2018-11-30,9888.0302734375
2018-12-03,10137.8701171875
2018-12-04,10083.5400390625
2018-12-05,9916.740234375
2018-12-06,9684.7197265625
2018-12-07,9760.8798828125
2018-12-10,9647.5400390625
2018-12-11,9707.0400390625
2018-12-12,9816.4501953125
2018-12-13,9858.759765625
2018-12-14,9774.16015625
2018-12-17,9787.5302734375
2018-12-18,9718.8203125
2018-12-19,9783.2099609375
2018-12-20,9674.51953125
2018-12-21,9676.669921875
2018-12-24,9639.7001953125
2018-12-25,9527.08984375
2018-12-26,9478.990234375
2018-12-27,9641.5595703125
2018-12-28,9727.41015625
2019-01-02,9554.1396484375
2019-01-03,9492.419921875
2019-01-04,9382.509765625
2019-01-07,9590.2998046875
2019-01-08,9563.599609375
2019-01-09,9738.3095703125
2019-01-10,9720.6904296875
2019-01-11,9759.400390625
2019-01-14,9708.2197265625
2019-01-15,9806.0400390625
2019-01-16,9763.8095703125
2019-01-17,9789.150390625
2019-01-18,9836.0595703125
2019-01-21,9889.400390625
2019-01-22,9894.66015625
2019-01-23,9846.400390625
2019-01-24,9877.1201171875
2019-01-25,9969.6103515625
2019-01-28,10013.330078125
2019-01-29,9931.58984375
2019-01-30,9932.259765625
2019-02-11,10004.25
2019-02-12,10097.740234375
2019-02-13,10090.580078125
2019-02-14,10089.009765625
2019-02-15,10064.7802734375
2019-02-18,10145.2802734375
2019-02-19,10152.259765625
2019-02-20,10272.4599609375
2019-02-21,10319.5302734375
2019-02-22,10322.919921875
2019-02-25,10390.9296875
2019-02-26,10391.5498046875
2019-02-27,10389.169921875
2019-03-04,10349.8798828125
2019-03-05,10305.259765625
2019-03-06,10357.150390625
2019-03-07,10311.6796875
2019-03-08,10241.75
2019-03-11,10250.2802734375
2019-03-12,10343.330078125
2019-03-13,10373.3203125
2019-03-14,10348.650390625
2019-03-15,10439.240234375
2019-03-18,10512.7001953125
2019-03-19,10512.3203125
2019-03-20,10551.5595703125
2019-03-21,10609.5498046875
2019-03-22,10639.0703125
2019-03-25,10479.48046875
2019-03-26,10559.2001953125
2019-03-27,10542.7001953125
2019-03-28,10536.259765625
2019-03-29,10641.0400390625
2019-04-01,10642.6298828125
2019-04-02,10690.2998046875
2019-04-03,10704.3798828125
2019-04-08,10800.5703125
2019-04-09,10851.599609375
2019-04-10,10868.1396484375
2019-04-11,10808.76953125
2019-04-12,10805.2998046875
2019-04-15,10875.599609375
2019-04-16,10927.849609375
2019-04-17,10997.259765625
2019-04-18,10962.01953125
2019-04-19,10968.5
2019-04-22,10987.7099609375
2019-04-23,11025.6796875
2019-04-24,11027.6396484375
2019-04-25,11039.8603515625
2019-04-26,10952.4697265625
2019-04-29,10939.0595703125
2019-04-30,10967.73046875
2019-05-02,11004.490234375
2019-05-03,11096.2998046875
2019-05-06,10897.1201171875
2019-05-07,10987.1396484375
2019-05-08,10923.7099609375
2019-05-09,10733.669921875
2019-05-10,10712.990234375
2019-05-13,10558.2900390625
2019-05-14,10519.25
2019-05-15,10560.7099609375
2019-05-16,10474.6103515625
2019-05-17,10384.1103515625
2019-05-20,10398.41015625
2019-05-21,10464.5
2019-05-22,10457.2197265625
2019-05-23,10308.3701171875
2019-05-24,10328.2802734375
2019-05-27,10334.1298828125
2019-05-28,10312.3095703125
2019-05-29,10301.7802734375
2019-05-30,10382.990234375
2019-05-31,10498.490234375
2019-06-03,10500.0703125
2019-06-04,10429.1201171875
2019-06-05,10461.6201171875
2019-06-06,10409.2001953125
2019-06-10,10566.4697265625
2019-06-11,10607.759765625
2019-06-12,10615.66015625
2019-06-13,10561.009765625
2019-06-14,10524.669921875
2019-06-17,10530.5400390625
2019-06-18,10566.740234375
2019-06-19,10775.33984375
2019-06-20,10785.009765625
2019-06-21,10803.76953125
2019-06-24,10779.4501953125
2019-06-25,10706.7197265625
2019-06-26,10652.5498046875
2019-06-27,10773.900390625
2019-06-28,10730.830078125
2019-07-01,10895.4599609375
2019-07-02,10865.1201171875
2019-07-03,10743.76953125
2019-07-04,10775.900390625
2019-07-05,10785.73046875
2019-07-08,10751.2197265625
2019-07-09,10702.7802734375
2019-07-10,10798.48046875
2019-07-11,10843.419921875
2019-07-12,10824.349609375
2019-07-15,10876.4296875
2019-07-16,10886.0498046875
2019-07-17,10828.48046875
2019-07-18,10799.2802734375
2019-07-19,10873.1904296875
2019-07-22,10944.5302734375
2019-07-23,10947.259765625
2019-07-24,10935.759765625
2019-07-25,10941.41015625
2019-07-26,10891.98046875
2019-07-29,10885.73046875
2019-07-30,10830.900390625
2019-07-31,10823.8095703125
2019-08-01,10731.75
2019-08-02,10549.0400390625
2019-08-05,10423.41015625
2019-08-06,10394.75
2019-08-07,10386.1796875
2019-08-08,10494.490234375
2019-08-12,10472.3603515625
2019-08-13,10362.66015625
2019-08-14,10427.73046875
2019-08-15,10327.1298828125
2019-08-16,10420.8896484375
2019-08-19,10488.75
2019-08-20,10522.5
2019-08-21,10525.7998046875
2019-08-22,10529.7802734375
2019-08-23,10538.1103515625
2019-08-26,10354.5703125
2019-08-27,10387.23046875
2019-08-28,10434.2900390625
2019-08-29,10462.4296875
2019-08-30,10618.0498046875
2019-09-02,10634.849609375
2019-09-03,10558.2099609375
2019-09-04,10657.3095703125
2019-09-05,10756.9296875
2019-09-06,10780.6396484375
2019-09-10,10753.580078125
2019-09-11,10790.349609375
2019-09-12,10827.5498046875
2019-09-16,10898.1298828125
2019-09-17,10874.5
2019-09-18,10929.4501953125
2019-09-19,10894.7001953125
2019-09-20,10929.6904296875
2019-09-23,10919.01953125
2019-09-24,10918.009765625
2019-09-25,10873.6904296875
2019-09-26,10871.990234375
2019-09-27,10829.6796875
2019-10-01,10967.650390625
2019-10-02,10947.8798828125
2019-10-03,10875.91015625
2019-10-04,10894.48046875
2019-10-07,10935.0595703125
2019-10-08,11017.3095703125
2019-10-09,10889.9599609375
2019-10-14,11066.9501953125
2019-10-15,11111.7998046875
2019-10-16,11162.830078125
2019-10-17,11186.8798828125
2019-10-18,11180.2197265625
2019-10-21,11184.150390625
2019-10-22,11271.25
2019-10-23,11239.669921875
2019-10-24,11320.1396484375
2019-10-25,11296.1201171875
2019-10-28,11315.01953125
2019-10-29,11333.8701171875
2019-10-30,11380.2802734375
2019-10-31,11358.7099609375
2019-11-01,11399.5302734375
2019-11-04,11556.849609375
2019-11-05,11644.0302734375
2019-11-06,11653.0703125
2019-11-07,11606.5595703125
2019-11-08,11579.5400390625
2019-11-11,11427.2802734375
2019-11-12,11520.3701171875
2019-11-13,11467.830078125
2019-11-14,11450.419921875
2019-11-15,11525.599609375
2019-11-18,11599.7802734375
2019-11-19,11656.400390625
2019-11-20,11631.2001953125
2019-11-21,11558.26953125
2019-11-22,11566.7998046875
2019-11-25,11561.580078125
2019-11-26,11576.8203125
2019-11-27,11647.4599609375
2019-11-28,11617.080078125
2019-11-29,11489.5703125
2019-12-02,11502.830078125
2019-12-03,11531.580078125
2019-12-04,11510.4697265625
2019-12-05,11594.650390625
2019-12-06,11609.6396484375
2019-12-09,11660.76953125
2019-12-10,11627.83984375
2019-12-11,11700.76953125
2019-12-12,11836.419921875
2019-12-13,11927.73046875
2019-12-16,11939.76953125
2019-12-17,12097.009765625
2019-12-18,12122.4501953125
2019-12-19,12018.900390625
2019-12-20,11959.080078125
2019-12-23,12022.23046875
2019-12-24,11976.3798828125
2019-12-25,12008.1298828125
2019-12-26,12001.009765625
2019-12-27,12091.58984375
2019-12-30,12053.3701171875
2019-12-31,11997.1396484375
2020-01-02,12100.48046875
2020-01-03,12110.4296875
2020-01-06,11953.3603515625
2020-01-07,11880.3203125
2020-01-08,11817.099609375
2020-01-09,11970.6298828125
2020-01-10,12024.650390625
2020-01-13,12113.419921875
2020-01-14,12179.8095703125
2020-01-15,12091.8798828125
2020-01-16,12066.9296875
2020-01-17,12090.2900390625
2020-01-20,12118.7099609375
2020-01-30,11421.740234375
2020-01-31,11495.099609375
2020-02-03,11354.919921875
2020-02-04,11555.919921875
2020-02-05,11573.6201171875
2020-02-06,11749.6796875
2020-02-07,11612.8095703125
2020-02-10,11574.0703125
2020-02-11,11664.0400390625
2020-02-12,11774.1904296875
2020-02-13,11791.7802734375
2020-02-14,11815.7001953125
2020-02-17,11763.509765625
2020-02-18,11648.98046875
2020-02-19,11758.83984375
2020-02-20,11725.08984375
2020-02-21,11686.349609375
2020-02-24,11534.8701171875
2020-02-25,11540.23046875
2020-02-26,11433.6201171875
2020-02-27,11292.169921875
2020-03-02,11170.4599609375
2020-03-03,11327.7197265625
2020-03-04,11392.349609375
2020-03-05,11514.8203125
2020-03-06,11321.8095703125
2020-03-09,10977.6396484375
2020-03-10,11003.5400390625
2020-03-11,10893.75
2020-03-12,10422.3203125
2020-03-13,10128.8701171875
2020-03-16,9717.76953125
2020-03-17,9439.6298828125
2020-03-18,9218.669921875
2020-03-19,8681.33984375
2020-03-20,9234.08984375
2020-03-23,8890.0302734375
2020-03-24,9285.6201171875
2020-03-25,9644.75
2020-03-26,9736.3603515625
2020-03-27,9698.919921875
2020-03-30,9629.4296875
2020-03-31,9708.0595703125
2020-04-01,9663.6298828125
2020-04-06,9818.740234375
2020-04-07,9996.3896484375
2020-04-08,10137.4697265625
2020-04-09,10119.4296875
2020-04-10,10157.6103515625
2020-04-13,10099.2197265625
2020-04-14,10332.9404296875
2020-04-15,10447.2099609375
2020-04-16,10375.48046875
2020-04-17,10597.0400390625
2020-04-20,10586.7099609375
2020-04-21,10288.419921875
2020-04-22,10307.740234375
2020-04-23,10366.509765625
2020-04-24,10347.3603515625
2020-04-27,10567.26953125
2020-04-28,10616.0595703125
2020-04-29,10772.2197265625
2020-04-30,10992.1396484375
2020-05-04,10720.48046875
2020-05-05,10774.6103515625
2020-05-06,10774.98046875
2020-05-07,10842.919921875
2020-05-08,10901.419921875
2020-05-11,11013.259765625
2020-05-12,10879.4697265625
2020-05-13,10938.26953125
2020-05-14,10780.8798828125
2020-05-15,10814.919921875
2020-05-18,10740.5498046875
2020-05-19,10860.4404296875
2020-05-20,10907.7998046875
2020-05-21,11008.3095703125
2020-05-22,10811.150390625
2020-05-25,10871.1796875
2020-05-26,10997.2099609375
2020-05-27,11014.66015625
2020-05-28,10944.1904296875
2020-05-29,10942.16015625
2020-06-01,11079.01953125
2020-06-02,11127.9296875
2020-06-03,11320.16015625
2020-06-04,11393.23046875
2020-06-05,11479.400390625
2020-06-08,11610.3203125
2020-06-09,11637.1103515625
2020-06-10,11720.16015625
2020-06-11,11535.76953125
2020-06-12,11429.9404296875
2020-06-15,11306.259765625
2020-06-16,11511.6396484375
2020-06-17,11534.58984375
2020-06-18,11548.330078125
2020-06-19,11549.8603515625
2020-06-22,11572.9296875
2020-06-23,11612.3603515625
2020-06-24,11660.669921875
2020-06-29,11542.6201171875
2020-06-30,11621.240234375
2020-07-01,11703.419921875
2020-07-02,11805.1396484375
2020-07-03,11909.16015625
2020-07-06,12116.7001953125
2020-07-07,12092.9697265625
2020-07-08,12170.1904296875
2020-07-09,12192.6904296875
2020-07-10,12073.6796875
2020-07-13,12211.5595703125
2020-07-14,12209.009765625
2020-07-15,12202.849609375
2020-07-16,12157.740234375
2020-07-17,12181.5595703125
2020-07-20,12174.5400390625
2020-07-21,12397.5498046875
2020-07-22,12473.26953125
2020-07-23,12413.0400390625
2020-07-24,12304.0400390625
2020-07-27,12588.2998046875
2020-07-28,12586.73046875
2020-07-29,12540.9697265625
2020-07-30,12722.919921875
2020-07-31,12664.7998046875
2020-08-03,12513.0302734375
2020-08-04,12709.919921875
2020-08-05,12802.2998046875
2020-08-06,12913.5
2020-08-07,12828.8701171875
2020-08-10,12894.0
2020-08-11,12780.1904296875
2020-08-12,12670.349609375
2020-08-13,12763.1298828125
2020-08-14,12795.4599609375
2020-08-17,12956.1103515625
2020-08-18,12872.1396484375
2020-08-19,12778.6396484375
2020-08-20,12362.6396484375
2020-08-21,12607.83984375
2020-08-24,12647.1298828125
2020-08-25,12758.25
2020-08-26,12833.2900390625
2020-08-27,12797.3095703125
2020-08-28,12728.849609375
2020-08-31,12591.4501953125
2020-09-01,12703.2802734375
2020-09-02,12699.5
2020-09-03,12757.9697265625
2020-09-04,12637.9501953125
2020-09-07,12601.400390625
2020-09-08,12663.5595703125
2020-09-09,12608.580078125
2020-09-10,12691.75
2020-09-11,12675.9501953125
2020-09-14,12787.8203125
2020-09-15,12845.650390625
2020-09-16,12976.759765625
2020-09-17,12872.740234375
2020-09-18,12875.6201171875
2020-09-21,12795.1201171875
2020-09-22,12645.509765625
2020-09-23,12583.8798828125
2020-09-24,12264.3798828125
2020-09-25,12232.91015625
2020-09-28,12462.759765625
2020-09-29,12467.73046875
2020-09-30,12515.6103515625
2020-10-05,12548.2802734375
2020-10-06,12704.23046875
2020-10-07,12746.3701171875
2020-10-08,12887.1904296875
2020-10-12,12955.91015625
2020-10-13,12947.1298828125
2020-10-14,12919.3095703125
2020-10-15,12827.8203125
2020-10-16,12750.3701171875
2020-10-19,12908.33984375
2020-10-20,12862.3701171875
2020-10-21,12877.25
2020-10-22,12917.0302734375
2020-10-23,12898.8203125
2020-10-26,12909.0302734375
2020-10-27,12875.009765625
2020-10-28,12793.75
2020-10-29,12662.91015625
2020-10-30,12546.33984375
2020-11-02,12591.3095703125
2020-11-03,12736.009765625
2020-11-04,12867.900390625
2020-11-05,12918.7998046875
2020-11-06,12973.5302734375
2020-11-09,13127.4697265625
2020-11-10,13081.7197265625
2020-11-11,13262.1904296875
2020-11-12,13221.7802734375
2020-11-13,13273.330078125
2020-11-16,13551.830078125
2020-11-17,13593.009765625
2020-11-18,13773.2900390625
2020-11-19,13722.4296875
2020-11-20,13716.4404296875
2020-11-23,13878.009765625
2020-11-24,13807.1298828125
2020-11-25,13738.830078125
2020-11-26,13845.66015625
2020-11-27,13867.08984375
2020-11-30,13722.8896484375
2020-12-01,13885.669921875
2020-12-02,13989.1396484375
2020-12-03,13977.08984375
2020-12-04,14132.4404296875
2020-12-07,14256.599609375
2020-12-08,14360.400390625
2020-12-09,14390.1396484375
2020-12-10,14249.490234375
2020-12-11,14261.6904296875
2020-12-14,14211.0498046875
2020-12-15,14068.51953125
2020-12-16,14304.4599609375
2020-12-17,14258.9296875
2020-12-18,14249.9599609375
2020-12-21,14384.9599609375
2020-12-22,14177.4599609375
2020-12-23,14223.08984375
2020-12-24,14280.2802734375
2020-12-25,14331.419921875
2020-12-28,14483.0703125
2020-12-29,14472.0498046875
2020-12-30,14687.7001953125
2020-12-31,14732.5302734375
2021-01-04,14902.0302734375
2021-01-05,15000.0302734375
2021-01-06,14983.1298828125
2021-01-07,15214.0
2021-01-08,15463.9501953125
2021-01-11,15557.2998046875
2021-01-12,15500.7001953125
2021-01-13,15769.98046875
2021-01-14,15707.1904296875
2021-01-15,15616.3896484375
2021-01-18,15612.0
2021-01-19,15877.3701171875
2021-01-20,15806.1796875
2021-01-21,16153.76953125
2021-01-22,16019.0302734375
2021-01-25,15946.5400390625
2021-01-26,15658.849609375
2021-01-27,15701.4501953125
2021-01-28,15415.8798828125
2021-01-29,15138.3095703125
2021-02-01,15410.08984375
2021-02-02,15760.0498046875
2021-02-03,15771.3203125
2021-02-04,15706.2197265625
2021-02-05,15802.400390625
2021-02-17,16362.2900390625
2021-02-18,16424.509765625
2021-02-19,16341.3798828125
2021-02-22,16410.16015625
2021-02-23,16443.400390625
2021-02-24,16212.5302734375
2021-02-25,16452.1796875
2021-02-26,15953.7998046875
2021-03-02,15946.8798828125
2021-03-03,16211.73046875
2021-03-04,15906.41015625
2021-03-05,15855.23046875
2021-03-08,15820.1103515625
2021-03-09,15853.08984375
2021-03-10,15911.669921875
2021-03-11,16179.5595703125
2021-03-12,16255.1796875
2021-03-15,16249.330078125
2021-03-16,16313.16015625
2021-03-17,16215.8203125
2021-03-18,16287.83984375
2021-03-19,16070.240234375
2021-03-22,16189.2197265625
2021-03-23,16177.58984375
2021-03-24,16032.1201171875
2021-03-25,16060.1396484375
2021-03-26,16305.8798828125
2021-03-29,16475.970703125
2021-03-30,16554.900390625
2021-03-31,16431.130859375
2021-04-01,16571.279296875
2021-04-07,16815.359375
2021-04-08,16926.439453125
2021-04-09,16854.099609375
2021-04-12,16859.69921875
2021-04-13,16824.91015625
2021-04-14,16865.970703125
2021-04-15,17076.73046875
2021-04-16,17158.810546875
2021-04-19,17263.279296875
2021-04-20,17323.869140625
2021-04-21,17202.109375
2021-04-22,17096.970703125
2021-04-23,17300.26953125
2021-04-26,17572.2890625
2021-04-27,17595.900390625
2021-04-28,17567.529296875
2021-04-29,17566.66015625
2021-05-03,17222.349609375
2021-05-04,16933.779296875
2021-05-05,16843.439453125
2021-05-06,16994.359375
2021-05-07,17285.0
2021-05-10,17235.609375
2021-05-11,16583.130859375
2021-05-12,15902.3701171875
2021-05-13,15670.099609375
2021-05-14,15827.08984375
2021-05-17,15353.8896484375
2021-05-18,16145.98046875
2021-05-19,16132.66015625
2021-05-20,16042.3603515625
2021-05-21,16302.0595703125
2021-05-24,16338.2900390625
2021-05-25,16595.669921875
2021-05-26,16643.689453125
2021-05-27,16601.609375
2021-05-28,16870.859375
2021-05-31,17068.4296875
2021-06-01,17162.380859375
2021-06-02,17165.0390625
2021-06-03,17246.16015625
2021-06-04,17147.41015625
2021-06-07,17083.91015625
2021-06-08,17076.2109375
2021-06-09,16966.220703125
2021-06-10,17159.220703125
2021-06-11,17213.51953125
2021-06-15,17371.2890625
2021-06-16,17307.859375
2021-06-17,17390.609375
2021-06-18,17318.5390625
2021-06-21,17062.98046875
2021-06-22,17075.55078125
2021-06-23,17336.7109375
2021-06-24,17407.9609375
2021-06-25,17502.990234375
2021-06-28,17590.970703125
2021-06-29,17598.189453125
2021-06-30,17755.4609375
2021-07-01,17713.939453125
2021-07-02,17710.150390625
2021-07-05,17919.330078125
2021-07-06,17913.0703125
2021-07-07,17850.689453125
2021-07-08,17866.08984375
2021-07-09,17661.48046875
2021-07-12,17814.330078125
2021-07-13,17847.51953125
2021-07-14,17845.75
2021-07-15,18034.189453125
2021-07-16,17895.25
2021-07-19,17789.25
2021-07-20,17528.740234375
2021-07-21,17458.7890625
2021-07-22,17572.330078125
2021-07-23,17572.919921875
2021-07-26,17403.560546875
2021-07-27,17269.869140625
2021-07-28,17135.220703125
2021-07-29,17402.810546875
2021-07-30,17247.41015625
2021-08-02,17503.279296875
2021-08-03,17553.759765625
2021-08-04,17623.890625
2021-08-05,17603.119140625
2021-08-06,17526.279296875
2021-08-09,17485.150390625
2021-08-10,17323.640625
2021-08-11,17227.1796875
2021-08-12,17219.939453125
2021-08-13,16982.109375
2021-08-16,16858.76953125
2021-08-17,16661.359375
2021-08-18,16826.26953125
2021-08-19,16375.400390625
2021-08-20,16341.9404296875
2021-08-23,16741.83984375
2021-08-24,16818.73046875
2021-08-25,17045.859375
2021-08-26,17066.9609375
2021-08-27,17209.9296875
2021-08-30,17396.51953125
2021-08-31,17490.2890625
2021-09-01,17473.990234375
2021-09-02,17319.759765625
2021-09-03,17516.919921875
2021-09-06,17495.30078125
2021-09-07,17428.869140625
2021-09-08,17270.490234375
2021-09-09,17304.330078125
2021-09-10,17474.5703125
2021-09-13,17446.310546875
2021-09-14,17434.900390625
2021-09-15,17354.0
2021-09-16,17278.69921875
2021-09-17,17276.7890625
2021-09-22,16925.8203125
2021-09-23,17078.220703125
2021-09-24,17260.189453125
2021-09-27,17313.76953125
2021-09-28,17181.439453125
2021-09-29,16855.4609375
2021-09-30,16934.76953125
2021-10-01,16570.890625
2021-10-04,16408.349609375
2021-10-05,16460.75
2021-10-06,16393.16015625
2021-10-07,16713.859375
2021-10-08,16640.4296875
2021-10-12,16462.83984375
2021-10-13,16347.990234375
2021-10-14,16387.279296875
2021-10-15,16781.189453125
2021-10-18,16705.4609375
2021-10-19,16900.669921875
2021-10-20,16887.8203125
2021-10-21,16889.509765625
2021-10-22,16888.740234375
2021-10-25,16894.240234375
2021-10-26,17034.33984375
2021-10-27,17074.55078125
2021-10-28,17041.630859375
2021-10-29,16987.41015625
2021-11-01,17068.240234375
2021-11-02,17065.970703125
2021-11-03,17122.16015625
2021-11-04,17078.859375
2021-11-05,17296.900390625
2021-11-08,17415.30078125
2021-11-09,17541.359375
2021-11-10,17559.650390625
2021-11-11,17452.51953125
2021-11-12,17518.130859375
2021-11-15,17634.470703125
2021-11-16,17693.130859375
2021-11-17,17764.0390625
2021-11-18,17841.369140625
2021-11-19,17818.310546875
2021-11-22,17803.5390625
2021-11-23,17666.119140625
2021-11-24,17642.51953125
2021-11-25,17654.189453125
2021-11-26,17369.390625
2021-11-29,17328.08984375
2021-11-30,17427.759765625
2021-12-01,17585.990234375
2021-12-02,17724.880859375
2021-12-03,17697.140625
2021-12-06,17688.2109375
2021-12-07,17796.919921875
2021-12-08,17832.419921875
2021-12-09,17914.119140625
2021-12-10,17826.259765625
2021-12-13,17767.599609375
2021-12-14,17599.369140625
2021-12-15,17660.099609375
2021-12-16,17785.740234375
2021-12-17,17812.58984375
2021-12-20,17669.109375
2021-12-21,17789.26953125
2021-12-22,17826.830078125
2021-12-23,17946.66015625
2021-12-24,17961.640625
2021-12-27,18048.939453125
2021-12-28,18196.810546875
2021-12-29,18248.279296875
2021-12-30,18218.83984375
2022-01-03,18270.509765625
2022-01-04,18526.349609375
2022-01-05,18499.9609375
2022-01-06,18367.919921875
2022-01-07,18169.759765625
2022-01-10,18239.380859375
2022-01-11,18288.2109375
2022-01-12,18375.400390625
2022-01-13,18436.9296875
2022-01-14,18403.330078125
2022-01-17,18525.439453125
2022-01-18,18378.640625
2022-01-19,18227.4609375
2022-01-20,18218.279296875
2022-01-21,17899.30078125
2022-01-24,17989.0390625
2022-01-25,17701.119140625
2022-01-26,17674.400390625
2022-02-07,17900.30078125
2022-02-08,17966.560546875
2022-02-09,18151.759765625
2022-02-10,18338.05078125
2022-02-11,18310.939453125
2022-02-14,17997.669921875
2022-02-15,17951.810546875
2022-02-16,18231.470703125
2022-02-17,18268.5703125
2022-02-18,18232.349609375
2022-02-21,18221.490234375
2022-02-22,17969.2890625
2022-02-23,18055.73046875
2022-02-24,17594.55078125
2022-02-25,17652.1796875
2022-03-01,17898.25
2022-03-02,17867.599609375
2022-03-03,17934.400390625
2022-03-04,17736.51953125
2022-03-07,17178.689453125
2022-03-08,16825.25
2022-03-09,17015.359375
2022-03-10,17433.19921875
2022-03-11,17264.740234375
2022-03-14,17263.0390625
2022-03-15,16926.060546875
2022-03-16,16940.830078125
2022-03-17,17448.220703125
2022-03-18,17456.51953125
2022-03-21,17560.359375
2022-03-22,17559.7109375
2022-03-23,17731.369140625
2022-03-24,17699.060546875
2022-03-25,17676.94921875
2022-03-28,17520.009765625
2022-03-29,17548.66015625
2022-03-30,17740.560546875
2022-03-31,17693.470703125
2022-04-01,17625.58984375
2022-04-06,17522.5
2022-04-07,17178.630859375
2022-04-08,17284.5390625
2022-04-11,17048.369140625
2022-04-12,16990.91015625
2022-04-13,17301.650390625
2022-04-14,17245.650390625
2022-04-15,17004.1796875
2022-04-18,16898.869140625
2022-04-19,16993.400390625
2022-04-20,17148.880859375
2022-04-21,17127.94921875
2022-04-22,17025.08984375
2022-04-25,16620.900390625
2022-04-26,16644.7890625
2022-04-27,16303.349609375
2022-04-28,16419.380859375
2022-04-29,16592.1796875
2022-05-03,16498.900390625
2022-05-04,16565.830078125
2022-05-05,16696.119140625
2022-05-06,16408.19921875
2022-05-09,16048.919921875
2022-05-10,16061.7001953125
2022-05-11,16006.25
2022-05-12,15616.6796875
2022-05-13,15832.5400390625
2022-05-16,15901.0400390625
2022-05-17,16056.08984375
2022-05-18,16296.8603515625
2022-05-19,16020.3203125
2022-05-20,16144.849609375
2022-05-23,16156.41015625
2022-05-24,15963.6298828125
2022-05-25,16104.0302734375
2022-05-26,15968.830078125
2022-05-27,16266.2197265625
2022-05-30,16610.619140625
2022-05-31,16807.76953125
2022-06-01,16675.08984375
2022-06-02,16552.5703125
2022-06-06,16605.9609375
2022-06-07,16512.880859375
2022-06-08,16670.509765625
2022-06-09,16621.33984375
2022-06-10,16460.119140625
2022-06-13,16070.98046875
2022-06-14,16047.3701171875
2022-06-15,15999.25
2022-06-16,15838.6103515625
2022-06-17,15641.259765625
2022-06-20,15367.580078125
2022-06-21,15728.6396484375
2022-06-22,15347.75
2022-06-23,15176.4404296875
2022-06-24,15303.3203125
2022-06-27,15548.009765625
2022-06-28,15439.919921875
2022-06-29,15240.1298828125
2022-06-30,14825.73046875
2022-07-01,14343.080078125
2022-07-04,14217.0595703125
2022-07-05,14349.2001953125
2022-07-06,13985.509765625
2022-07-07,14336.26953125
2022-07-08,14464.5302734375
2022-07-11,14340.5302734375
2022-07-12,13950.6201171875
2022-07-13,14324.6796875
2022-07-14,14438.51953125
2022-07-15,14550.6201171875
2022-07-18,14719.6396484375
2022-07-19,14694.080078125
2022-07-20,14733.2197265625
2022-07-21,14937.7001953125
2022-07-22,14949.3603515625
2022-07-25,14936.330078125
2022-07-26,14806.7802734375
2022-07-27,14921.58984375
2022-07-28,14891.900390625
2022-07-29,15000.0703125
2022-08-01,14981.6904296875
2022-08-02,14747.23046875
2022-08-03,14777.01953125
2022-08-04,14702.2001953125
2022-08-05,15036.0400390625
2022-08-08,15020.41015625
2022-08-09,15050.2802734375
2022-08-10,14939.01953125
2022-08-11,15197.849609375
2022-08-12,15288.9697265625
2022-08-15,15417.349609375
2022-08-16,15420.5703125
2022-08-17,15465.4501953125
2022-08-18,15396.759765625
2022-08-19,15408.7802734375
2022-08-22,15245.1396484375
2022-08-23,15095.8896484375
2022-08-24,15069.1904296875
2022-08-25,15200.0400390625
2022-08-26,15278.4404296875
2022-08-29,14926.1904296875
2022-08-30,14953.6298828125
2022-08-31,15095.4404296875
2022-09-01,14801.8603515625
2022-09-02,14673.0400390625
2022-09-05,14661.099609375
2022-09-06,14677.2001953125
2022-09-07,14410.0498046875
2022-09-08,14583.419921875
2022-09-12,14807.4296875
2022-09-13,14894.41015625
2022-09-14,14658.3095703125
2022-09-15,14670.0400390625
2022-09-16,14561.759765625
2022-09-19,14425.6796875
2022-09-20,14549.2998046875
2022-09-21,14424.51953125
2022-09-22,14284.6298828125
2022-09-23,14118.3798828125
2022-09-26,13778.1904296875
2022-09-27,13826.58984375
2022-09-28,13466.0703125
2022-09-29,13534.259765625
2022-09-30,13424.580078125
2022-10-03,13300.48046875
2022-10-04,13576.51953125
2022-10-05,13801.4296875
2022-10-06,13892.0498046875
2022-10-07,13702.2802734375
2022-10-11,13106.0302734375
2022-10-12,13081.240234375
2022-10-13,12810.73046875
2022-10-14,13128.1201171875
2022-10-17,12966.0498046875
2022-10-18,13124.6796875
2022-10-19,12976.759765625
2022-10-20,12946.099609375
2022-10-21,12819.2001953125
2022-10-24,12856.98046875
2022-10-25,12666.1201171875
2022-10-26,12729.0498046875
2022-10-27,12926.3701171875
2022-10-28,12788.419921875
2022-10-31,12949.75
2022-11-01,13037.2099609375
2022-11-02,13100.169921875
2022-11-03,12986.599609375
2022-11-04,13026.7099609375
2022-11-07,13223.73046875
2022-11-08,13347.759765625
2022-11-09,13638.8095703125
2022-11-10,13503.759765625
2022-11-11,14007.5595703125
2022-11-14,14174.900390625
2022-11-15,14546.3095703125
2022-11-16,14537.349609375
2022-11-17,14535.23046875
2022-11-18,14504.990234375
2022-11-21,14449.3896484375
2022-11-22,14542.2001953125
2022-11-23,14608.5400390625
2022-11-24,14784.0
2022-11-25,14778.509765625
2022-11-28,14556.8701171875
2022-11-29,14709.6396484375
2022-11-30,14879.5498046875
2022-12-01,15012.7998046875
2022-12-02,14970.6796875
2022-12-05,14980.740234375
2022-12-06,14728.8798828125
2022-12-07,14630.009765625
2022-12-08,14553.0400390625
2022-12-09,14705.4296875
2022-12-12,14612.58984375
2022-12-13,14522.9599609375
2022-12-14,14739.3603515625
2022-12-15,14734.1298828125
2022-12-16,14528.5498046875
2022-12-19,14433.3203125
2022-12-20,14170.0302734375
2022-12-21,14234.400390625
2022-12-22,14442.9404296875
2022-12-23,14271.6298828125
2022-12-26,14285.1298828125
2022-12-27,14328.4296875
2022-12-28,14173.099609375
2022-12-29,14085.01953125
2022-12-30,14137.6904296875
2023-01-03,14224.1201171875
2023-01-04,14199.1298828125
2023-01-05,14301.0498046875
2023-01-06,14373.33984375
2023-01-09,14752.2099609375
2023-01-10,14802.9599609375
2023-01-11,14751.4404296875
2023-01-12,14731.6396484375
2023-01-13,14824.1298828125
2023-01-16,14927.009765625
2023-01-17,14932.9296875
2023-01-30,15493.8203125
2023-01-31,15265.2001953125
2023-02-01,15420.1298828125
2023-02-02,15595.16015625
2023-02-03,15602.66015625
2023-02-06,15392.8203125
2023-02-07,15400.91015625
2023-02-08,15618.169921875
2023-02-09,15598.7099609375
2023-02-10,15586.650390625
2023-02-13,15544.2802734375
2023-02-14,15654.48046875
2023-02-15,15432.8896484375
2023-02-16,15550.5
2023-02-17,15479.7001953125
2023-02-20,15551.23046875
2023-02-21,15563.0
2023-02-22,15418.76953125
2023-02-23,15615.41015625
2023-02-24,15503.7900390625
2023-03-01,15598.490234375
2023-03-02,15598.7197265625
2023-03-03,15608.419921875
2023-03-06,15763.509765625
2023-03-07,15857.8896484375
2023-03-08,15818.2001953125
2023-03-09,15770.66015625
2023-03-10,15526.2001953125
2023-03-13,15560.490234375
2023-03-14,15360.419921875
2023-03-15,15387.58984375
2023-03-16,15221.1201171875
2023-03-17,15452.9599609375
2023-03-20,15419.9697265625
2023-03-21,15513.4501953125
2023-03-22,15760.4599609375
2023-03-23,15863.9501953125
2023-03-24,15914.7001953125
2023-03-27,15830.3095703125
2023-03-28,15701.48046875
2023-03-29,15769.759765625
2023-03-30,15849.4296875
2023-03-31,15868.0595703125
2023-04-06,15810.76953125
2023-04-07,15836.5
2023-04-10,15876.169921875
2023-04-11,15913.8798828125
2023-04-12,15932.9697265625
2023-04-13,15804.759765625
2023-04-14,15929.4296875
2023-04-17,15963.5498046875
2023-04-18,15869.4404296875
2023-04-19,15770.4697265625
2023-04-20,15707.51953125
2023-04-21,15602.990234375
2023-04-24,15626.8701171875
2023-04-25,15370.73046875
2023-04-26,15374.6298828125
2023-04-27,15411.490234375
2023-04-28,15579.1796875
2023-05-02,15636.48046875
2023-05-03,15553.41015625
2023-05-04,15609.0302734375
2023-05-05,15626.0703125
2023-05-08,15699.5703125
2023-05-09,15727.7001953125
2023-05-10,15641.759765625
2023-05-11,15514.6396484375
2023-05-12,15502.3603515625
2023-05-15,15475.0498046875
2023-05-16,15673.900390625
2023-05-17,15925.2900390625
2023-05-18,16101.8798828125
2023-05-19,16174.919921875
2023-05-22,16180.8896484375
2023-05-23,16188.0302734375
2023-05-24,16159.3203125
2023-05-25,16292.0
2023-05-26,16505.05078125
2023-05-29,16636.30078125
2023-05-30,16622.740234375
2023-05-31,16578.9609375
2023-06-01,16512.650390625
2023-06-02,16706.91015625
2023-06-05,16714.4296875
2023-06-06,16761.66015625
2023-06-07,16922.48046875
2023-06-08,16733.689453125
2023-06-09,16886.400390625
2023-06-12,16955.369140625
2023-06-13,17216.599609375
2023-06-14,17238.140625
2023-06-15,17334.98046875
2023-06-16,17288.91015625
2023-06-19,17274.560546875
2023-06-20,17184.91015625
2023-06-21,17202.400390625
2023-06-26,17059.240234375
2023-06-27,16887.900390625
2023-06-28,16935.630859375
2023-06-29,16942.30078125
2023-06-30,16915.5390625
2023-07-03,17084.19921875
2023-07-04,17140.76953125
2023-07-05,17056.4296875
2023-07-06,16762.169921875
2023-07-07,16664.2109375
2023-07-10,16652.80078125
2023-07-11,16898.91015625
2023-07-12,16962.029296875
2023-07-13,17061.400390625
2023-07-14,17283.7109375
2023-07-17,17334.2890625
2023-07-18,17227.91015625
2023-07-19,17116.439453125
2023-07-20,17164.890625
2023-07-21,17030.69921875
2023-07-24,17033.609375
2023-07-25,17198.890625
2023-07-26,17162.55078125
2023-07-27,17241.8203125
2023-07-28,17292.9296875
2023-07-31,17145.4296875
2023-08-01,17212.869140625
2023-08-02,16893.73046875
2023-08-04,16843.6796875
2023-08-07,16996.0
2023-08-08,16877.0703125
2023-08-09,16870.939453125
2023-08-10,16634.69921875
2023-08-11,16601.25
2023-08-14,16393.66015625
2023-08-15,16454.80078125
2023-08-16,16446.779296875
2023-08-17,16516.66015625
2023-08-18,16381.3095703125
2023-08-21,16381.490234375
2023-08-22,16437.609375
2023-08-23,16576.900390625
2023-08-24,16770.869140625
2023-08-25,16481.580078125
2023-08-28,16509.259765625
2023-08-29,16623.650390625
2023-08-30,16719.8203125
2023-08-31,16634.509765625
2023-09-01,16644.939453125
2023-09-04,16789.689453125
2023-09-05,16791.609375
2023-09-06,16738.16015625
2023-09-07,16619.140625
2023-09-08,16576.01953125
2023-09-11,16432.94921875
2023-09-12,16572.7109375
2023-09-13,16581.509765625
2023-09-14,16807.560546875
2023-09-15,16920.919921875
2023-09-18,16698.240234375
2023-09-19,16636.3203125
2023-09-20,16534.75
2023-09-21,16316.669921875
2023-09-22,16344.48046875
2023-09-25,16452.23046875
2023-09-26,16276.0703125
2023-09-27,16310.3603515625
2023-09-28,16353.740234375
2023-10-02,16557.310546875
2023-10-03,16454.33984375
2023-10-04,16273.3798828125
2023-10-05,16453.51953125
2023-10-06,16520.5703125
2023-10-11,16672.029296875
2023-10-12,16825.91015625
2023-10-13,16782.5703125
2023-10-16,16652.240234375
2023-10-17,16642.55078125
2023-10-18,16440.91015625
2023-10-19,16452.73046875
2023-10-20,16440.720703125
2023-10-23,16251.3603515625
2023-10-24,16309.759765625
2023-10-25,16358.8896484375
2023-10-26,16073.740234375
2023-10-27,16134.6103515625
2023-10-30,16149.6796875
2023-10-31,16001.26953125
2023-11-01,16038.5595703125
2023-11-02,16396.94921875
2023-11-03,16507.650390625
2023-11-06,16649.359375
2023-11-07,16684.94921875
2023-11-08,16740.830078125
2023-11-09,16745.650390625
2023-11-10,16682.669921875
2023-11-13,16839.2890625
2023-11-14,16915.7109375
2023-11-15,17128.779296875
2023-11-16,17171.1796875
2023-11-17,17208.94921875
2023-11-20,17210.470703125
2023-11-21,17416.69921875
2023-11-22,17310.259765625
2023-11-23,17294.55078125
2023-11-24,17287.419921875
2023-11-27,17137.419921875
2023-11-28,17341.25
2023-11-29,17370.560546875
2023-11-30,17433.849609375
2023-12-01,17438.349609375
2023-12-04,17421.48046875
2023-12-05,17328.009765625
2023-12-06,17360.720703125
2023-12-07,17278.740234375
2023-12-08,17383.990234375
2023-12-11,17418.33984375
2023-12-12,17450.630859375
2023-12-13,17468.9296875
2023-12-14,17653.109375
2023-12-15,17673.869140625
2023-12-18,17652.029296875
2023-12-19,17576.55078125
2023-12-20,17635.19921875
2023-12-21,17543.740234375
2023-12-22,17596.630859375
2023-12-25,17604.83984375
2023-12-26,17751.73046875
2023-12-27,17891.5
2023-12-28,17910.369140625
2023-12-29,17930.810546875
2024-01-02,17853.759765625
2024-01-03,17559.310546875
2024-01-04,17549.650390625
2024-01-05,17519.140625
2024-01-08,17572.66015625
2024-01-09,17535.490234375
2024-01-10,17465.630859375
2024-01-11,17545.3203125
2024-01-12,17512.830078125
2024-01-15,17546.8203125
2024-01-16,17346.869140625
2024-01-17,17161.7890625
2024-01-18,17227.7890625
2024-01-19,17681.51953125
2024-01-22,17815.099609375
2024-01-23,17874.58984375
2024-01-24,17875.830078125
2024-01-25,18002.619140625
2024-01-26,17995.029296875
2024-01-29,18119.630859375
2024-01-30,18034.630859375
2024-01-31,17889.560546875
2024-02-01,17968.109375
2024-02-02,18059.9296875
2024-02-05,18096.0703125
2024-02-15,18644.5703125
2024-02-16,18607.25
2024-02-19,18635.80078125
2024-02-20,18753.16015625
2024-02-21,18676.310546875
2024-02-22,18852.779296875
2024-02-23,18889.189453125
2024-02-26,18948.05078125
2024-02-27,18854.41015625
2024-02-29,18966.76953125
2024-03-01,18935.9296875
2024-03-04,19305.310546875
2024-03-05,19386.919921875
2024-03-06,19499.44921875
2024-03-07,19693.51953125
2024-03-08,19785.3203125
2024-03-11,19726.080078125
2024-03-12,19914.55078125
2024-03-13,19928.509765625
2024-03-14,19937.919921875
2024-03-15,19682.5
2024-03-18,19879.849609375
2024-03-19,19857.19921875
2024-03-20,19784.44921875
2024-03-21,20199.08984375
2024-03-22,20228.4296875
2024-03-25,20192.25
2024-03-26,20126.490234375
2024-03-27,20200.119140625
2024-03-28,20146.55078125
2024-03-29,20294.44921875
2024-04-01,20222.330078125
2024-04-02,20466.5703125
2024-04-03,20337.599609375
2024-04-08,20417.69921875
2024-04-09,20796.19921875
2024-04-10,20763.529296875
2024-04-11,20753.220703125
2024-04-12,20736.5703125
2024-04-15,20449.76953125
2024-04-16,19901.9609375
2024-04-17,20213.330078125
2024-04-18,20301.19921875
2024-04-19,19527.119140625
2024-04-22,19411.220703125
2024-04-23,19599.279296875
2024-04-24,20131.740234375
2024-04-25,19857.419921875
2024-04-26,20120.509765625
2024-04-29,20495.51953125
2024-04-30,20396.599609375
2024-05-02,20222.439453125
2024-05-03,20330.3203125
2024-05-06,20523.310546875
2024-05-07,20653.529296875
2024-05-08,20700.509765625
2024-05-09,20560.76953125
2024-05-10,20708.83984375
2024-05-13,20857.7109375
2024-05-14,20985.849609375
2024-05-15,21147.2109375
2024-05-16,21304.259765625
2024-05-17,21258.470703125
2024-05-20,21271.630859375
2024-05-21,21236.75
2024-05-22,21551.830078125
2024-05-23,21607.4296875
2024-05-24,21565.33984375
2024-05-27,21803.76953125
2024-05-28,21858.41015625
2024-05-29,21662.5
2024-05-30,21364.48046875
2024-05-31,21174.220703125
2024-06-03,21536.759765625
2024-06-04,21356.619140625
2024-06-05,21484.880859375
2024-06-06,21902.69921875
2024-06-07,21858.380859375
2024-06-11,21792.119140625
2024-06-12,22048.9609375
2024-06-13,22312.0390625
2024-06-14,22504.720703125
2024-06-17,22496.529296875
2024-06-18,22757.4296875
2024-06-19,23209.5390625
2024-06-20,23406.099609375
2024-06-21,23253.390625
2024-06-24,22813.69921875
2024-06-25,22875.970703125
2024-06-26,22986.689453125
2024-06-27,22905.98046875
2024-06-28,23032.25
2024-07-01,23058.5703125
2024-07-02,22879.369140625
2024-07-03,23172.4296875
2024-07-04,23522.529296875
2024-07-05,23556.58984375
2024-07-08,23878.150390625
2024-07-09,23900.080078125
2024-07-10,24007.080078125
2024-07-11,24390.029296875
2024-07-12,23916.9296875
2024-07-15,23879.359375
2024-07-16,23997.25
2024-07-17,23769.8203125
2024-07-18,23398.470703125
2024-07-19,22869.259765625
2024-07-22,22256.990234375
2024-07-23,22871.83984375
2024-07-26,22119.2109375
2024-07-29,22164.490234375
2024-07-30,22223.5703125
2024-07-31,22199.349609375
2024-08-01,22642.099609375
2024-08-02,21638.08984375
2024-08-05,19830.880859375
2024-08-06,20501.01953125
2024-08-07,21295.279296875
2024-08-08,20870.099609375
2024-08-09,21469.0
2024-08-12,21773.259765625
2024-08-13,21796.5703125
2024-08-14,22027.25
2024-08-15,21895.169921875
2024-08-16,22349.330078125
2024-08-19,22409.630859375
2024-08-20,22429.099609375
2024-08-21,22237.890625
2024-08-22,22148.830078125
2024-08-23,22158.05078125
2024-08-26,22240.119140625
2024-08-27,22185.0
2024-08-28,22370.66015625
2024-08-29,22201.849609375
2024-08-30,22268.08984375
2024-09-02,22235.099609375
2024-09-03,22092.2109375
2024-09-04,21092.75
2024-09-05,21187.7109375
2024-09-06,21435.189453125
2024-09-09,21144.439453125
2024-09-10,21064.080078125
2024-09-11,21031.0
2024-09-12,21653.25
2024-09-13,21759.650390625
2024-09-16,21850.080078125
2024-09-18,21678.83984375
2024-09-19,22042.689453125
2024-09-20,22159.419921875
2024-09-23,22285.529296875
2024-09-24,22431.779296875
2024-09-25,22761.599609375
2024-09-26,22858.810546875
2024-09-27,22822.7890625
2024-09-30,22224.5390625
2024-10-01,22390.390625
2024-10-04,22302.7109375
2024-10-07,22702.560546875
2024-10-08,22611.390625
2024-10-09,22659.080078125
2024-10-11,22901.640625
2024-10-14,22975.2890625
2024-10-15,23292.0390625
2024-10-16,23010.98046875
2024-10-17,23053.83984375
2024-10-18,23487.26953125
2024-10-21,23542.529296875
2024-10-22,23535.4296875
2024-10-23,23334.759765625
2024-10-24,23192.51953125
2024-10-25,23348.44921875
2024-10-28,23198.0703125
2024-10-29,22926.58984375
2024-10-30,22820.4296875
2024-11-01,22780.080078125
2024-11-04,22965.390625
2024-11-05,23106.7890625
2024-11-06,23217.380859375
2024-11-07,23408.8203125
2024-11-08,23553.890625
2024-11-11,23529.640625
2024-11-12,22981.76953125
2024-11-13,22860.23046875
2024-11-14,22715.380859375
2024-11-15,22742.76953125
2024-11-18,22546.5390625
2024-11-19,22848.80078125
2024-11-20,22688.359375
2024-11-21,22555.66015625
2024-11-22,22904.3203125
2024-11-25,22948.369140625
2024-11-26,22678.759765625
2024-11-27,22334.779296875
2024-11-28,22298.900390625
2024-11-29,22262.5
2024-12-02,22736.9296875
2024-12-03,23027.4609375
2024-12-04,23255.330078125
2024-12-05,23267.939453125
2024-12-06,23193.26953125
2024-12-09,23273.25
2024-12-10,23125.080078125
2024-12-11,22903.630859375
2024-12-12,23046.80078125
2024-12-13,23020.48046875
2024-12-16,23039.900390625
2024-12-17,23018.009765625
2024-12-18,23168.669921875
2024-12-19,22932.25
2024-12-20,22510.25
2024-12-23,23104.5390625
2024-12-24,23120.240234375
2024-12-25,23220.130859375
2024-12-26,23246.939453125
2024-12-27,23275.6796875
2024-12-30,23190.19921875
2024-12-31,23035.099609375
2025-01-02,22832.060546875
2025-01-03,22908.30078125
2025-01-06,23547.7109375
2025-01-07,23651.26953125
2025-01-08,23407.330078125
2025-01-09,23081.130859375
2025-01-10,23011.859375
2025-01-13,22488.330078125
2025-01-14,22797.51953125
2025-01-15,22514.5703125
2025-01-16,23025.099609375
2025-01-17,23148.080078125
2025-01-20,23266.8203125
2025-01-21,23300.009765625
2025-01-22,23525.41015625
2025-02-03,22694.7109375
2025-02-04,22793.9609375
2025-02-05,23161.580078125
2025-02-06,23316.599609375
2025-02-07,23478.26953125
2025-02-10,23252.140625
2025-02-11,23384.05078125
2025-02-12,23289.75
2025-02-13,23399.41015625
2025-02-14,23152.609375
2025-02-17,23505.330078125
2025-02-18,23666.109375
2025-02-19,23604.080078125
2025-02-20,23487.4609375
2025-02-21,23730.25
2025-02-24,23565.310546875
2025-02-25,23285.720703125
2025-02-26,23402.55078125
2025-02-27,23053.1796875
2025-03-03,22756.25
2025-03-04,22596.880859375
2025-03-05,22871.900390625
2025-03-06,22715.4296875
2025-03-07,22576.0703125
2025-03-10,22459.150390625
2025-03-11,22071.08984375
2025-03-12,22278.359375
2025-03-13,21961.6796875
2025-03-14,21968.05078125
2025-03-17,22118.630859375
2025-03-18,22271.669921875
2025-03-19,21960.830078125
2025-03-20,22377.259765625
2025-03-21,22209.099609375
2025-03-24,22106.640625
2025-03-25,22273.189453125
2025-03-26,22260.2890625
2025-03-27,21951.759765625
2025-03-28,21602.890625
2025-03-31,20695.900390625
2025-04-01,21280.169921875
2025-04-02,21298.220703125
2025-04-07,19232.349609375
2025-04-08,18459.94921875
2025-04-09,17391.759765625
2025-04-10,19000.029296875
2025-04-11,19528.76953125
2025-04-14,19513.08984375
2025-04-15,19857.669921875
2025-04-16,19468.0
2025-04-17,19338.73046875
2025-04-18,19395.029296875
2025-04-21,19106.19921875
2025-04-22,18793.4296875
2025-04-23,19639.140625
2025-04-24,19478.810546875
2025-04-25,19872.73046875
2025-04-28,20034.41015625
2025-04-29,20232.630859375
2025-04-30,20235.029296875
2025-05-02,20787.640625
2025-05-05,20532.990234375
2025-05-06,20522.58984375
2025-05-07,20546.490234375
2025-05-08,20543.400390625
2025-05-09,20915.0390625
2025-05-12,21129.5390625
2025-05-13,21330.140625
2025-05-14,21782.869140625
2025-05-15,21730.25
2025-05-16,21843.689453125
2025-05-19,21523.830078125
2025-05-20,21526.029296875
2025-05-21,21803.91015625
2025-05-22,21670.9609375
2025-05-23,21652.240234375
2025-05-26,21536.5703125
2025-05-27,21336.5390625
2025-05-28,21357.720703125
2025-05-29,21347.30078125
2025-06-02,21002.7109375
2025-06-03,21126.9296875
2025-06-04,21618.08984375
2025-06-05,21674.4296875
2025-06-06,21660.66015625
2025-06-09,21790.2890625
2025-06-10,22242.140625
2025-06-11,22470.099609375
2025-06-12,22287.8203125
2025-06-13,22072.94921875
2025-06-16,22049.900390625
2025-06-17,22211.58984375
2025-06-18,22356.73046875
2025-06-19,22003.5
2025-06-20,22045.740234375
2025-06-23,21732.01953125
2025-06-24,22188.759765625
2025-06-25,22430.609375
2025-06-26,22492.33984375
2025-06-27,22580.080078125
2025-06-30,22256.01953125
2025-07-01,22553.720703125
2025-07-02,22577.740234375
2025-07-03,22712.970703125
2025-07-04,22547.5
2025-07-07,22428.720703125
2025-07-08,22362.26953125
2025-07-09,22527.009765625
2025-07-10,22693.25
2025-07-11,22751.029296875
2025-07-14,22614.970703125
2025-07-15,22835.939453125
2025-07-16,23042.900390625
2025-07-17,23113.279296875
2025-07-18,23383.130859375
2025-07-21,23340.560546875
2025-07-22,22987.919921875
2025-07-23,23318.669921875
2025-07-24,23373.73046875
2025-07-25,23364.380859375
2025-07-28,23412.98046875
2025-07-29,23201.51953125
2025-07-30,23461.720703125
2025-07-31,23542.51953125
2025-08-01,23434.380859375
2025-08-04,23378.939453125
2025-08-05,23660.58984375
2025-08-06,23447.359375
2025-08-07,24003.76953125
2025-08-08,24021.259765625
2025-08-11,24135.5
2025-08-12,24158.359375
2025-08-13,24370.01953125
2025-08-14,24238.099609375
2025-08-15,24334.48046875
2025-08-18,24482.51953125
2025-08-19,24353.5
2025-08-20,23625.439453125
2025-08-21,23962.130859375
2025-08-22,23764.470703125
2025-08-25,24277.380859375
2025-08-26,24305.099609375
2025-08-27,24519.900390625
2025-08-28,24236.44921875
2025-08-29,24233.099609375
2025-09-01,24071.73046875
2025-09-02,24016.779296875
2025-09-03,24100.30078125
2025-09-04,24179.849609375
2025-09-05,24494.580078125
2025-09-08,24547.380859375
2025-09-09,24855.1796875
2025-09-10,25192.58984375
2025-09-11,25215.7109375
2025-09-12,25474.640625
2025-09-15,25357.16015625
2025-09-16,25629.640625
2025-09-17,25438.25
2025-09-18,25769.359375
2025-09-19,25578.369140625
2025-09-22,25880.599609375
2025-09-23,26247.369140625
2025-09-24,26196.73046875
2025-09-25,26023.849609375
2025-09-26,25580.3203125
2025-09-30,25820.5390625
2025-10-01,25982.91015625
2025-10-02,26378.390625
2025-10-03,26761.060546875
2025-10-07,27211.94921875
2025-10-08,27063.6796875
2025-10-09,27301.919921875
2025-10-13,26923.419921875
2025-10-14,26793.150390625
2025-10-15,27275.7109375
2025-10-16,27647.869140625
2025-10-17,27302.369140625
2025-10-20,27688.630859375
2025-10-21,27752.41015625
2025-10-22,27648.91015625
2025-10-23,27532.259765625
2025-10-27,27993.630859375
2025-10-28,27949.109375
2025-10-29,28294.740234375
2025-10-30,28287.529296875
2025-10-31,28233.349609375
2025-11-03,28334.58984375
2025-11-04,28116.560546875
2025-11-05,27717.060546875
2025-11-06,27899.44921875
2025-11-07,27651.41015625
2025-11-10,27869.509765625
2025-11-11,27784.94921875
2025-11-12,27947.08984375
2025-11-13,27903.560546875
2025-11-14,27397.5
2025-11-17,27447.310546875
2025-11-18,26756.119140625
2025-11-19,26580.119140625
2025-11-20,27426.359375
2025-11-21,26434.939453125
2025-11-24,26504.240234375
2025-11-25,26912.169921875
2025-11-26,27409.5390625
2025-11-27,27554.529296875
2025-11-28,27626.48046875
2025-12-01,27342.529296875
2025-12-02,27564.26953125
2025-12-03,27793.0390625
2025-12-04,27795.7109375
2025-12-05,27980.890625
2025-12-08,28303.779296875
2025-12-09,28182.599609375
2025-12-10,28400.73046875
2025-12-11,28024.75
2025-12-12,28198.01953125
2025-12-15,27866.939453125
2025-12-16,27536.66015625
2025-12-17,27525.169921875
2025-12-18,27468.529296875
2025-12-19,27696.349609375
2025-12-22,28149.640625
2025-12-23,28310.470703125
2025-12-24,28371.98046875
2025-12-26,28556.01953125
2025-12-29,28810.890625
2025-12-30,28707.130859375
2025-12-31,28963.599609375
2026-01-02,29349.810546875
2026-01-05,30105.0390625
2026-01-06,30576.30078125
2026-01-07,30435.470703125
2026-01-08,30360.55078125
2026-01-09,30288.9609375
2026-01-12,30567.2890625
2026-01-13,30707.220703125
2026-01-14,30941.779296875
2026-01-15,30810.580078125
2026-01-16,31408.69921875
2026-01-19,31639.2890625
2026-01-20,31759.990234375
2026-01-21,31246.369140625
2026-01-22,31746.080078125
2026-01-23,31961.509765625
2026-01-26,32064.51953125
2026-01-27,32317.919921875
2026-01-28,32803.8203125
2026-01-29,32536.26953125
2026-01-30,32063.75
2026-02-02,31624.029296875
2026-02-03,32195.359375
2026-02-04,32289.810546875
2026-02-05,31801.26953125
2026-02-06,31782.919921875
2026-02-09,32404.619140625
2026-02-10,33072.96875
2026-02-11,33605.7109375
2026-02-23,33773.26171875
2026-02-24,34700.8203125
2026-02-25,35413.0703125
2026-02-26,35414.48828125
2026-03-02,35095.08984375
2026-03-03,34323.6484375
2026-03-04,32828.87890625
2026-03-05,33672.94140625
2026-03-06,33599.5390625
2026-03-09,32110.419921875
2026-03-10,32771.87109375
2026-03-11,34114.19140625
2026-03-12,33581.859375
2026-03-13,33400.3203125
2026-03-16,33342.51171875
2026-03-17,33836.5703125
2026-03-18,34348.578125
2026-03-19,33689.6796875
2026-03-20,33543.87890625
2026-03-23,32722.5
2026-03-24,32612.240234375
2026-03-25,33439.109375
2026-03-26,33337.62109375
2026-03-27,33112.58984375
2026-03-30,32518.16015625
2026-03-31,31722.990234375
2026-04-01,33174.8203125
2026-04-02,32572.4296875
2026-04-07,33229.8203125
2026-04-08,34761.37890625
2026-04-09,34861.16015625
2026-04-10,35417.828125
2026-04-13,35457.2890625
2026-04-14,36296.12109375
2026-04-15,36722.140625
2026-04-16,37132.01953125
2026-04-17,36804.33984375
2026-04-20,36958.80078125
2026-04-21,37605.109375
2026-04-22,37878.46875
2026-04-23,37714.1484375
2026-04-24,38932.3984375
2026-04-27,39616.62890625
2026-04-28,39521.73046875
2026-04-29,39303.5
2026-04-30,38926.62890625
2026-05-04,40705.140625
2026-05-05,40769.2890625
2026-05-06,41138.8515625
2026-05-07,41933.78125
2026-05-08,41603.94140625
2026-05-11,41790.05859375
2026-05-12,41898.3203125
2026-05-13,41374.5
2026-05-14,41751.75
2026-05-15,41172.359375
2026-05-18,40891.8203125
2026-05-19,40175.55859375
2026-05-20,40020.8203125
2026-05-21,41368.2109375
2026-05-22,42267.96875
2026-05-25,43644.3984375
2026-05-26,43525.37109375
2026-05-27,44256.80078125
2026-05-28,43636.44140625
2026-05-29,44732.94140625
2026-06-01,45337.91015625
2026-06-02,45557.30859375
2026-06-03,46459.16015625
2026-06-04,45677.4609375
2026-06-05,45070.94140625
2026-06-08,43502.78125
2026-06-09,44704.44140625
2026-06-10,43225.5390625
2026-06-11,43149.4609375
2026-06-12,44169.0390625
2026-06-15,45396.98828125
2026-06-16,45809.19140625
2026-06-17,45877.390625
2026-06-18,46465.19921875
